{"stats":{"minecraft:custom":{"minecraft:mob_kills":29,"minecraft:interact_with_crafting_table":51,"minecraft:open_barrel":1,"minecraft:leave_game":1,"minecraft:time_since_death":178480,"minecraft:climb_one_cm":1313,"minecraft:sprint_one_cm":491610,"minecraft:walk_one_cm":439724,"minecraft:drop":10,"minecraft:play_time":178480,"minecraft:sneak_time":2762,"minecraft:walk_under_water_one_cm":11890,"minecraft:boat_one_cm":66227,"minecraft:jump":2291,"minecraft:interact_with_brewingstand":1,"minecraft:walk_on_water_one_cm":17795,"minecraft:total_world_time":178480,"minecraft:interact_with_furnace":102,"minecraft:interact_with_grindstone":1,"minecraft:interact_with_stonecutter":10,"minecraft:sleep_in_bed":3,"minecraft:time_since_rest":115159,"minecraft:damage_taken":329,"minecraft:damage_dealt":2541,"minecraft:swim_one_cm":9659,"minecraft:fly_one_cm":555423,"minecraft:open_chest":159,"minecraft:crouch_one_cm":12610,"minecraft:fall_one_cm":56735},"minecraft:picked_up":{"minecraft:crafting_table":5,"minecraft:chicken":6,"packedup:basicbackpack":1,"minecraft:stone_brick_wall":1,"minecraft:oak_sign":7,"minecraft:bucket":1,"minecraft:beef":23,"minecraft:oak_boat":3,"minecraft:rose_bush":21,"simplefarming:blackberry_bush":1,"simplefarming:barley_seeds":1,"minecraft:chest":10,"minecraft:birch_sapling":2,"minecraft:egg":4,"minecraft:furnace":2,"rechiseled:mossy_cobblestone_dented":1,"minecraft:stick":198,"simplefarming:cantaloupe_seeds":1,"minecraft:spruce_stairs":1,"minecraft:porkchop":28,"minecraft:diorite":40,"simplefarming:eggplant_seeds":1,"minecraft:light_gray_bed":1,"simplefarming:pepper_seeds":1,"minecraft:red_tulip":1,"minecraft:mutton":1,"minecraft:cobblestone":34,"minecraft:stripped_oak_log":1,"minecraft:birch_log":6,"rechiseled:andesite_bricks":1,"minecraft:feather":4,"minecraft:lilac":13,"minecraft:andesite":54,"minecraft:leather":10,"minecraft:oak_log":761,"minecraft:map":1,"minecraft:dirt":165,"minecraft:paper":3,"minecraft:apple":22,"minecraft:stone_bricks":1,"minecraft:wheat_seeds":17,"simplefarming:honeydew_seeds":1,"minecraft:mossy_stone_bricks":2,"rechiseled:chisel":3,"minecraft:oak_planks":1,"minecraft:spyglass":1,"minecraft:gravel":1,"minecraft:spruce_sapling":74,"minecraft:ink_sac":2,"minecraft:white_bed":3,"minecraft:spruce_log":378,"minecraft:barrel":2,"minecraft:mossy_cobblestone":1,"minecraft:firework_rocket":4,"minecraft:stone_axe":2,"rechiseled:cobblestone_rotated_bricks":1,"minecraft:granite":9,"rechiseled:cobblestone_rotated_bricks_connecting":20,"minecraft:rooted_dirt":1,"minecraft:oak_sapling":319,"minecraft:hopper":4,"rechiseled:diorite_brick_pattern":1},"minecraft:used":{"rechiseled:andesite_bricks":1,"minecraft:spruce_slab":3,"minecraft:stone_shovel":185,"minecraft:oak_sign":5,"minecraft:chest":10,"minecraft:dirt":134,"minecraft:spyglass":7,"minecraft:hopper":4,"minecraft:spruce_stairs":17,"minecraft:cobblestone_wall":19,"rechiseled:cobblestone_rotated_bricks":1,"rechiseled:mossy_cobblestone_dented":1,"minecraft:red_tulip":1,"minecraft:oak_stairs":1,"minecraft:barrel":4,"minecraft:stone_bricks":50,"minecraft:furnace":1,"minecraft:oak_sapling":94,"minecraft:cooked_beef":1,"minecraft:mossy_stone_brick_wall":3,"minecraft:light_gray_bed":1,"minecraft:mossy_stone_bricks":22,"minecraft:water_bucket":9,"minecraft:stone_pickaxe":63,"minecraft:oak_planks":20,"minecraft:wooden_pickaxe":33,"minecraft:stonecutter":1,"minecraft:mossy_cobblestone":26,"minecraft:crafting_table":5,"rechiseled:cobblestone_rotated_bricks_connecting":8,"minecraft:white_bed":2,"minecraft:stone_brick_wall":14,"minecraft:spruce_log":3,"rechiseled:diorite_brick_pattern":1,"minecraft:oak_log":26,"minecraft:apple":4,"minecraft:deepslate":5,"minecraft:spruce_sapling":72,"minecraft:stone_axe":1346,"minecraft:chiseled_stone_bricks":11,"minecraft:cobblestone":21,"minecraft:cooked_porkchop":14,"minecraft:bucket":9,"minecraft:mossy_cobblestone_wall":10,"minecraft:oak_boat":4},"minecraft:broken":{"minecraft:stone_axe":9,"minecraft:stone_shovel":1},"minecraft:crafted":{"minecraft:oak_planks":188,"minecraft:oak_sign":3,"minecraft:stone_shovel":2,"minecraft:barrel":16,"minecraft:furnace":1,"minecraft:stone":109,"minecraft:spruce_stairs":120,"minecraft:spruce_slab":54,"minecraft:stone_pickaxe":1,"minecraft:cooked_beef":1,"minecraft:oak_slab":36,"minecraft:cooked_porkchop":28,"minecraft:crafting_table":2,"minecraft:spruce_planks":512,"minecraft:wooden_pickaxe":1,"minecraft:stone_axe":10,"minecraft:air":0,"minecraft:oak_boat":2,"minecraft:spruce_trapdoor":98,"minecraft:charcoal":41,"minecraft:stick":8,"minecraft:iron_ingot":2,"minecraft:oak_stairs":4,"minecraft:stonecutter":1},"minecraft:killed":{"minecraft:chicken":6,"minecraft:pig":12,"minecraft:sheep":1,"minecraft:cow":10},"minecraft:mined":{"rechiseled:mossy_cobblestone_dented":1,"minecraft:white_bed":3,"minecraft:oak_sapling":5,"minecraft:mossy_cobblestone":1,"rechiseled:cobblestone_rotated_bricks_connecting":8,"minecraft:allium":1,"minecraft:grass_block":133,"minecraft:light_gray_bed":1,"minecraft:spruce_leaves":11,"minecraft:hopper":4,"minecraft:oak_wall_sign":6,"minecraft:large_fern":1,"minecraft:furnace":2,"minecraft:spruce_sapling":12,"minecraft:barrel":2,"minecraft:oak_sign":1,"minecraft:dirt_path":2,"minecraft:stripped_oak_log":1,"minecraft:stone":60,"rechiseled:diorite_brick_pattern":1,"minecraft:crafting_table":5,"minecraft:chest":10,"minecraft:rose_bush":21,"minecraft:cobblestone":1,"minecraft:tall_grass":5,"minecraft:oak_planks":1,"minecraft:spruce_stairs":1,"rechiseled:cobblestone_rotated_bricks":1,"rechiseled:andesite_bricks":1,"minecraft:birch_log":6,"minecraft:lilac":13,"minecraft:spruce_log":382,"minecraft:grass":65,"minecraft:oak_log":771,"minecraft:dirt":31,"minecraft:stone_bricks":1,"minecraft:mossy_stone_bricks":2,"minecraft:oak_leaves":14},"minecraft:dropped":{"rechiseled:cobblestone_rotated_bricks":1,"minecraft:wheat_seeds":1,"minecraft:stick":1,"minecraft:cooked_salmon":7,"minecraft:bucket":1,"minecraft:furnace":2,"minecraft:stone_axe":2,"minecraft:stone_brick_wall":1,"rechiseled:chisel":1}},"DataVersion":3337}