{"stats":{"minecraft:custom":{"minecraft:mob_kills":29,"minecraft:interact_with_crafting_table":58,"minecraft:open_barrel":1,"minecraft:leave_game":5,"minecraft:time_since_death":256402,"minecraft:climb_one_cm":1313,"minecraft:sprint_one_cm":729983,"minecraft:walk_one_cm":652366,"minecraft:fridge_opened":2,"minecraft:drop":16,"minecraft:chair_used":1,"minecraft:play_time":256402,"minecraft:plate_used":2,"minecraft:sneak_time":6097,"minecraft:walk_under_water_one_cm":14198,"minecraft:boat_one_cm":66227,"minecraft:jump":3124,"minecraft:interact_with_brewingstand":1,"minecraft:drawer_searched":7,"minecraft:walk_on_water_one_cm":22473,"minecraft:total_world_time":256402,"minecraft:interact_with_furnace":108,"minecraft:stove_opened":2,"minecraft:interact_with_grindstone":1,"minecraft:interact_with_stonecutter":10,"minecraft:sleep_in_bed":4,"minecraft:cabinet_searched":2,"minecraft:time_since_rest":35052,"minecraft:damage_taken":535,"minecraft:damage_dealt":2815,"minecraft:swim_one_cm":20609,"minecraft:fly_one_cm":768546,"minecraft:open_chest":180,"minecraft:crouch_one_cm":25179,"minecraft:fall_one_cm":68565},"minecraft:used":{"rechiseled:andesite_bricks":1,"minecraft:polished_deepslate":32,"minecraft:spruce_slab":3,"minecraft:stone_shovel":485,"minecraft:oak_sign":6,"minecraft:chest":10,"minecraft:spruce_planks":109,"minecraft:dirt":459,"minecraft:spyglass":7,"minecraft:hopper":4,"minecraft:spruce_stairs":29,"minecraft:cobblestone_wall":19,"rechiseled:cobblestone_rotated_bricks":1,"rechiseled:mossy_cobblestone_dented":1,"minecraft:mangrove_log":1,"minecraft:red_tulip":1,"minecraft:oak_stairs":1,"minecraft:polished_deepslate_wall":12,"minecraft:barrel":12,"minecraft:stone_bricks":54,"minecraft:mangrove_roots":3,"minecraft:oak_sapling":94,"minecraft:furnace":1,"minecraft:cooked_beef":3,"minecraft:mossy_stone_brick_wall":3,"minecraft:light_gray_bed":1,"minecraft:water_bucket":9,"minecraft:mossy_stone_bricks":22,"minecraft:spruce_door":3,"minecraft:stone_pickaxe":78,"minecraft:oak_planks":30,"minecraft:wooden_pickaxe":33,"minecraft:spruce_sign":8,"minecraft:stonecutter":1,"minecraft:mossy_cobblestone":26,"minecraft:crafting_table":6,"rechiseled:cobblestone_rotated_bricks_connecting":8,"minecraft:white_bed":2,"minecraft:stone_brick_wall":14,"minecraft:spruce_log":3,"minecraft:dark_oak_door":2,"rechiseled:diorite_brick_pattern":1,"minecraft:oak_log":54,"minecraft:apple":4,"minecraft:spruce_trapdoor":28,"minecraft:deepslate":9,"minecraft:spruce_sapling":80,"minecraft:stone_axe":1719,"minecraft:chiseled_stone_bricks":11,"minecraft:cobblestone":32,"minecraft:white_banner":2,"minecraft:cooked_porkchop":19,"minecraft:bucket":9,"minecraft:mossy_cobblestone_wall":10,"minecraft:oak_boat":4,"minecraft:air":2},"minecraft:picked_up":{"minecraft:mud":6,"minecraft:crafting_table":5,"minecraft:chicken":6,"packedup:basicbackpack":1,"simplefarming:turnip_seeds":2,"minecraft:stone_brick_wall":1,"minecraft:polished_deepslate":1,"minecraft:moss_carpet":42,"minecraft:oak_sign":8,"minecraft:cobbled_deepslate":2,"minecraft:bucket":1,"minecraft:beef":23,"minecraft:oak_boat":3,"minecraft:rose_bush":21,"simplefarming:blackberry_bush":1,"minecraft:birch_sapling":2,"minecraft:chest":11,"simplefarming:barley_seeds":1,"minecraft:mangrove_log":390,"minecraft:egg":4,"minecraft:furnace":2,"minecraft:dark_oak_door":2,"rechiseled:mossy_cobblestone_dented":1,"minecraft:stick":264,"simplefarming:cantaloupe_seeds":1,"minecraft:spruce_stairs":1,"minecraft:porkchop":28,"minecraft:diorite":40,"simplefarming:eggplant_seeds":4,"minecraft:light_gray_bed":1,"simplefarming:pepper_seeds":1,"minecraft:red_tulip":1,"minecraft:mangrove_roots":124,"minecraft:mutton":1,"minecraft:cobblestone":43,"minecraft:stripped_oak_log":1,"minecraft:birch_log":6,"rechiseled:andesite_bricks":1,"minecraft:feather":4,"minecraft:lilac":13,"minecraft:andesite":54,"minecraft:leather":10,"minecraft:oak_log":762,"minecraft:lily_pad":2,"simplefarming:broccoli_seeds":1,"minecraft:map":1,"minecraft:dirt":490,"minecraft:paper":3,"minecraft:white_banner":2,"minecraft:apple":22,"minecraft:stone_bricks":2,"minecraft:wheat_seeds":20,"simplefarming:lettuce_seeds":1,"simplefarming:honeydew_seeds":1,"minecraft:stone_pickaxe":1,"rechiseled:chisel":3,"minecraft:mossy_stone_bricks":2,"minecraft:oak_planks":1,"minecraft:spyglass":1,"minecraft:gravel":1,"minecraft:spruce_sapling":125,"minecraft:ink_sac":2,"minecraft:white_bed":3,"minecraft:spruce_log":629,"minecraft:barrel":2,"minecraft:spruce_door":2,"minecraft:mossy_cobblestone":1,"minecraft:firework_rocket":4,"minecraft:stone_axe":5,"rechiseled:cobblestone_rotated_bricks":1,"minecraft:granite":9,"rechiseled:cobblestone_rotated_bricks_connecting":20,"minecraft:rooted_dirt":1,"minecraft:oak_sapling":319,"minecraft:mangrove_propagule":150,"minecraft:hopper":4,"rechiseled:diorite_brick_pattern":1},"minecraft:broken":{"minecraft:stone_axe":12,"minecraft:stone_shovel":3},"minecraft:crafted":{"minecraft:oak_planks":188,"minecraft:barrel":16,"minecraft:stone_shovel":4,"minecraft:oak_sign":3,"minecraft:furnace":1,"minecraft:stone":109,"minecraft:glass":16,"minecraft:spruce_stairs":120,"minecraft:spruce_slab":54,"minecraft:stone_pickaxe":1,"minecraft:cooked_beef":1,"minecraft:oak_slab":36,"minecraft:deepslate":2,"minecraft:cooked_porkchop":28,"minecraft:spruce_sign":12,"minecraft:crafting_table":2,"minecraft:spruce_planks":640,"minecraft:wooden_pickaxe":1,"minecraft:spruce_door":3,"minecraft:stone_axe":13,"minecraft:air":0,"minecraft:oak_boat":2,"minecraft:spruce_trapdoor":98,"minecraft:charcoal":41,"minecraft:stick":8,"minecraft:iron_ingot":2,"minecraft:oak_stairs":4,"minecraft:stonecutter":1},"minecraft:killed":{"minecraft:chicken":6,"minecraft:pig":12,"minecraft:sheep":1,"minecraft:cow":10},"minecraft:mined":{"rechiseled:mossy_cobblestone_dented":1,"minecraft:white_bed":3,"minecraft:oak_sapling":5,"minecraft:mossy_cobblestone":1,"rechiseled:cobblestone_rotated_bricks_connecting":8,"minecraft:mangrove_roots":124,"minecraft:allium":1,"minecraft:grass_block":134,"minecraft:light_gray_bed":1,"minecraft:spruce_leaves":13,"minecraft:hopper":4,"minecraft:oak_wall_sign":7,"minecraft:mangrove_propagule":27,"minecraft:large_fern":1,"minecraft:spruce_sapling":16,"minecraft:furnace":2,"minecraft:barrel":2,"minecraft:polished_deepslate":1,"minecraft:vine":1,"minecraft:oak_sign":1,"minecraft:dirt_path":2,"minecraft:stripped_oak_log":1,"minecraft:stone":60,"minecraft:podzol":256,"rechiseled:diorite_brick_pattern":1,"minecraft:spruce_door":2,"minecraft:crafting_table":5,"minecraft:chest":11,"minecraft:rose_bush":21,"minecraft:cobblestone":12,"minecraft:tall_grass":5,"minecraft:oak_planks":1,"minecraft:spruce_stairs":1,"minecraft:dark_oak_door":3,"rechiseled:andesite_bricks":1,"rechiseled:cobblestone_rotated_bricks":1,"minecraft:birch_log":6,"minecraft:lilac":13,"minecraft:spruce_log":532,"minecraft:white_wall_banner":2,"minecraft:mangrove_leaves":12,"minecraft:grass":80,"minecraft:oak_log":772,"minecraft:dirt":47,"minecraft:mangrove_log":67,"minecraft:stone_bricks":2,"minecraft:mossy_stone_bricks":2,"minecraft:oak_leaves":14,"minecraft:deepslate":2},"minecraft:dropped":{"rechiseled:cobblestone_rotated_bricks":1,"minecraft:wheat_seeds":1,"simplefarming:turnip_seeds":2,"minecraft:stick":1,"minecraft:cooked_salmon":7,"minecraft:bucket":1,"minecraft:furnace":2,"minecraft:stone_axe":2,"minecraft:stone_brick_wall":1,"rechiseled:chisel":2,"minecraft:stone_pickaxe":1,"simplefarming:eggplant_seeds":2}},"DataVersion":3337}