{"stats":{"minecraft:broken":{"minecraft:stone_axe":2},"minecraft:killed":{"minecraft:pig":12,"minecraft:sheep":1,"minecraft:chicken":6,"minecraft:cow":10},"minecraft:used":{"minecraft:stone_shovel":91,"minecraft:stone_pickaxe":3,"minecraft:chest":4,"minecraft:wooden_pickaxe":33,"minecraft:dirt":14,"minecraft:spyglass":7,"minecraft:crafting_table":4,"minecraft:white_bed":2,"minecraft:oak_log":2,"minecraft:apple":4,"minecraft:red_tulip":1,"minecraft:stone_axe":281,"minecraft:oak_sapling":31,"minecraft:furnace":1,"minecraft:cooked_porkchop":5,"minecraft:oak_boat":4,"minecraft:cooked_beef":1,"minecraft:light_gray_bed":1},"minecraft:custom":{"minecraft:interact_with_furnace":34,"minecraft:mob_kills":29,"minecraft:interact_with_crafting_table":10,"minecraft:time_since_death":53452,"minecraft:sleep_in_bed":2,"minecraft:climb_one_cm":1313,"minecraft:time_since_rest":3235,"minecraft:sprint_one_cm":191065,"minecraft:damage_taken":140,"minecraft:walk_one_cm":226974,"minecraft:drop":2,"minecraft:damage_dealt":2519,"minecraft:swim_one_cm":6097,"minecraft:fly_one_cm":293207,"minecraft:open_chest":21,"minecraft:crouch_one_cm":702,"minecraft:play_time":53452,"minecraft:sneak_time":280,"minecraft:walk_under_water_one_cm":3014,"minecraft:boat_one_cm":66227,"minecraft:jump":1289,"minecraft:interact_with_brewingstand":1,"minecraft:walk_on_water_one_cm":6521,"minecraft:total_world_time":53452,"minecraft:fall_one_cm":39204},"minecraft:dropped":{"minecraft:furnace":2,"minecraft:stone_axe":1},"minecraft:picked_up":{"minecraft:birch_log":6,"minecraft:crafting_table":3,"minecraft:feather":4,"minecraft:lilac":13,"minecraft:chicken":6,"minecraft:leather":10,"minecraft:oak_log":85,"minecraft:map":1,"minecraft:dirt":105,"minecraft:paper":3,"minecraft:apple":3,"minecraft:wheat_seeds":4,"minecraft:beef":23,"minecraft:oak_boat":3,"minecraft:rose_bush":21,"simplefarming:blackberry_bush":1,"minecraft:chest":4,"minecraft:birch_sapling":2,"minecraft:furnace":2,"minecraft:egg":4,"minecraft:stick":41,"simplefarming:cantaloupe_seeds":1,"minecraft:spyglass":1,"minecraft:porkchop":28,"minecraft:spruce_sapling":40,"minecraft:ink_sac":2,"minecraft:spruce_log":95,"minecraft:white_bed":3,"simplefarming:eggplant_seeds":1,"minecraft:firework_rocket":4,"minecraft:light_gray_bed":1,"simplefarming:pepper_seeds":1,"minecraft:stone_axe":1,"minecraft:red_tulip":1,"minecraft:oak_sapling":38,"minecraft:mutton":1,"minecraft:cobblestone":21},"minecraft:crafted":{"minecraft:cooked_beef":1,"minecraft:oak_planks":24,"minecraft:stone_shovel":1,"minecraft:cooked_porkchop":12,"minecraft:crafting_table":2,"minecraft:wooden_pickaxe":1,"minecraft:furnace":1,"minecraft:stone_axe":3,"minecraft:air":0,"minecraft:oak_boat":2,"minecraft:charcoal":9,"minecraft:stick":8,"minecraft:stone_pickaxe":1},"minecraft:mined":{"minecraft:white_bed":3,"minecraft:oak_sapling":3,"minecraft:crafting_table":3,"minecraft:allium":1,"minecraft:grass_block":92,"minecraft:chest":4,"minecraft:rose_bush":21,"minecraft:light_gray_bed":1,"minecraft:tall_grass":5,"minecraft:spruce_leaves":1,"minecraft:large_fern":1,"minecraft:furnace":2,"minecraft:birch_log":6,"minecraft:lilac":13,"minecraft:spruce_log":98,"minecraft:grass":21,"minecraft:oak_log":88,"minecraft:dirt":14,"minecraft:stone":21,"minecraft:oak_leaves":8}},"DataVersion":3337}