{"stats":{"minecraft:broken":{"minecraft:stone_axe":3},"minecraft:killed":{"minecraft:pig":12,"minecraft:sheep":1,"minecraft:chicken":6,"minecraft:cow":10},"minecraft:used":{"minecraft:water_bucket":8,"minecraft:stone_shovel":129,"minecraft:stone_pickaxe":12,"minecraft:chest":6,"minecraft:wooden_pickaxe":33,"minecraft:stonecutter":1,"minecraft:dirt":119,"minecraft:spyglass":7,"minecraft:hopper":1,"minecraft:crafting_table":5,"rechiseled:cobblestone_rotated_bricks_connecting":6,"minecraft:white_bed":2,"minecraft:oak_log":2,"rechiseled:mossy_cobblestone_dented":1,"minecraft:apple":4,"minecraft:red_tulip":1,"minecraft:spruce_sapling":24,"minecraft:stone_axe":551,"minecraft:oak_sapling":94,"minecraft:furnace":1,"minecraft:cooked_porkchop":6,"minecraft:bucket":8,"minecraft:oak_boat":4,"minecraft:cooked_beef":1,"minecraft:light_gray_bed":1},"minecraft:custom":{"minecraft:interact_with_furnace":73,"minecraft:mob_kills":29,"minecraft:interact_with_crafting_table":33,"minecraft:interact_with_stonecutter":2,"minecraft:time_since_death":89452,"minecraft:sleep_in_bed":3,"minecraft:climb_one_cm":1313,"minecraft:time_since_rest":26131,"minecraft:sprint_one_cm":252164,"minecraft:damage_taken":189,"minecraft:walk_one_cm":310251,"minecraft:drop":4,"minecraft:damage_dealt":2529,"minecraft:swim_one_cm":6097,"minecraft:fly_one_cm":331477,"minecraft:open_chest":74,"minecraft:crouch_one_cm":8469,"minecraft:play_time":89452,"minecraft:sneak_time":1517,"minecraft:walk_under_water_one_cm":4343,"minecraft:boat_one_cm":66227,"minecraft:jump":1459,"minecraft:interact_with_brewingstand":1,"minecraft:walk_on_water_one_cm":12894,"minecraft:total_world_time":89452,"minecraft:fall_one_cm":40757},"minecraft:dropped":{"minecraft:furnace":2,"minecraft:stone_axe":1,"minecraft:stick":1,"rechiseled:chisel":1},"minecraft:picked_up":{"minecraft:birch_log":6,"minecraft:crafting_table":4,"minecraft:feather":4,"minecraft:lilac":13,"minecraft:chicken":6,"minecraft:leather":10,"minecraft:oak_log":237,"minecraft:map":1,"minecraft:dirt":146,"minecraft:paper":3,"minecraft:apple":4,"minecraft:wheat_seeds":7,"minecraft:bucket":1,"simplefarming:honeydew_seeds":1,"minecraft:beef":23,"minecraft:oak_boat":3,"minecraft:rose_bush":21,"rechiseled:chisel":2,"simplefarming:blackberry_bush":1,"simplefarming:barley_seeds":1,"minecraft:chest":6,"minecraft:birch_sapling":2,"minecraft:furnace":2,"minecraft:egg":4,"rechiseled:mossy_cobblestone_dented":1,"minecraft:stick":81,"simplefarming:cantaloupe_seeds":1,"minecraft:spyglass":1,"minecraft:porkchop":28,"minecraft:spruce_sapling":54,"minecraft:ink_sac":2,"minecraft:spruce_log":192,"minecraft:white_bed":3,"simplefarming:eggplant_seeds":1,"minecraft:firework_rocket":4,"minecraft:light_gray_bed":1,"simplefarming:pepper_seeds":1,"minecraft:stone_axe":1,"minecraft:red_tulip":1,"rechiseled:cobblestone_rotated_bricks_connecting":8,"minecraft:oak_sapling":93,"minecraft:mutton":1,"minecraft:hopper":2,"minecraft:cobblestone":22},"minecraft:crafted":{"minecraft:cooked_beef":1,"minecraft:oak_planks":44,"minecraft:stone_shovel":1,"minecraft:cooked_porkchop":28,"minecraft:crafting_table":2,"minecraft:wooden_pickaxe":1,"minecraft:furnace":1,"minecraft:stone":7,"minecraft:stone_axe":5,"minecraft:air":0,"minecraft:oak_boat":2,"minecraft:charcoal":41,"minecraft:stick":8,"minecraft:iron_ingot":2,"minecraft:stone_pickaxe":1,"minecraft:stonecutter":1},"minecraft:mined":{"rechiseled:mossy_cobblestone_dented":1,"minecraft:white_bed":3,"minecraft:oak_sapling":5,"rechiseled:cobblestone_rotated_bricks_connecting":6,"minecraft:crafting_table":4,"minecraft:allium":1,"minecraft:grass_block":124,"minecraft:chest":6,"minecraft:rose_bush":21,"minecraft:light_gray_bed":1,"minecraft:tall_grass":5,"minecraft:spruce_leaves":1,"minecraft:hopper":2,"minecraft:large_fern":1,"minecraft:spruce_sapling":8,"minecraft:furnace":2,"minecraft:birch_log":6,"minecraft:lilac":13,"minecraft:spruce_log":195,"minecraft:grass":45,"minecraft:oak_log":243,"minecraft:dirt":23,"minecraft:stone":21,"minecraft:oak_leaves":13}},"DataVersion":3337}