{"stats":{"minecraft:broken":{"minecraft:shears":1,"minecraft:stone_pickaxe":2,"minecraft:stone_axe":13,"minecraft:stone_shovel":4,"minecraft:stone_hoe":2,"minecraft:iron_axe":1},"minecraft:killed":{"minecraft:spider":1,"minecraft:chicken":6,"minecraft:pig":12,"minecraft:iron_golem":6,"minecraft:creeper":3,"minecraft:sheep":1,"minecraft:zombie":1,"minecraft:cow":10},"minecraft:used":{"rechiseled:andesite_bricks":1,"simplefarming:oat_seeds":256,"minecraft:polished_deepslate":32,"minecraft:iron_shovel":251,"minecraft:spruce_slab":60,"simplefarming:quinoa_seeds":12,"minecraft:oak_sign":6,"minecraft:chest":15,"minecraft:stone":66,"minecraft:zombie_spawn_egg":4,"rechiseled:cobblestone_brick_pattern_connecting":1,"minecraft:soul_sand":1,"minecraft:carrot":47,"rechiseled:cobblestone_rotated_bricks":1,"jeg:grenade":2,"minecraft:mangrove_log":1,"rechiseled:mossy_cobblestone_dented":1,"minecraft:lava_bucket":2,"minecraft:villager_spawn_egg":12,"minecraft:mangrove_stairs":51,"minecraft:grass_block":48,"minecraft:stone_bricks":54,"simplefarming:rye_seeds":102,"minecraft:hay_block":17,"minecraft:mangrove_roots":3,"minecraft:oak_sapling":161,"minecraft:furnace":1,"minecraft:mangrove_slab":8,"minecraft:dark_oak_sapling":23,"rechiseled:spruce_planks_brick_paving_connecting":183,"minecraft:deepslate_brick_wall":1,"minecraft:mossy_stone_bricks":22,"minecraft:spruce_door":5,"minecraft:stone_pickaxe":263,"minecraft:oak_planks":123,"minecraft:wooden_pickaxe":33,"minecraft:diamond_axe":180,"minecraft:oak_leaves":251,"minecraft:white_wool":47,"minecraft:blast_furnace":3,"minecraft:stone_brick_wall":15,"minecraft:shears":259,"rechiseled:diorite_brick_pattern":1,"minecraft:lightning_rod":1,"simplefarming:barley_seeds":65,"minecraft:stone_button":9,"minecraft:bread":23,"minecraft:lectern":5,"simplefarming:corn_seeds":22,"minecraft:deepslate":9,"minecraft:flowering_azalea_leaves":18,"minecraft:lilac":2,"minecraft:grindstone":6,"minecraft:smithing_table":3,"minecraft:mossy_cobblestone_wall":10,"minecraft:oak_boat":23,"minecraft:air":2,"minecraft:bone_meal":7,"minecraft:netherite_sword":75,"minecraft:rose_bush":6,"minecraft:white_tulip":10,"rechiseled:dark_oak_planks_small_tiles_connecting":3,"minecraft:stone_shovel":694,"minecraft:spruce_planks":118,"minecraft:stone_hoe":263,"minecraft:cooked_chicken":1,"rechiseled:dark_oak_planks_brick_pattern_connecting":6,"minecraft:torch":15,"minecraft:dirt":642,"minecraft:spyglass":7,"minecraft:hopper":17,"minecraft:spruce_stairs":99,"minecraft:cobblestone_wall":19,"simplefarming:rice_seeds":83,"minecraft:granite":1,"minecraft:spruce_fence":73,"simplefarming:onion_seeds":1,"minecraft:polished_diorite":1,"minecraft:stone_brick_slab":140,"minecraft:red_tulip":1,"minecraft:iron_axe":253,"minecraft:oak_stairs":1,"minecraft:polished_deepslate_wall":111,"rechiseled:dark_oak_planks_woven_connecting":1,"minecraft:barrel":17,"rechiseled:spruce_planks_brick_paving":16,"rechiseled:diorite_polished_connecting":4,"minecraft:cooked_beef":3,"minecraft:light_gray_bed":1,"minecraft:mossy_stone_brick_wall":3,"minecraft:cobbled_deepslate_wall":3,"minecraft:wheat_seeds":135,"minecraft:water_bucket":30,"minecraft:cartography_table":2,"minecraft:spruce_sign":17,"minecraft:fletching_table":8,"minecraft:stonecutter":1,"minecraft:spruce_fence_gate":21,"minecraft:mossy_cobblestone":26,"rechiseled:cobblestone_rotated_bricks_connecting":8,"minecraft:crafting_table":22,"minecraft:white_bed":17,"minecraft:spruce_log":49,"minecraft:dark_oak_door":2,"minecraft:deepslate_tile_wall":1,"minecraft:oak_log":171,"minecraft:diamond_pickaxe":270,"minecraft:apple":4,"minecraft:diamond_shovel":246,"minecraft:iron_pickaxe":37,"minecraft:spruce_trapdoor":146,"minecraft:spruce_sapling":88,"minecraft:stone_axe":1888,"minecraft:chiseled_stone_bricks":11,"minecraft:cobblestone":32,"minecraft:white_banner":2,"minecraft:cooked_porkchop":45,"minecraft:bucket":24,"minecraft:yellow_bed":5,"minecraft:stripped_oak_log":1,"minecraft:kelp":32},"minecraft:custom":{"minecraft:interact_with_crafting_table":95,"minecraft:open_barrel":44,"minecraft:leave_game":8,"minecraft:time_since_death":713032,"minecraft:sprint_one_cm":1728487,"minecraft:drop":69,"minecraft:talked_to_villager":63,"minecraft:play_time":713032,"minecraft:plate_used":2,"minecraft:jump":7097,"minecraft:interact_with_brewingstand":1,"minecraft:walk_on_water_one_cm":38503,"minecraft:interact_with_furnace":135,"minecraft:traded_with_villager":149,"minecraft:stove_opened":2,"minecraft:sleep_in_bed":15,"minecraft:damage_dealt":9927,"minecraft:player_kills":1,"minecraft:crouch_one_cm":75141,"minecraft:interact_with_smoker":1,"minecraft:interact_with_smithing_table":1,"minecraft:mob_kills":40,"minecraft:climb_one_cm":10742,"minecraft:walk_one_cm":1811578,"minecraft:fridge_opened":2,"minecraft:chair_used":1,"minecraft:sneak_time":23272,"minecraft:walk_under_water_one_cm":69914,"minecraft:boat_one_cm":440694,"minecraft:drawer_searched":7,"minecraft:total_world_time":713032,"minecraft:interact_with_grindstone":2,"minecraft:interact_with_stonecutter":25,"minecraft:cabinet_searched":2,"minecraft:time_since_rest":13694,"minecraft:damage_taken":2047,"minecraft:swim_one_cm":29685,"minecraft:fly_one_cm":2119644,"minecraft:open_chest":347,"minecraft:fall_one_cm":165340},"minecraft:dropped":{"rechiseled:cobblestone_rotated_bricks":1,"minecraft:diamond_axe":1,"minecraft:emerald":4,"simplefarming:rye_seeds":68,"simplefarming:oat_seeds":16,"minecraft:iron_pickaxe":1,"simplefarming:lettuce_seeds":1,"minecraft:white_tulip":12,"minecraft:stone_axe":3,"minecraft:mangrove_roots":161,"simplefarming:cassava_seeds":1,"rechiseled:dark_oak_planks_small_tiles_connecting":3,"minecraft:poppy":10,"minecraft:stone_brick_wall":1,"rechiseled:chisel":2,"minecraft:iron_ingot":112,"minecraft:bread":1,"minecraft:wheat_seeds":32,"simplefarming:turnip_seeds":3,"minecraft:grass_block":1,"minecraft:stick":2,"minecraft:oxeye_daisy":4,"simplefarming:broccoli_seeds":1,"minecraft:brewing_stand":3,"minecraft:cooked_salmon":7,"minecraft:iron_axe":10,"minecraft:iron_shovel":1,"minecraft:bucket":1,"minecraft:stone_brick_slab":97,"minecraft:dandelion":7,"simplefarming:cotton_seeds":1,"minecraft:furnace":2,"minecraft:stone_shovel":1,"minecraft:shears":1,"minecraft:diamond_pickaxe":1,"minecraft:stone_pickaxe":1,"simplefarming:eggplant_seeds":3},"minecraft:picked_up":{"minecraft:wheat":114,"simplefarming:turnip_seeds":4,"packedup:basicbackpack":1,"minecraft:smithing_table":2,"simplefarming:rice":46,"minecraft:brewing_stand":3,"minecraft:polished_deepslate_wall":25,"minecraft:polished_deepslate":1,"minecraft:raw_copper":2,"minecraft:oak_sign":8,"minecraft:cobbled_deepslate":2,"minecraft:bucket":1,"minecraft:spruce_planks":3,"minecraft:white_tulip":22,"minecraft:rose_bush":25,"simplefarming:blackberry_bush":1,"minecraft:deepslate_tile_wall":1,"minecraft:mangrove_log":402,"minecraft:furnace":2,"minecraft:dark_oak_door":2,"simplefarming:barley":41,"minecraft:stick":290,"minecraft:deepslate_brick_wall":1,"minecraft:composter":2,"minecraft:torch":5,"simplefarming:oat":101,"minecraft:spruce_stairs":5,"minecraft:porkchop":28,"minecraft:diorite":40,"minecraft:mangrove_stairs":1,"minecraft:light_gray_bed":1,"simplefarming:pepper_seeds":3,"minecraft:red_tulip":1,"minecraft:mangrove_roots":164,"minecraft:cobblestone":237,"minecraft:birch_log":6,"minecraft:feather":4,"minecraft:lilac":14,"minecraft:andesite":54,"minecraft:map":1,"minecraft:dirt":882,"rechiseled:dark_oak_planks_small_tiles_connecting":6,"simplefarming:cucumber_seeds":1,"minecraft:cobbled_deepslate_wall":3,"minecraft:wheat_seeds":362,"simplefarming:lettuce_seeds":1,"minecraft:grindstone":1,"simplefarming:tomato_seeds":2,"rechiseled:chisel":4,"minecraft:mossy_stone_bricks":2,"minecraft:fletching_table":7,"minecraft:oak_planks":35,"simplefarming:peanut_seeds":2,"simplefarming:corn_seeds":61,"simplefarming:radish_seeds":1,"rechiseled:spruce_planks_brick_paving_connecting":28,"minecraft:sand":30,"minecraft:ink_sac":2,"minecraft:grass_block":1,"minecraft:dark_oak_log":119,"minecraft:barrel":2,"minecraft:mossy_cobblestone":1,"rechiseled:dark_oak_planks_brick_pattern_connecting":6,"minecraft:spruce_fence_gate":1,"rechiseled:diorite_polished_connecting":4,"simplefarming:corn":40,"rechiseled:cobblestone_rotated_bricks":1,"minecraft:granite":27,"minecraft:bread":1,"minecraft:emerald":17,"minecraft:rooted_dirt":1,"minecraft:oak_sapling":324,"simplefarming:cassava_seeds":1,"minecraft:oak_leaves":255,"minecraft:mud":6,"minecraft:crafting_table":17,"minecraft:chicken":6,"minecraft:stone_brick_wall":2,"minecraft:cornflower":1,"minecraft:moss_carpet":49,"minecraft:iron_axe":10,"simplefarming:oat_seeds":272,"minecraft:cartography_table":3,"minecraft:beef":23,"minecraft:oak_boat":19,"minecraft:spruce_slab":3,"minecraft:poppy":10,"minecraft:lectern":5,"rechiseled:cobblestone_brick_pattern_connecting":73,"simplefarming:barley_seeds":118,"minecraft:chest":11,"minecraft:birch_sapling":2,"minecraft:spruce_trapdoor":7,"minecraft:egg":4,"minecraft:dark_oak_sapling":23,"rechiseled:mossy_cobblestone_dented":1,"simplefarming:cantaloupe_seeds":1,"simplefarming:yam_seeds":1,"minecraft:flowering_azalea_leaves":18,"minecraft:spruce_fence":6,"simplefarming:rye":75,"simplefarming:onion_seeds":1,"minecraft:carrot":105,"simplefarming:eggplant_seeds":5,"minecraft:shears":1,"minecraft:hay_block":17,"minecraft:mutton":1,"minecraft:white_wool":14,"minecraft:oxeye_daisy":6,"minecraft:stripped_oak_log":1,"rechiseled:andesite_bricks":1,"minecraft:leather":10,"rechiseled:spruce_planks_brick_paving":9,"simplefarming:rye_seeds":281,"minecraft:oak_log":775,"minecraft:lily_pad":2,"minecraft:yellow_bed":5,"minecraft:gunpowder":3,"simplefarming:broccoli_seeds":1,"minecraft:paper":3,"minecraft:white_banner":2,"jeg:grenade":2,"rechiseled:dark_oak_planks_woven_connecting":1,"minecraft:apple":24,"minecraft:stone_bricks":2,"minecraft:kelp":30,"minecraft:stone_pickaxe":1,"minecraft:iron_ingot":82,"simplefarming:honeydew_seeds":1,"simplefarming:quinoa_seeds":10,"simplefarming:rice_seeds":126,"minecraft:stone_brick_slab":258,"minecraft:dandelion":11,"minecraft:spyglass":1,"minecraft:gravel":4,"minecraft:spruce_sapling":154,"minecraft:blast_furnace":2,"minecraft:white_bed":6,"minecraft:spruce_log":801,"simplefarming:squash_seeds":1,"minecraft:spruce_door":2,"minecraft:firework_rocket":4,"simplefarming:sweet_potato_seeds":1,"minecraft:polished_diorite":1,"minecraft:stone_axe":5,"rechiseled:spruce_planks_tiles_connecting":1,"minecraft:diamond_axe":1,"rechiseled:cobblestone_rotated_bricks_connecting":20,"simplefarming:cotton_seeds":2,"minecraft:mangrove_propagule":152,"minecraft:hopper":4,"rechiseled:diorite_brick_pattern":1},"minecraft:crafted":{"minecraft:grindstone":4,"minecraft:oak_planks":272,"minecraft:oak_sign":3,"minecraft:barrel":16,"minecraft:polished_deepslate_wall":45,"minecraft:cooked_chicken":1,"minecraft:lightning_rod":1,"minecraft:stone":173,"minecraft:diamond_shovel":1,"minecraft:glass":16,"minecraft:mangrove_stairs":52,"minecraft:chest":2,"minecraft:stone_hoe":2,"minecraft:oak_slab":36,"minecraft:deepslate":2,"minecraft:emerald":123,"minecraft:cooked_porkchop":28,"minecraft:diamond_axe":1,"minecraft:crafting_table":6,"minecraft:spruce_planks":1644,"minecraft:wooden_pickaxe":1,"minecraft:spruce_door":3,"minecraft:copper_ingot":21,"minecraft:spruce_trapdoor":136,"minecraft:diamond_pickaxe":2,"minecraft:charcoal":89,"minecraft:stick":1088,"minecraft:iron_pickaxe":1,"minecraft:iron_ingot":2,"minecraft:spruce_fence_gate":10,"minecraft:shears":2,"minecraft:stone_shovel":5,"minecraft:furnace":1,"minecraft:stone_button":9,"minecraft:bone_meal":9,"minecraft:spruce_fence":78,"minecraft:spruce_stairs":128,"minecraft:deepslate_brick_wall":1,"minecraft:iron_axe":11,"minecraft:spruce_slab":54,"minecraft:stone_pickaxe":2,"minecraft:deepslate_tile_wall":1,"minecraft:dark_oak_planks":12,"minecraft:cooked_beef":1,"minecraft:spruce_sign":12,"minecraft:mangrove_planks":84,"minecraft:bucket":1,"minecraft:stone_axe":26,"minecraft:air":0,"minecraft:oak_boat":2,"minecraft:oak_stairs":4,"minecraft:iron_shovel":1,"minecraft:stonecutter":1,"minecraft:torch":4,"minecraft:mangrove_slab":12},"minecraft:mined":{"minecraft:spruce_planks":3,"minecraft:white_bed":6,"minecraft:oak_sapling":8,"rechiseled:dark_oak_planks_small_tiles_connecting":4,"rechiseled:cobblestone_rotated_bricks_connecting":8,"minecraft:brewing_stand":3,"minecraft:spruce_trapdoor":7,"minecraft:granite":20,"minecraft:deepslate_tile_wall":1,"minecraft:grass_block":244,"minecraft:stone_brick_wall":1,"minecraft:light_gray_bed":1,"simplefarming:rice":48,"minecraft:polished_diorite":1,"minecraft:composter":2,"minecraft:hopper":4,"minecraft:oak_wall_sign":7,"minecraft:oxeye_daisy":2,"minecraft:barrel":2,"minecraft:fletching_table":7,"minecraft:flowering_azalea_leaves":2,"minecraft:oak_sign":1,"minecraft:dirt_path":89,"minecraft:spruce_slab":2,"simplefarming:corn_top":1,"rechiseled:diorite_brick_pattern":1,"minecraft:deepslate_brick_wall":1,"minecraft:torch":3,"minecraft:blast_furnace":2,"minecraft:poppy":1,"minecraft:chest":11,"minecraft:cobblestone":12,"minecraft:grindstone":1,"minecraft:oak_planks":35,"minecraft:wall_torch":1,"rechiseled:dark_oak_planks_brick_pattern_connecting":6,"minecraft:dark_oak_door":3,"minecraft:birch_log":6,"minecraft:wheat":119,"minecraft:lilac":14,"rechiseled:spruce_planks_tiles_connecting":1,"minecraft:grass":385,"minecraft:oak_log":785,"simplefarming:corn":21,"minecraft:sand":30,"minecraft:dirt":222,"minecraft:mangrove_log":79,"rechiseled:spruce_planks_brick_paving":9,"minecraft:polished_deepslate_wall":27,"minecraft:oak_leaves":272,"minecraft:deepslate":2,"rechiseled:mossy_cobblestone_dented":1,"minecraft:mossy_cobblestone":1,"minecraft:dark_oak_log":119,"minecraft:mangrove_roots":164,"minecraft:allium":1,"minecraft:spruce_fence":6,"minecraft:spruce_leaves":20,"minecraft:cartography_table":3,"minecraft:mangrove_propagule":27,"minecraft:large_fern":1,"minecraft:hay_block":17,"minecraft:spruce_sapling":16,"minecraft:furnace":2,"minecraft:carrots":28,"minecraft:polished_deepslate":1,"minecraft:vine":2,"minecraft:stripped_oak_log":1,"simplefarming:barley":47,"minecraft:white_tulip":23,"minecraft:stone":240,"minecraft:white_wool":7,"minecraft:smithing_table":2,"minecraft:podzol":256,"minecraft:mangrove_stairs":1,"simplefarming:quinoa":3,"minecraft:stone_brick_slab":164,"minecraft:spruce_door":2,"minecraft:dandelion":8,"minecraft:crafting_table":17,"minecraft:cobbled_deepslate_wall":3,"minecraft:rose_bush":23,"minecraft:lectern":5,"minecraft:tall_grass":5,"minecraft:copper_ore":1,"rechiseled:cobblestone_brick_pattern_connecting":73,"rechiseled:dark_oak_planks_woven_connecting":1,"simplefarming:rye":91,"minecraft:spruce_stairs":4,"rechiseled:spruce_planks_brick_paving_connecting":28,"rechiseled:andesite_bricks":1,"rechiseled:cobblestone_rotated_bricks":1,"minecraft:spruce_log":726,"minecraft:mangrove_leaves":12,"minecraft:white_wall_banner":2,"minecraft:yellow_bed":5,"minecraft:gravel":2,"minecraft:spruce_fence_gate":1,"minecraft:stone_bricks":2,"minecraft:mossy_stone_bricks":2,"rechiseled:diorite_polished_connecting":4,"simplefarming:oat":102}},"DataVersion":3337}