{"stats":{"minecraft:used":{"minecraft:apple":4,"minecraft:red_tulip":1,"minecraft:stone_pickaxe":2,"minecraft:wooden_pickaxe":33,"minecraft:stone_axe":70,"minecraft:crafting_table":2,"minecraft:oak_boat":1,"minecraft:white_bed":1},"minecraft:killed":{"minecraft:sheep":1,"minecraft:pig":12,"minecraft:chicken":6,"minecraft:cow":6},"minecraft:dropped":{"minecraft:furnace":2},"minecraft:custom":{"minecraft:time_since_rest":5341,"minecraft:sprint_one_cm":73082,"minecraft:damage_taken":30,"minecraft:walk_one_cm":37415,"minecraft:mob_kills":25,"minecraft:drop":1,"minecraft:damage_dealt":2119,"minecraft:interact_with_crafting_table":3,"minecraft:fly_one_cm":106194,"minecraft:open_chest":2,"minecraft:play_time":17452,"minecraft:sneak_time":1,"minecraft:boat_one_cm":13563,"minecraft:jump":464,"minecraft:interact_with_brewingstand":1,"minecraft:walk_on_water_one_cm":126,"minecraft:time_since_death":17452,"minecraft:sleep_in_bed":1,"minecraft:total_world_time":17452,"minecraft:fall_one_cm":14877},"minecraft:crafted":{"minecraft:oak_boat":1,"minecraft:oak_planks":24,"minecraft:crafting_table":1,"minecraft:stick":8,"minecraft:wooden_pickaxe":1,"minecraft:stone_pickaxe":1,"minecraft:stone_axe":1},"minecraft:picked_up":{"minecraft:stick":5,"minecraft:crafting_table":2,"minecraft:feather":4,"minecraft:chicken":6,"simplefarming:cantaloupe_seeds":1,"minecraft:leather":5,"minecraft:porkchop":28,"minecraft:oak_log":28,"minecraft:white_bed":2,"minecraft:dirt":17,"minecraft:wheat_seeds":1,"minecraft:beef":14,"minecraft:red_tulip":1,"minecraft:oak_boat":1,"minecraft:oak_sapling":14,"minecraft:chest":1,"minecraft:mutton":1,"minecraft:egg":3,"minecraft:cobblestone":21,"minecraft:furnace":2},"minecraft:mined":{"minecraft:white_bed":2,"minecraft:furnace":2,"minecraft:crafting_table":2,"minecraft:grass":9,"minecraft:allium":1,"minecraft:grass_block":5,"minecraft:oak_log":31,"minecraft:chest":1,"minecraft:dirt":12,"minecraft:tall_grass":4,"minecraft:stone":21,"minecraft:oak_leaves":4}},"DataVersion":3337}