{"stats":{"minecraft:used":{"minecraft:apple":4,"minecraft:red_tulip":1,"minecraft:stone_pickaxe":2,"minecraft:wooden_pickaxe":33,"minecraft:stone_axe":81,"minecraft:crafting_table":4,"minecraft:furnace":1,"minecraft:oak_sapling":17,"minecraft:oak_boat":4,"minecraft:white_bed":1},"minecraft:killed":{"minecraft:sheep":1,"minecraft:pig":12,"minecraft:chicken":6,"minecraft:cow":10},"minecraft:dropped":{"minecraft:stone_axe":1,"minecraft:furnace":2},"minecraft:custom":{"minecraft:time_since_rest":17341,"minecraft:interact_with_furnace":1,"minecraft:sprint_one_cm":75283,"minecraft:damage_taken":30,"minecraft:walk_one_cm":164564,"minecraft:mob_kills":29,"minecraft:drop":2,"minecraft:damage_dealt":2519,"minecraft:interact_with_crafting_table":5,"minecraft:fly_one_cm":111967,"minecraft:open_chest":3,"minecraft:crouch_one_cm":63,"minecraft:play_time":29452,"minecraft:sneak_time":22,"minecraft:walk_under_water_one_cm":2249,"minecraft:boat_one_cm":66227,"minecraft:jump":614,"minecraft:interact_with_brewingstand":1,"minecraft:walk_on_water_one_cm":5369,"minecraft:time_since_death":29452,"minecraft:sleep_in_bed":1,"minecraft:total_world_time":29452,"minecraft:fall_one_cm":17861},"minecraft:crafted":{"minecraft:oak_boat":2,"minecraft:oak_planks":24,"minecraft:crafting_table":1,"minecraft:stick":8,"minecraft:wooden_pickaxe":1,"minecraft:stone_pickaxe":1,"minecraft:furnace":1,"minecraft:stone_axe":1},"minecraft:picked_up":{"minecraft:stick":5,"minecraft:crafting_table":3,"minecraft:feather":4,"minecraft:chicken":6,"simplefarming:cantaloupe_seeds":1,"minecraft:leather":10,"minecraft:porkchop":28,"minecraft:oak_log":32,"minecraft:white_bed":2,"minecraft:dirt":17,"minecraft:apple":2,"minecraft:stone_axe":1,"minecraft:wheat_seeds":2,"minecraft:beef":23,"minecraft:red_tulip":1,"minecraft:oak_boat":2,"minecraft:oak_sapling":17,"minecraft:chest":1,"minecraft:mutton":1,"minecraft:egg":3,"minecraft:cobblestone":21,"minecraft:furnace":2},"minecraft:mined":{"minecraft:white_bed":2,"minecraft:oak_sapling":1,"minecraft:furnace":2,"minecraft:crafting_table":3,"minecraft:grass":13,"minecraft:allium":1,"minecraft:grass_block":5,"minecraft:oak_log":35,"minecraft:chest":1,"minecraft:dirt":12,"minecraft:tall_grass":4,"minecraft:stone":21,"minecraft:oak_leaves":5}},"DataVersion":3337}