{"stats":{"minecraft:broken":{"minecraft:stone_pickaxe":2,"minecraft:stone_axe":13,"minecraft:stone_shovel":4,"minecraft:stone_hoe":1},"minecraft:killed":{"minecraft:spider":1,"minecraft:chicken":6,"minecraft:pig":12,"minecraft:creeper":2,"minecraft:sheep":1,"minecraft:zombie":1,"minecraft:cow":10},"minecraft:used":{"rechiseled:andesite_bricks":1,"simplefarming:oat_seeds":14,"minecraft:iron_shovel":3,"minecraft:polished_deepslate":32,"minecraft:spruce_slab":48,"minecraft:oak_sign":6,"minecraft:chest":10,"rechiseled:cobblestone_rotated_bricks":1,"jeg:grenade":1,"rechiseled:mossy_cobblestone_dented":1,"minecraft:mangrove_log":1,"minecraft:mangrove_stairs":51,"minecraft:stone_bricks":54,"simplefarming:rye_seeds":45,"minecraft:mangrove_roots":3,"minecraft:furnace":1,"minecraft:oak_sapling":94,"minecraft:mangrove_slab":8,"minecraft:mossy_stone_bricks":22,"minecraft:spruce_door":5,"minecraft:stone_pickaxe":263,"minecraft:oak_planks":123,"minecraft:wooden_pickaxe":33,"minecraft:white_wool":47,"minecraft:blast_furnace":2,"minecraft:stone_brick_wall":14,"rechiseled:diorite_brick_pattern":1,"minecraft:lightning_rod":1,"simplefarming:barley_seeds":28,"minecraft:stone_button":9,"simplefarming:corn_seeds":22,"minecraft:deepslate":9,"minecraft:lilac":1,"minecraft:grindstone":5,"minecraft:smithing_table":2,"minecraft:mossy_cobblestone_wall":10,"minecraft:oak_boat":9,"minecraft:air":2,"minecraft:bone_meal":7,"minecraft:rose_bush":5,"minecraft:stone_shovel":694,"minecraft:spruce_planks":117,"minecraft:stone_hoe":197,"minecraft:cooked_chicken":1,"minecraft:torch":7,"minecraft:dirt":497,"minecraft:spyglass":7,"minecraft:hopper":4,"minecraft:spruce_stairs":99,"minecraft:cobblestone_wall":19,"simplefarming:rice_seeds":32,"minecraft:spruce_fence":73,"simplefarming:onion_seeds":1,"minecraft:polished_diorite":1,"minecraft:red_tulip":1,"minecraft:iron_axe":3,"minecraft:oak_stairs":1,"minecraft:polished_deepslate_wall":13,"minecraft:barrel":17,"rechiseled:diorite_polished_connecting":4,"minecraft:cooked_beef":3,"minecraft:mossy_stone_brick_wall":3,"minecraft:light_gray_bed":1,"minecraft:wheat_seeds":56,"minecraft:water_bucket":20,"minecraft:cartography_table":2,"minecraft:spruce_sign":8,"minecraft:fletching_table":7,"minecraft:stonecutter":1,"minecraft:spruce_fence_gate":11,"minecraft:mossy_cobblestone":26,"minecraft:crafting_table":21,"rechiseled:cobblestone_rotated_bricks_connecting":8,"minecraft:white_bed":2,"minecraft:spruce_log":45,"minecraft:dark_oak_door":2,"minecraft:oak_log":171,"minecraft:apple":4,"minecraft:iron_pickaxe":34,"minecraft:spruce_trapdoor":139,"minecraft:spruce_sapling":80,"minecraft:stone_axe":1888,"minecraft:chiseled_stone_bricks":11,"minecraft:cobblestone":32,"minecraft:white_banner":2,"minecraft:cooked_porkchop":39,"minecraft:bucket":20,"minecraft:stripped_oak_log":1},"minecraft:custom":{"minecraft:interact_with_crafting_table":92,"minecraft:open_barrel":17,"minecraft:leave_game":5,"minecraft:time_since_death":470085,"minecraft:sprint_one_cm":1151579,"minecraft:drop":34,"minecraft:play_time":470085,"minecraft:plate_used":2,"minecraft:interact_with_brewingstand":1,"minecraft:jump":4766,"minecraft:walk_on_water_one_cm":25759,"minecraft:interact_with_furnace":128,"minecraft:stove_opened":2,"minecraft:sleep_in_bed":11,"minecraft:damage_dealt":3575,"minecraft:player_kills":1,"minecraft:crouch_one_cm":62307,"minecraft:interact_with_smoker":1,"minecraft:interact_with_smithing_table":1,"minecraft:mob_kills":33,"minecraft:climb_one_cm":5531,"minecraft:walk_one_cm":1106045,"minecraft:fridge_opened":2,"minecraft:chair_used":1,"minecraft:sneak_time":17425,"minecraft:walk_under_water_one_cm":14263,"minecraft:boat_one_cm":348086,"minecraft:drawer_searched":7,"minecraft:total_world_time":470085,"minecraft:interact_with_stonecutter":13,"minecraft:interact_with_grindstone":2,"minecraft:cabinet_searched":2,"minecraft:time_since_rest":26841,"minecraft:damage_taken":1591,"minecraft:swim_one_cm":22120,"minecraft:fly_one_cm":1242542,"minecraft:open_chest":276,"minecraft:fall_one_cm":109350},"minecraft:dropped":{"rechiseled:cobblestone_rotated_bricks":1,"simplefarming:oat_seeds":16,"simplefarming:lettuce_seeds":1,"minecraft:stone_axe":3,"minecraft:mangrove_roots":121,"simplefarming:cassava_seeds":1,"minecraft:stone_brick_wall":1,"rechiseled:chisel":2,"minecraft:wheat_seeds":15,"simplefarming:turnip_seeds":2,"minecraft:stick":2,"minecraft:oxeye_daisy":4,"simplefarming:broccoli_seeds":1,"minecraft:cooked_salmon":7,"minecraft:bucket":1,"minecraft:dandelion":7,"simplefarming:cotton_seeds":1,"minecraft:furnace":2,"minecraft:stone_shovel":1,"minecraft:stone_pickaxe":1,"simplefarming:eggplant_seeds":3},"minecraft:picked_up":{"minecraft:wheat":11,"simplefarming:turnip_seeds":3,"packedup:basicbackpack":1,"minecraft:smithing_table":1,"simplefarming:rice":11,"minecraft:brewing_stand":1,"minecraft:polished_deepslate":1,"minecraft:raw_copper":2,"minecraft:oak_sign":8,"minecraft:cobbled_deepslate":2,"minecraft:bucket":1,"minecraft:spruce_planks":2,"minecraft:rose_bush":23,"simplefarming:blackberry_bush":1,"minecraft:mangrove_log":390,"minecraft:furnace":2,"minecraft:dark_oak_door":2,"simplefarming:barley":9,"minecraft:stick":265,"minecraft:torch":3,"simplefarming:oat":6,"minecraft:spruce_stairs":5,"minecraft:porkchop":28,"minecraft:diorite":40,"minecraft:light_gray_bed":1,"minecraft:mangrove_stairs":1,"simplefarming:pepper_seeds":3,"minecraft:red_tulip":1,"minecraft:mangrove_roots":124,"minecraft:cobblestone":237,"minecraft:birch_log":6,"minecraft:feather":4,"minecraft:lilac":13,"minecraft:andesite":54,"minecraft:map":1,"minecraft:dirt":652,"simplefarming:cucumber_seeds":1,"minecraft:wheat_seeds":88,"simplefarming:lettuce_seeds":1,"minecraft:grindstone":1,"minecraft:mossy_stone_bricks":2,"rechiseled:chisel":4,"simplefarming:tomato_seeds":2,"minecraft:fletching_table":6,"minecraft:oak_planks":35,"simplefarming:peanut_seeds":1,"simplefarming:corn_seeds":22,"simplefarming:radish_seeds":1,"minecraft:sand":30,"minecraft:ink_sac":2,"minecraft:barrel":2,"minecraft:mossy_cobblestone":1,"minecraft:spruce_fence_gate":1,"rechiseled:diorite_polished_connecting":4,"simplefarming:corn":19,"rechiseled:cobblestone_rotated_bricks":1,"minecraft:granite":27,"minecraft:rooted_dirt":1,"minecraft:oak_sapling":319,"simplefarming:cassava_seeds":1,"minecraft:mud":6,"minecraft:crafting_table":17,"minecraft:chicken":6,"minecraft:stone_brick_wall":1,"minecraft:moss_carpet":42,"simplefarming:oat_seeds":30,"minecraft:cartography_table":3,"minecraft:beef":23,"minecraft:oak_boat":9,"minecraft:spruce_slab":3,"simplefarming:barley_seeds":29,"minecraft:chest":11,"minecraft:birch_sapling":2,"minecraft:spruce_trapdoor":7,"minecraft:egg":4,"rechiseled:mossy_cobblestone_dented":1,"simplefarming:cantaloupe_seeds":1,"simplefarming:yam_seeds":1,"minecraft:spruce_fence":6,"simplefarming:rye":10,"simplefarming:onion_seeds":1,"simplefarming:eggplant_seeds":5,"minecraft:mutton":1,"minecraft:white_wool":14,"minecraft:oxeye_daisy":6,"minecraft:stripped_oak_log":1,"rechiseled:andesite_bricks":1,"minecraft:leather":10,"simplefarming:rye_seeds":45,"minecraft:oak_log":775,"minecraft:lily_pad":2,"minecraft:gunpowder":3,"simplefarming:broccoli_seeds":1,"minecraft:paper":3,"minecraft:white_banner":2,"jeg:grenade":1,"minecraft:apple":22,"minecraft:stone_bricks":2,"simplefarming:honeydew_seeds":1,"minecraft:stone_pickaxe":1,"simplefarming:rice_seeds":32,"minecraft:dandelion":10,"minecraft:spyglass":1,"minecraft:gravel":4,"minecraft:spruce_sapling":125,"minecraft:blast_furnace":1,"minecraft:spruce_log":666,"minecraft:white_bed":3,"simplefarming:squash_seeds":1,"minecraft:spruce_door":2,"minecraft:firework_rocket":4,"simplefarming:sweet_potato_seeds":1,"minecraft:stone_axe":5,"minecraft:polished_diorite":1,"rechiseled:cobblestone_rotated_bricks_connecting":20,"simplefarming:cotton_seeds":2,"minecraft:mangrove_propagule":150,"minecraft:hopper":4,"rechiseled:diorite_brick_pattern":1},"minecraft:crafted":{"minecraft:grindstone":4,"minecraft:oak_planks":272,"minecraft:oak_sign":3,"minecraft:barrel":16,"minecraft:cooked_chicken":1,"minecraft:lightning_rod":1,"minecraft:stone":173,"minecraft:glass":16,"minecraft:mangrove_stairs":52,"minecraft:stone_hoe":2,"minecraft:oak_slab":36,"minecraft:deepslate":2,"minecraft:cooked_porkchop":28,"minecraft:crafting_table":6,"minecraft:spruce_planks":896,"minecraft:wooden_pickaxe":1,"minecraft:spruce_door":3,"minecraft:copper_ingot":21,"minecraft:spruce_trapdoor":136,"minecraft:charcoal":41,"minecraft:stick":8,"minecraft:iron_pickaxe":1,"minecraft:iron_ingot":2,"minecraft:spruce_fence_gate":10,"minecraft:shears":1,"minecraft:stone_shovel":5,"minecraft:furnace":1,"minecraft:stone_button":9,"minecraft:bone_meal":9,"minecraft:spruce_fence":78,"minecraft:spruce_stairs":128,"minecraft:iron_axe":1,"minecraft:spruce_slab":54,"minecraft:stone_pickaxe":2,"minecraft:cooked_beef":1,"minecraft:spruce_sign":12,"minecraft:mangrove_planks":84,"minecraft:bucket":1,"minecraft:stone_axe":14,"minecraft:air":0,"minecraft:oak_boat":2,"minecraft:oak_stairs":4,"minecraft:iron_shovel":1,"minecraft:stonecutter":1,"minecraft:torch":4,"minecraft:mangrove_slab":12},"minecraft:mined":{"minecraft:white_bed":3,"minecraft:spruce_planks":2,"minecraft:oak_sapling":5,"rechiseled:cobblestone_rotated_bricks_connecting":8,"minecraft:brewing_stand":1,"minecraft:spruce_trapdoor":7,"minecraft:granite":20,"minecraft:grass_block":160,"minecraft:light_gray_bed":1,"minecraft:polished_diorite":1,"simplefarming:rice":11,"minecraft:hopper":4,"minecraft:oak_wall_sign":7,"minecraft:oxeye_daisy":2,"minecraft:barrel":2,"minecraft:fletching_table":6,"minecraft:oak_sign":1,"minecraft:dirt_path":2,"minecraft:spruce_slab":2,"rechiseled:diorite_brick_pattern":1,"minecraft:torch":2,"minecraft:blast_furnace":1,"minecraft:poppy":1,"minecraft:chest":11,"minecraft:cobblestone":12,"minecraft:grindstone":1,"minecraft:oak_planks":35,"minecraft:dark_oak_door":3,"minecraft:birch_log":6,"minecraft:wheat":11,"minecraft:lilac":13,"minecraft:grass":377,"minecraft:oak_log":785,"simplefarming:corn":6,"minecraft:sand":30,"minecraft:dirt":164,"minecraft:mangrove_log":67,"minecraft:oak_leaves":14,"minecraft:deepslate":2,"rechiseled:mossy_cobblestone_dented":1,"minecraft:mossy_cobblestone":1,"minecraft:mangrove_roots":124,"minecraft:allium":1,"minecraft:spruce_fence":6,"minecraft:spruce_leaves":13,"minecraft:cartography_table":3,"minecraft:mangrove_propagule":27,"minecraft:large_fern":1,"minecraft:furnace":2,"minecraft:spruce_sapling":16,"minecraft:polished_deepslate":1,"minecraft:vine":2,"minecraft:stripped_oak_log":1,"simplefarming:barley":9,"minecraft:stone":240,"minecraft:white_wool":7,"minecraft:smithing_table":1,"minecraft:podzol":256,"minecraft:mangrove_stairs":1,"minecraft:spruce_door":2,"minecraft:dandelion":8,"minecraft:crafting_table":17,"minecraft:rose_bush":22,"minecraft:tall_grass":5,"minecraft:copper_ore":1,"simplefarming:rye":10,"minecraft:spruce_stairs":4,"rechiseled:andesite_bricks":1,"rechiseled:cobblestone_rotated_bricks":1,"minecraft:spruce_log":569,"minecraft:mangrove_leaves":12,"minecraft:white_wall_banner":2,"minecraft:gravel":2,"minecraft:spruce_fence_gate":1,"minecraft:stone_bricks":2,"minecraft:mossy_stone_bricks":2,"rechiseled:diorite_polished_connecting":4,"simplefarming:oat":6}},"DataVersion":3337}