{"stats":{"minecraft:dropped":{"minecraft:red_tulip":1,"minecraft:allium":1},"minecraft:custom":{"minecraft:jump":74,"minecraft:time_since_rest":5176,"minecraft:crouch_one_cm":34,"minecraft:sprint_one_cm":14776,"minecraft:play_time":5176,"minecraft:time_since_death":5176,"minecraft:walk_one_cm":9212,"minecraft:sneak_time":8,"minecraft:total_world_time":5176,"minecraft:drop":2,"minecraft:fall_one_cm":2566,"minecraft:fly_one_cm":17825},"minecraft:picked_up":{"minecraft:red_tulip":2,"minecraft:allium":1,"minecraft:yellow_bed":1,"minecraft:orange_tulip":5,"minecraft:white_wool":1},"minecraft:mined":{"minecraft:grass":1,"minecraft:red_tulip":2,"minecraft:orange_tulip":5,"minecraft:yellow_bed":1}},"DataVersion":3337}