{"stats":{"minecraft:custom":{"minecraft:mob_kills":59,"minecraft:interact_with_crafting_table":48,"minecraft:open_barrel":2,"minecraft:leave_game":2,"minecraft:time_since_death":317219,"minecraft:climb_one_cm":3378,"minecraft:sprint_one_cm":774755,"minecraft:walk_one_cm":804508,"minecraft:damage_blocked_by_shield":480,"minecraft:drop":56,"minecraft:talked_to_villager":7,"minecraft:play_time":317219,"minecraft:sneak_time":12723,"minecraft:walk_under_water_one_cm":21556,"minecraft:jump":4598,"minecraft:walk_on_water_one_cm":37188,"minecraft:total_world_time":317219,"minecraft:interact_with_furnace":51,"minecraft:interact_with_grindstone":1,"minecraft:sleep_in_bed":18,"minecraft:time_since_rest":3789,"minecraft:damage_taken":858,"minecraft:damage_dealt":8067,"minecraft:swim_one_cm":81482,"minecraft:fly_one_cm":1025504,"minecraft:open_chest":240,"minecraft:crouch_one_cm":34123,"minecraft:interact_with_smoker":4,"minecraft:fall_one_cm":73620,"minecraft:horse_one_cm":5340},"minecraft:used":{"minecraft:stone_shovel":656,"minecraft:oak_sign":3,"minecraft:chest":16,"minecraft:shield":19,"minecraft:iron_sword":137,"minecraft:cooked_salmon":4,"minecraft:torch":85,"minecraft:dirt":581,"minecraft:hopper":2,"minecraft:carrot":4,"minecraft:lava_bucket":1,"minecraft:furnace":7,"minecraft:cooked_beef":14,"minecraft:light_gray_bed":1,"minecraft:water_bucket":4,"minecraft:stone_pickaxe":773,"minecraft:wooden_pickaxe":59,"minecraft:stonecutter":1,"minecraft:crafting_table":6,"minecraft:magenta_bed":1,"rechiseled:cobblestone_rotated_bricks_connecting":56,"minecraft:cobbled_deepslate_stairs":1,"minecraft:smoker":1,"simplefarming:olives":3,"minecraft:gravel":1,"jeg:scrap_workbench":1,"minecraft:stone_axe":227,"minecraft:cobbled_deepslate_slab":24,"minecraft:cobblestone":10,"minecraft:purple_bed":6,"minecraft:grindstone":1,"minecraft:cooked_porkchop":9,"minecraft:bucket":5,"minecraft:yellow_bed":4,"minecraft:dandelion":1},"minecraft:picked_up":{"minecraft:crafting_table":4,"minecraft:allium":1,"minecraft:chicken":2,"simplefarming:turnip_seeds":1,"minecraft:string":2,"simplefarming:cumin_seeds":15,"minecraft:cornflower":2,"minecraft:raw_copper":36,"minecraft:cobbled_deepslate":96,"minecraft:bucket":2,"minecraft:beef":27,"minecraft:light_gray_wool":1,"minecraft:chest":4,"minecraft:birch_sapling":2,"minecraft:furnace":7,"minecraft:iron_boots":1,"minecraft:egg":3,"minecraft:stick":22,"minecraft:raw_iron":22,"minecraft:torch":44,"simplefarming:yam_seeds":2,"minecraft:porkchop":15,"immersive_armors:wither_leggings":1,"minecraft:diorite":17,"minecraft:carrot":8,"minecraft:arrow":2,"minecraft:light_gray_bed":1,"minecraft:rotten_flesh":18,"minecraft:beetroot_seeds":2,"minecraft:pumpkin_pie":4,"minecraft:hay_block":30,"minecraft:red_tulip":2,"simplefarming:ginger_seeds":1,"minecraft:mutton":19,"minecraft:white_wool":11,"minecraft:cobblestone":451,"minecraft:birch_log":7,"minecraft:feather":2,"minecraft:cooked_beef":3,"minecraft:andesite":24,"minecraft:salmon":10,"minecraft:leather":15,"minecraft:smoker":1,"minecraft:potato":3,"minecraft:tuff":31,"minecraft:oak_log":159,"jeg:scrap":19,"minecraft:magenta_bed":1,"minecraft:yellow_bed":4,"minecraft:gunpowder":10,"simplefarming:broccoli_seeds":2,"minecraft:dirt":557,"jeg:grenade":1,"simplefarming:grape_seeds":2,"minecraft:bone":2,"minecraft:apple":3,"minecraft:bow":1,"minecraft:stonecutter":1,"minecraft:wheat_seeds":32,"minecraft:orange_tulip":26,"minecraft:stone_pickaxe":1,"minecraft:grindstone":1,"simplefarming:tomato_seeds":1,"rechiseled:chisel":1,"jeg:tech_trash":6,"minecraft:oak_planks":6,"simplefarming:rice_seeds":1,"minecraft:sweet_berries":2,"simplefarming:radish_seeds":1,"minecraft:dandelion":3,"minecraft:gravel":13,"minecraft:sand":105,"minecraft:spruce_log":8,"minecraft:purple_bed":6,"minecraft:stone_axe":1,"minecraft:granite":46,"simplefarming:olives":3,"minecraft:gray_wool":1,"minecraft:bread":10,"minecraft:oak_sapling":44,"minecraft:coal":57},"minecraft:broken":{"minecraft:wooden_pickaxe":1,"minecraft:stone_pickaxe":6,"minecraft:stone_axe":1,"minecraft:stone_shovel":4},"minecraft:crafted":{"minecraft:cobbled_deepslate_slab":24,"minecraft:oak_planks":196,"minecraft:stone_shovel":7,"minecraft:oak_sign":3,"minecraft:cooked_chicken":5,"minecraft:stone":12,"immersive_armors:wooden_chestplate":1,"minecraft:hopper":2,"jeg:scrap_workbench":1,"minecraft:stone_pickaxe":11,"minecraft:chest":16,"minecraft:cobbled_deepslate_stairs":4,"packedup:basicbackpack":2,"immersive_armors:wooden_helmet":1,"minecraft:cooked_beef":40,"minecraft:oak_slab":6,"minecraft:cooked_porkchop":9,"minecraft:crafting_table":3,"minecraft:wooden_pickaxe":1,"immersive_armors:wooden_leggings":1,"minecraft:cooked_salmon":4,"minecraft:bucket":1,"minecraft:stone_axe":3,"minecraft:air":0,"jeg:scrap_block":1,"rechiseled:chisel":1,"immersive_armors:wooden_boots":1,"minecraft:shield":2,"minecraft:stick":36,"minecraft:iron_ingot":62,"minecraft:torch":88},"minecraft:killed":{"minecraft:spider":2,"minecraft:skeleton":2,"minecraft:chicken":2,"minecraft:pig":6,"minecraft:creeper":6,"minecraft:sheep":12,"minecraft:zombie":14,"minecraft:enderman":1,"minecraft:cow":13},"minecraft:mined":{"minecraft:tuff":38,"rechiseled:cobblestone_rotated_bricks_connecting":2,"minecraft:granite":46,"minecraft:grass_block":521,"minecraft:light_gray_bed":1,"minecraft:large_fern":1,"minecraft:hay_block":30,"minecraft:furnace":5,"minecraft:carrots":8,"minecraft:cobbled_deepslate":7,"minecraft:iron_ore":9,"minecraft:andesite":24,"minecraft:red_tulip":2,"minecraft:potatoes":3,"minecraft:deepslate_iron_ore":13,"minecraft:stone":452,"simplefarming:fruit_log":4,"jeg:scrap_ore":4,"minecraft:smoker":1,"minecraft:dandelion":1,"minecraft:crafting_table":4,"minecraft:chest":4,"minecraft:tall_grass":2,"minecraft:copper_ore":11,"minecraft:cobblestone":12,"minecraft:grindstone":1,"minecraft:diorite":17,"minecraft:wall_torch":3,"minecraft:seagrass":1,"jeg:deepslate_scrap_ore":9,"minecraft:purple_bed":6,"minecraft:birch_log":7,"minecraft:wheat":14,"minecraft:sweet_berry_bush":1,"minecraft:magenta_bed":1,"minecraft:spruce_log":8,"minecraft:orange_tulip":5,"minecraft:yellow_bed":4,"minecraft:grass":83,"minecraft:oak_log":133,"minecraft:coal_ore":57,"minecraft:beetroots":2,"minecraft:gravel":14,"minecraft:sand":105,"minecraft:dirt":53,"minecraft:stonecutter":1,"minecraft:oak_leaves":5,"minecraft:deepslate":107},"minecraft:dropped":{"minecraft:iron_sword":1,"minecraft:wheat_seeds":37,"minecraft:cooked_beef":10,"minecraft:oak_log":29,"simplefarming:turnip_seeds":1,"simplefarming:radish_seeds":1,"minecraft:feather":2,"immersive_armors:wither_leggings":1,"simplefarming:grape_seeds":1,"minecraft:gray_wool":1,"minecraft:torch":41,"minecraft:cornflower":2,"simplefarming:rice_seeds":1,"minecraft:bucket":2,"minecraft:dandelion":1,"packedup:basicbackpack":1,"simplefarming:tomato_seeds":1,"minecraft:stone_axe":3,"minecraft:birch_sapling":2,"minecraft:oak_planks":6,"rechiseled:cobblestone_rotated_bricks_connecting":10,"simplefarming:ginger_seeds":1,"minecraft:shield":1,"minecraft:allium":1,"rechiseled:chisel":2,"minecraft:stone_pickaxe":2,"minecraft:red_tulip":1,"minecraft:egg":1}},"DataVersion":3337}