{"stats":{"minecraft:custom":{"minecraft:interact_with_crafting_table":74,"minecraft:open_barrel":2,"minecraft:leave_game":3,"minecraft:time_since_death":557153,"minecraft:sprint_one_cm":1204356,"minecraft:damage_blocked_by_shield":1295,"minecraft:drop":132,"minecraft:talked_to_villager":7,"minecraft:play_time":557153,"minecraft:jump":7996,"minecraft:walk_on_water_one_cm":89622,"minecraft:interact_with_furnace":105,"minecraft:sleep_in_bed":33,"minecraft:damage_dealt":10867,"minecraft:crouch_one_cm":71826,"minecraft:interact_with_smoker":12,"minecraft:horse_one_cm":5340,"minecraft:mob_kills":80,"minecraft:climb_one_cm":5073,"minecraft:walk_one_cm":1474143,"minecraft:sneak_time":23436,"minecraft:walk_under_water_one_cm":39060,"minecraft:boat_one_cm":320509,"minecraft:total_world_time":557153,"minecraft:interact_with_grindstone":2,"minecraft:interact_with_stonecutter":1,"minecraft:time_since_rest":11900,"minecraft:damage_taken":1816,"minecraft:swim_one_cm":181975,"minecraft:fly_one_cm":1902523,"minecraft:open_chest":371,"minecraft:fall_one_cm":154724},"minecraft:used":{"rechiseled:stone_smooth_large_tiles_connecting":198,"minecraft:iron_shovel":144,"minecraft:oak_sign":3,"minecraft:chest":17,"minecraft:shield":49,"minecraft:iron_sword":204,"minecraft:mutton":4,"minecraft:carrot":4,"rechiseled:cobblestone_pillar":28,"rechiseled:dark_oak_planks_pattern_connecting":230,"minecraft:lava_bucket":1,"minecraft:dark_oak_slab":33,"minecraft:bow":3,"minecraft:furnace":7,"minecraft:oak_sapling":39,"minecraft:dark_oak_stairs":29,"minecraft:stone_pickaxe":790,"minecraft:oak_planks":1,"minecraft:wooden_pickaxe":59,"minecraft:sugar_cane":4,"minecraft:crossbow":3,"minecraft:cobbled_deepslate_stairs":1,"rechiseled:dark_oak_planks_squares_connecting":2,"rechiseled:dark_oak_planks_large_tiles_connecting":266,"minecraft:bread":6,"simplefarming:olives":3,"minecraft:gravel":1,"rechiseled:cobblestone_pillar_connecting":70,"rechiseled:stone_smooth_connecting":46,"minecraft:grindstone":1,"minecraft:oak_boat":6,"rechiseled:dark_oak_planks_dotted_connecting":12,"minecraft:stone_shovel":1081,"minecraft:cooked_salmon":4,"minecraft:torch":85,"minecraft:dirt":1057,"minecraft:hopper":2,"minecraft:dark_oak_planks":15,"minecraft:beef":1,"minecraft:cooked_beef":17,"minecraft:light_gray_bed":1,"minecraft:cooked_mutton":10,"minecraft:water_bucket":4,"minecraft:stonecutter":1,"minecraft:crafting_table":10,"minecraft:magenta_bed":1,"rechiseled:cobblestone_rotated_bricks_connecting":56,"minecraft:white_bed":2,"minecraft:smoker":1,"minecraft:iron_pickaxe":250,"rechiseled:cobblestone_chiseled_border_connecting":94,"jeg:scrap_workbench":1,"minecraft:stone_axe":835,"minecraft:cobblestone":10,"minecraft:purple_bed":6,"minecraft:cobbled_deepslate_slab":24,"minecraft:cooked_porkchop":9,"minecraft:porkchop":2,"minecraft:bucket":5,"minecraft:yellow_bed":4,"minecraft:pumpkin_pie":9,"minecraft:dandelion":1},"minecraft:picked_up":{"simplefarming:turnip_seeds":2,"packedup:basicbackpack":2,"rechiseled:stone_smooth_large_tiles_connecting":3,"minecraft:golden_sword":1,"minecraft:raw_copper":36,"minecraft:string":5,"minecraft:dark_oak_trapdoor":39,"simplefarming:cumin_seeds":15,"minecraft:cobbled_deepslate":96,"minecraft:bucket":2,"minecraft:white_tulip":1,"minecraft:iron_boots":1,"minecraft:furnace":7,"simplefarming:spinach_seeds":2,"minecraft:stick":68,"minecraft:torch":53,"minecraft:porkchop":17,"simplefarming:raspberries":6,"minecraft:diorite":17,"minecraft:stone_sword":1,"minecraft:light_gray_bed":1,"minecraft:rotten_flesh":21,"simplefarming:pepper_seeds":1,"minecraft:red_tulip":2,"minecraft:cobblestone":461,"minecraft:birch_log":7,"minecraft:feather":2,"minecraft:cooked_beef":3,"minecraft:water_bucket":1,"minecraft:andesite":24,"minecraft:smoker":1,"minecraft:potato":3,"minecraft:tuff":31,"jeg:scrap":33,"minecraft:magenta_bed":1,"minecraft:dirt":1166,"minecraft:lantern":2,"minecraft:bone":2,"minecraft:stonecutter":1,"minecraft:bow":1,"minecraft:orange_tulip":26,"minecraft:wheat_seeds":56,"minecraft:grindstone":1,"rechiseled:chisel":1,"simplefarming:tomato_seeds":1,"minecraft:oak_planks":71,"simplefarming:corn_seeds":1,"simplefarming:radish_seeds":1,"minecraft:sand":105,"rechiseled:dark_oak_planks_pattern_connecting":1,"minecraft:lily_of_the_valley":20,"minecraft:dark_oak_log":337,"minecraft:crossbow":1,"minecraft:granite":46,"simplefarming:olives":3,"minecraft:bread":23,"minecraft:emerald":7,"pfm:furniture_book":1,"minecraft:oak_sapling":129,"minecraft:dark_oak_fence":125,"minecraft:crafting_table":6,"simplefarming:pea_seeds":1,"minecraft:allium":1,"minecraft:azure_bluet":3,"minecraft:chicken":2,"minecraft:ladder":3,"minecraft:cornflower":5,"minecraft:white_carpet":1,"minecraft:beef":28,"minecraft:oak_boat":5,"minecraft:iron_nugget":13,"minecraft:light_gray_wool":26,"minecraft:birch_sapling":2,"minecraft:sugar_cane":13,"minecraft:chest":6,"simplefarming:barley_seeds":1,"minecraft:egg":7,"minecraft:raw_iron":22,"simplefarming:yam_seeds":2,"immersive_armors:robe_boots":1,"immersive_armors:wither_leggings":2,"minecraft:carrot":13,"simplefarming:eggplant_seeds":1,"minecraft:dark_oak_planks":53,"minecraft:arrow":9,"minecraft:beetroot_seeds":2,"minecraft:pumpkin_pie":4,"minecraft:hay_block":37,"rechiseled:dark_oak_planks_large_tiles_connecting":8,"simplefarming:ginger_seeds":3,"minecraft:glistering_melon_slice":8,"minecraft:mutton":23,"minecraft:white_wool":14,"minecraft:salmon":10,"minecraft:leather":15,"minecraft:filled_map":1,"simplefarming:rye_seeds":1,"minecraft:oak_log":322,"minecraft:yellow_bed":4,"minecraft:gunpowder":10,"simplefarming:broccoli_seeds":3,"jeg:grenade":1,"simplefarming:grape_seeds":2,"minecraft:red_carpet":2,"minecraft:apple":10,"minecraft:stone_bricks":2,"minecraft:stone_pickaxe":2,"minecraft:iron_sword":3,"jeg:tech_trash":6,"minecraft:dark_oak_stairs":5,"simplefarming:rice_seeds":1,"minecraft:dark_oak_slab":81,"minecraft:sweet_berries":9,"minecraft:dandelion":13,"minecraft:gravel":18,"minecraft:spruce_sapling":5,"minecraft:spruce_log":28,"minecraft:white_bed":2,"simplefarming:squash_seeds":1,"simplefarming:raspberry_bush":3,"minecraft:spider_eye":1,"minecraft:purple_bed":6,"minecraft:stone_axe":2,"immersive_armors:wooden_chestplate":1,"minecraft:iron_helmet":1,"minecraft:gray_wool":1,"minecraft:coal":65},"minecraft:broken":{"minecraft:stone_pickaxe":6,"minecraft:stone_axe":5,"minecraft:stone_shovel":7,"minecraft:wooden_pickaxe":1,"minecraft:iron_pickaxe":1},"minecraft:crafted":{"minecraft:oak_planks":248,"minecraft:oak_sign":3,"minecraft:cooked_chicken":5,"minecraft:stone":276,"minecraft:cooked_mutton":21,"immersive_armors:wooden_chestplate":1,"minecraft:hopper":2,"minecraft:chest":18,"immersive_armors:wooden_helmet":1,"packedup:basicbackpack":4,"minecraft:oak_slab":6,"minecraft:cooked_porkchop":9,"minecraft:crafting_table":6,"minecraft:wooden_pickaxe":1,"immersive_armors:wooden_leggings":1,"rechiseled:chisel":1,"immersive_armors:wooden_boots":1,"minecraft:charcoal":84,"minecraft:shield":2,"minecraft:stick":44,"minecraft:iron_ingot":67,"minecraft:iron_pickaxe":2,"minecraft:cobbled_deepslate_slab":24,"minecraft:stone_shovel":9,"jeg:scrap_workbench":1,"minecraft:stone_pickaxe":11,"minecraft:cobbled_deepslate_stairs":4,"minecraft:dark_oak_planks":664,"minecraft:wheat":63,"minecraft:cooked_beef":40,"minecraft:dark_oak_stairs":28,"minecraft:cooked_salmon":36,"minecraft:bucket":1,"minecraft:stone_axe":7,"minecraft:bread":21,"minecraft:air":0,"jeg:scrap_block":1,"minecraft:oak_boat":1,"minecraft:iron_shovel":1,"minecraft:white_bed":1,"minecraft:torch":88},"minecraft:killed":{"minecraft:spider":3,"minecraft:skeleton":2,"minecraft:chicken":2,"minecraft:pig":7,"minecraft:creeper":6,"minecraft:sheep":15,"minecraft:pillager":9,"minecraft:zombie":16,"minecraft:cow":14,"minecraft:vindicator":4,"minecraft:enderman":1},"minecraft:mined":{"minecraft:dark_oak_planks":53,"minecraft:white_bed":2,"rechiseled:cobblestone_rotated_bricks_connecting":2,"minecraft:granite":46,"minecraft:grass_block":1053,"minecraft:light_gray_bed":1,"minecraft:dark_oak_trapdoor":39,"minecraft:iron_ore":9,"minecraft:cobbled_deepslate":7,"minecraft:azure_bluet":3,"minecraft:dark_oak_stairs":5,"minecraft:red_tulip":2,"simplefarming:fruit_log":4,"minecraft:smoker":1,"minecraft:chest":6,"minecraft:cobblestone":13,"minecraft:grindstone":1,"minecraft:oak_planks":1,"minecraft:sugar_cane":4,"minecraft:wall_torch":3,"minecraft:seagrass":2,"minecraft:dark_oak_slab":81,"minecraft:birch_log":7,"minecraft:wheat":14,"minecraft:magenta_bed":1,"minecraft:light_gray_wool":25,"minecraft:orange_tulip":5,"minecraft:grass":217,"rechiseled:dark_oak_planks_pattern_connecting":1,"minecraft:oak_log":297,"minecraft:beetroots":2,"minecraft:sand":105,"minecraft:dirt":134,"minecraft:stonecutter":1,"minecraft:oak_leaves":15,"minecraft:deepslate":107,"minecraft:tuff":38,"minecraft:dark_oak_log":102,"minecraft:dark_oak_fence":125,"minecraft:large_fern":1,"minecraft:hay_block":37,"minecraft:furnace":5,"minecraft:carrots":8,"minecraft:andesite":24,"rechiseled:stone_smooth_large_tiles_connecting":3,"minecraft:potatoes":3,"minecraft:deepslate_iron_ore":13,"minecraft:stone":702,"minecraft:white_tulip":1,"jeg:scrap_ore":9,"minecraft:lily_of_the_valley":21,"minecraft:dandelion":8,"minecraft:crafting_table":6,"minecraft:cornflower":2,"minecraft:copper_ore":11,"minecraft:tall_grass":19,"minecraft:diorite":17,"jeg:deepslate_scrap_ore":9,"minecraft:purple_bed":6,"rechiseled:dark_oak_planks_large_tiles_connecting":10,"minecraft:sweet_berry_bush":1,"minecraft:spruce_log":8,"minecraft:yellow_bed":4,"minecraft:coal_ore":65,"minecraft:sunflower":3,"minecraft:gravel":14},"minecraft:dropped":{"minecraft:iron_sword":3,"minecraft:cooked_beef":16,"minecraft:oak_log":29,"minecraft:crossbow":2,"simplefarming:radish_seeds":1,"immersive_armors:wither_leggings":2,"simplefarming:mango_sapling":1,"simplefarming:grape_seeds":1,"minecraft:red_carpet":2,"minecraft:emerald":2,"simplefarming:cucumber":1,"minecraft:cornflower":5,"minecraft:glistering_melon_slice":8,"immersive_armors:wooden_chestplate":1,"minecraft:white_wool":1,"minecraft:stone_axe":3,"minecraft:iron_nugget":13,"minecraft:birch_sapling":2,"minecraft:rotten_flesh":3,"minecraft:oak_planks":6,"rechiseled:cobblestone_rotated_bricks_connecting":10,"minecraft:azure_bluet":3,"simplefarming:olive_sapling":1,"minecraft:carrot":5,"simplefarming:ginger_seeds":1,"simplefarming:strawberry_bush":5,"simplefarming:banana_sapling":1,"rechiseled:chisel":2,"simplefarming:plum_sapling":1,"minecraft:egg":1,"minecraft:water_bucket":1,"minecraft:bread":13,"minecraft:wheat_seeds":58,"simplefarming:turnip_seeds":1,"minecraft:feather":2,"minecraft:iron_helmet":1,"minecraft:cobblestone":5,"simplefarming:marshmallow_root":1,"simplefarming:pear_sapling":1,"minecraft:gray_wool":1,"minecraft:torch":50,"simplefarming:rice_seeds":1,"minecraft:string":1,"simplefarming:apricot_sapling":1,"minecraft:bucket":2,"minecraft:spruce_sapling":5,"minecraft:dandelion":12,"simplefarming:orange_sapling":1,"packedup:basicbackpack":4,"immersive_armors:robe_boots":1,"simplefarming:tomato_seeds":1,"minecraft:sweet_berries":7,"minecraft:stone_sword":1,"simplefarming:squash":1,"simplefarming:chicory_root":1,"minecraft:white_carpet":1,"simplefarming:raspberries":3,"simplefarming:apple_sapling":1,"minecraft:filled_map":1,"minecraft:shield":1,"minecraft:allium":1,"simplefarming:cherry_sapling":1,"minecraft:golden_sword":1,"minecraft:spider_eye":1,"minecraft:stone_bricks":2,"minecraft:spruce_log":20,"pfm:furniture_book":1,"minecraft:stone_pickaxe":3,"minecraft:red_tulip":1,"simplefarming:zucchini":1}},"DataVersion":3337}