{"stats":{"minecraft:used":{"minecraft:stone_pickaxe":439,"minecraft:chest":2,"minecraft:wooden_pickaxe":59,"minecraft:torch":11,"minecraft:crafting_table":3,"minecraft:carrot":4,"minecraft:gravel":1,"minecraft:stone_axe":106,"minecraft:furnace":4,"minecraft:cooked_porkchop":5,"minecraft:yellow_bed":3},"minecraft:killed":{"minecraft:pig":3,"minecraft:sheep":8,"minecraft:chicken":2,"minecraft:cow":9},"minecraft:broken":{"minecraft:stone_pickaxe":3,"minecraft:stone_axe":1,"minecraft:wooden_pickaxe":1},"minecraft:custom":{"minecraft:interact_with_furnace":20,"minecraft:mob_kills":22,"minecraft:interact_with_crafting_table":10,"minecraft:time_since_death":65176,"minecraft:sleep_in_bed":2,"minecraft:time_since_rest":40691,"minecraft:sprint_one_cm":180687,"minecraft:damage_taken":60,"minecraft:walk_one_cm":127304,"minecraft:drop":14,"minecraft:damage_dealt":1919,"minecraft:swim_one_cm":24732,"minecraft:fly_one_cm":285501,"minecraft:open_chest":9,"minecraft:crouch_one_cm":1614,"minecraft:play_time":65176,"minecraft:sneak_time":424,"minecraft:walk_under_water_one_cm":1302,"minecraft:jump":1116,"minecraft:walk_on_water_one_cm":4000,"minecraft:total_world_time":65176,"minecraft:fall_one_cm":26604,"minecraft:horse_one_cm":5340},"minecraft:dropped":{"simplefarming:tomato_seeds":1,"minecraft:stone_axe":1,"minecraft:wheat_seeds":14,"minecraft:oak_log":29,"minecraft:birch_sapling":2,"minecraft:feather":2,"minecraft:gray_wool":1,"minecraft:allium":1,"minecraft:red_tulip":1,"minecraft:egg":1},"minecraft:crafted":{"minecraft:cooked_beef":10,"minecraft:oak_slab":6,"minecraft:oak_planks":44,"minecraft:cooked_porkchop":9,"minecraft:crafting_table":1,"minecraft:wooden_pickaxe":1,"minecraft:cooked_chicken":2,"minecraft:cooked_salmon":4,"minecraft:stone_axe":2,"minecraft:air":0,"minecraft:stick":16,"minecraft:stone_pickaxe":4,"minecraft:chest":2,"minecraft:torch":16},"minecraft:picked_up":{"minecraft:birch_log":7,"minecraft:allium":1,"minecraft:crafting_table":2,"minecraft:feather":2,"minecraft:chicken":2,"minecraft:andesite":24,"minecraft:salmon":10,"minecraft:leather":13,"minecraft:potato":3,"minecraft:oak_log":80,"jeg:scrap":3,"minecraft:yellow_bed":3,"minecraft:dirt":17,"minecraft:raw_copper":27,"minecraft:orange_tulip":26,"minecraft:wheat_seeds":14,"minecraft:beef":18,"simplefarming:tomato_seeds":1,"minecraft:light_gray_wool":1,"minecraft:birch_sapling":2,"jeg:tech_trash":3,"minecraft:furnace":4,"minecraft:egg":1,"minecraft:stick":11,"minecraft:raw_iron":8,"minecraft:torch":2,"minecraft:gravel":1,"minecraft:porkchop":9,"minecraft:diorite":17,"minecraft:carrot":8,"minecraft:beetroot_seeds":2,"minecraft:stone_axe":1,"minecraft:granite":26,"minecraft:red_tulip":2,"minecraft:gray_wool":1,"minecraft:oak_sapling":20,"minecraft:mutton":12,"minecraft:coal":57,"minecraft:cobblestone":344,"minecraft:white_wool":7},"minecraft:mined":{"jeg:scrap_ore":4,"minecraft:crafting_table":2,"minecraft:granite":26,"minecraft:grass_block":6,"minecraft:copper_ore":8,"minecraft:cobblestone":9,"minecraft:tall_grass":1,"minecraft:diorite":17,"minecraft:wall_torch":2,"minecraft:furnace":2,"minecraft:carrots":8,"minecraft:birch_log":7,"minecraft:iron_ore":8,"minecraft:wheat":14,"minecraft:andesite":24,"minecraft:orange_tulip":5,"minecraft:yellow_bed":3,"minecraft:grass":6,"minecraft:oak_log":52,"minecraft:potatoes":3,"minecraft:red_tulip":2,"minecraft:coal_ore":57,"minecraft:beetroots":2,"minecraft:gravel":1,"minecraft:dirt":11,"minecraft:stone":335,"simplefarming:fruit_log":4}},"DataVersion":3337}