{"stats":{"minecraft:custom":{"minecraft:mob_kills":80,"minecraft:interact_with_crafting_table":67,"minecraft:open_barrel":2,"minecraft:leave_game":3,"minecraft:time_since_death":503153,"minecraft:climb_one_cm":5073,"minecraft:sprint_one_cm":1123455,"minecraft:walk_one_cm":1352632,"minecraft:damage_blocked_by_shield":1295,"minecraft:drop":116,"minecraft:talked_to_villager":7,"minecraft:play_time":503153,"minecraft:sneak_time":18978,"minecraft:walk_under_water_one_cm":35605,"minecraft:boat_one_cm":129488,"minecraft:jump":7386,"minecraft:walk_on_water_one_cm":84184,"minecraft:total_world_time":503153,"minecraft:interact_with_furnace":105,"minecraft:interact_with_stonecutter":1,"minecraft:interact_with_grindstone":2,"minecraft:sleep_in_bed":29,"minecraft:time_since_rest":2722,"minecraft:damage_taken":1770,"minecraft:damage_dealt":10855,"minecraft:swim_one_cm":155744,"minecraft:fly_one_cm":1726039,"minecraft:open_chest":342,"minecraft:crouch_one_cm":51237,"minecraft:interact_with_smoker":12,"minecraft:fall_one_cm":143370,"minecraft:horse_one_cm":5340},"minecraft:picked_up":{"simplefarming:pea_seeds":1,"minecraft:crafting_table":5,"minecraft:azure_bluet":3,"minecraft:allium":1,"minecraft:chicken":2,"minecraft:ladder":3,"packedup:basicbackpack":2,"simplefarming:turnip_seeds":2,"rechiseled:stone_smooth_large_tiles_connecting":3,"minecraft:golden_sword":1,"minecraft:dark_oak_trapdoor":26,"minecraft:cornflower":5,"minecraft:string":5,"simplefarming:cumin_seeds":15,"minecraft:raw_copper":36,"minecraft:white_carpet":1,"minecraft:cobbled_deepslate":96,"minecraft:bucket":2,"minecraft:beef":28,"minecraft:oak_boat":2,"minecraft:iron_nugget":13,"minecraft:light_gray_wool":26,"simplefarming:barley_seeds":1,"minecraft:sugar_cane":13,"minecraft:chest":6,"minecraft:birch_sapling":2,"simplefarming:spinach_seeds":2,"minecraft:furnace":7,"minecraft:iron_boots":1,"minecraft:egg":7,"minecraft:stick":68,"minecraft:raw_iron":22,"minecraft:torch":53,"simplefarming:yam_seeds":2,"minecraft:porkchop":17,"immersive_armors:robe_boots":1,"simplefarming:raspberries":3,"immersive_armors:wither_leggings":2,"minecraft:diorite":17,"minecraft:carrot":13,"simplefarming:eggplant_seeds":1,"minecraft:dark_oak_planks":46,"minecraft:stone_sword":1,"minecraft:arrow":9,"minecraft:light_gray_bed":1,"minecraft:rotten_flesh":21,"minecraft:beetroot_seeds":2,"minecraft:pumpkin_pie":4,"minecraft:hay_block":37,"minecraft:red_tulip":2,"simplefarming:ginger_seeds":3,"minecraft:glistering_melon_slice":8,"minecraft:mutton":23,"minecraft:white_wool":14,"minecraft:cobblestone":460,"minecraft:birch_log":7,"minecraft:feather":2,"minecraft:cooked_beef":3,"minecraft:water_bucket":1,"minecraft:andesite":24,"minecraft:salmon":10,"minecraft:leather":15,"minecraft:smoker":1,"minecraft:potato":3,"minecraft:filled_map":1,"minecraft:tuff":31,"minecraft:oak_log":322,"jeg:scrap":19,"minecraft:yellow_bed":4,"minecraft:magenta_bed":1,"minecraft:gunpowder":10,"simplefarming:broccoli_seeds":2,"minecraft:dirt":1021,"minecraft:lantern":1,"jeg:grenade":1,"simplefarming:grape_seeds":2,"minecraft:red_carpet":2,"minecraft:bone":2,"minecraft:apple":10,"minecraft:stone_bricks":2,"minecraft:bow":1,"minecraft:stonecutter":1,"minecraft:wheat_seeds":53,"minecraft:orange_tulip":26,"minecraft:stone_pickaxe":2,"minecraft:grindstone":1,"simplefarming:tomato_seeds":1,"rechiseled:chisel":1,"minecraft:iron_sword":2,"minecraft:dark_oak_stairs":4,"minecraft:oak_planks":70,"jeg:tech_trash":6,"simplefarming:corn_seeds":1,"simplefarming:rice_seeds":1,"minecraft:dark_oak_slab":57,"minecraft:sweet_berries":9,"simplefarming:radish_seeds":1,"minecraft:dandelion":13,"minecraft:gravel":18,"minecraft:sand":105,"minecraft:white_bed":1,"minecraft:spruce_sapling":5,"rechiseled:dark_oak_planks_pattern_connecting":1,"simplefarming:squash_seeds":1,"minecraft:spruce_log":28,"minecraft:dark_oak_log":102,"minecraft:spider_eye":1,"minecraft:purple_bed":6,"minecraft:stone_axe":2,"immersive_armors:wooden_chestplate":1,"minecraft:iron_helmet":1,"minecraft:crossbow":1,"minecraft:granite":46,"simplefarming:olives":3,"minecraft:gray_wool":1,"minecraft:emerald":7,"minecraft:bread":23,"pfm:furniture_book":1,"minecraft:dark_oak_fence":109,"minecraft:oak_sapling":129,"minecraft:coal":57},"minecraft:used":{"rechiseled:dark_oak_planks_dotted_connecting":12,"rechiseled:stone_smooth_large_tiles_connecting":198,"minecraft:stone_shovel":1081,"minecraft:oak_sign":3,"minecraft:chest":17,"minecraft:shield":49,"minecraft:iron_sword":204,"minecraft:cooked_salmon":4,"minecraft:torch":85,"minecraft:dirt":1005,"minecraft:hopper":2,"rechiseled:cobblestone_pillar":28,"minecraft:carrot":4,"rechiseled:dark_oak_planks_pattern_connecting":230,"minecraft:lava_bucket":1,"minecraft:bow":3,"minecraft:beef":1,"minecraft:oak_sapling":39,"minecraft:furnace":7,"minecraft:cooked_beef":17,"minecraft:light_gray_bed":1,"minecraft:cooked_mutton":10,"minecraft:dark_oak_stairs":4,"minecraft:water_bucket":4,"minecraft:stone_pickaxe":776,"minecraft:wooden_pickaxe":59,"minecraft:stonecutter":1,"minecraft:sugar_cane":4,"minecraft:crafting_table":9,"minecraft:magenta_bed":1,"rechiseled:cobblestone_rotated_bricks_connecting":56,"minecraft:white_bed":1,"minecraft:crossbow":3,"minecraft:cobbled_deepslate_stairs":1,"minecraft:smoker":1,"rechiseled:dark_oak_planks_squares_connecting":2,"minecraft:iron_pickaxe":250,"simplefarming:olives":3,"rechiseled:cobblestone_chiseled_border_connecting":94,"minecraft:gravel":1,"rechiseled:cobblestone_pillar_connecting":70,"jeg:scrap_workbench":1,"rechiseled:stone_smooth_connecting":46,"minecraft:stone_axe":763,"minecraft:porkchop":2,"minecraft:cobbled_deepslate_slab":24,"minecraft:cobblestone":10,"minecraft:purple_bed":6,"minecraft:grindstone":1,"minecraft:cooked_porkchop":9,"minecraft:bucket":5,"minecraft:pumpkin_pie":9,"minecraft:yellow_bed":4,"minecraft:oak_boat":3,"minecraft:dandelion":1},"minecraft:broken":{"minecraft:wooden_pickaxe":1,"minecraft:stone_pickaxe":6,"minecraft:stone_axe":4,"minecraft:iron_pickaxe":1,"minecraft:stone_shovel":7},"minecraft:crafted":{"minecraft:cobbled_deepslate_slab":24,"minecraft:oak_planks":248,"minecraft:stone_shovel":9,"minecraft:oak_sign":3,"minecraft:cooked_chicken":5,"minecraft:stone":276,"minecraft:cooked_mutton":21,"immersive_armors:wooden_chestplate":1,"minecraft:hopper":2,"jeg:scrap_workbench":1,"minecraft:stone_pickaxe":11,"minecraft:chest":18,"minecraft:cobbled_deepslate_stairs":4,"packedup:basicbackpack":4,"immersive_armors:wooden_helmet":1,"minecraft:dark_oak_planks":236,"minecraft:cooked_beef":40,"minecraft:oak_slab":6,"minecraft:cooked_porkchop":9,"minecraft:dark_oak_stairs":4,"minecraft:crafting_table":6,"minecraft:wooden_pickaxe":1,"immersive_armors:wooden_leggings":1,"minecraft:cooked_salmon":36,"minecraft:bucket":1,"minecraft:stone_axe":7,"minecraft:air":0,"jeg:scrap_block":1,"rechiseled:chisel":1,"immersive_armors:wooden_boots":1,"minecraft:oak_boat":1,"minecraft:charcoal":84,"minecraft:shield":2,"minecraft:stick":44,"minecraft:iron_ingot":67,"minecraft:iron_pickaxe":2,"minecraft:white_bed":1,"minecraft:torch":88},"minecraft:killed":{"minecraft:vindicator":4,"minecraft:spider":3,"minecraft:skeleton":2,"minecraft:chicken":2,"minecraft:pig":7,"minecraft:creeper":6,"minecraft:sheep":15,"minecraft:pillager":9,"minecraft:zombie":16,"minecraft:cow":14,"minecraft:enderman":1},"minecraft:mined":{"minecraft:dark_oak_planks":46,"minecraft:tuff":38,"minecraft:white_bed":1,"rechiseled:cobblestone_rotated_bricks_connecting":2,"minecraft:dark_oak_log":102,"minecraft:dark_oak_fence":110,"minecraft:granite":46,"minecraft:grass_block":917,"minecraft:light_gray_bed":1,"minecraft:large_fern":1,"minecraft:hay_block":37,"minecraft:furnace":5,"minecraft:carrots":8,"minecraft:dark_oak_trapdoor":27,"minecraft:iron_ore":9,"minecraft:cobbled_deepslate":7,"rechiseled:stone_smooth_large_tiles_connecting":3,"minecraft:andesite":24,"minecraft:dark_oak_stairs":4,"minecraft:azure_bluet":2,"minecraft:red_tulip":2,"minecraft:potatoes":3,"minecraft:deepslate_iron_ore":13,"minecraft:stone":701,"simplefarming:fruit_log":4,"jeg:scrap_ore":4,"minecraft:lily_of_the_valley":1,"minecraft:smoker":1,"minecraft:dandelion":8,"minecraft:cornflower":2,"minecraft:crafting_table":5,"minecraft:chest":6,"minecraft:tall_grass":19,"minecraft:copper_ore":11,"minecraft:cobblestone":13,"minecraft:grindstone":1,"minecraft:sugar_cane":4,"minecraft:diorite":17,"minecraft:wall_torch":3,"minecraft:seagrass":1,"jeg:deepslate_scrap_ore":9,"minecraft:purple_bed":6,"minecraft:dark_oak_slab":58,"minecraft:birch_log":7,"minecraft:wheat":14,"minecraft:sweet_berry_bush":1,"minecraft:magenta_bed":1,"minecraft:spruce_log":8,"minecraft:light_gray_wool":25,"minecraft:orange_tulip":5,"minecraft:yellow_bed":4,"rechiseled:dark_oak_planks_pattern_connecting":1,"minecraft:grass":209,"minecraft:oak_log":297,"minecraft:coal_ore":57,"minecraft:beetroots":2,"minecraft:sunflower":3,"minecraft:sand":105,"minecraft:gravel":14,"minecraft:dirt":126,"minecraft:stonecutter":1,"minecraft:oak_leaves":15,"minecraft:deepslate":107},"minecraft:dropped":{"minecraft:water_bucket":1,"minecraft:bread":13,"minecraft:iron_sword":3,"minecraft:wheat_seeds":57,"minecraft:cooked_beef":16,"minecraft:oak_log":29,"minecraft:iron_helmet":1,"minecraft:crossbow":2,"minecraft:feather":2,"simplefarming:radish_seeds":1,"simplefarming:turnip_seeds":1,"minecraft:cobblestone":5,"immersive_armors:wither_leggings":2,"minecraft:red_carpet":2,"simplefarming:grape_seeds":1,"minecraft:emerald":2,"minecraft:gray_wool":1,"minecraft:torch":50,"minecraft:cornflower":5,"simplefarming:rice_seeds":1,"minecraft:glistering_melon_slice":8,"immersive_armors:wooden_chestplate":1,"minecraft:string":1,"minecraft:white_wool":1,"minecraft:bucket":2,"minecraft:spruce_sapling":5,"minecraft:dandelion":12,"packedup:basicbackpack":4,"immersive_armors:robe_boots":1,"simplefarming:tomato_seeds":1,"minecraft:stone_axe":3,"minecraft:sweet_berries":7,"minecraft:iron_nugget":13,"minecraft:stone_sword":1,"minecraft:birch_sapling":2,"minecraft:white_carpet":1,"minecraft:rotten_flesh":3,"simplefarming:raspberries":3,"minecraft:oak_planks":6,"minecraft:azure_bluet":3,"rechiseled:cobblestone_rotated_bricks_connecting":10,"minecraft:carrot":5,"simplefarming:ginger_seeds":1,"minecraft:filled_map":1,"minecraft:shield":1,"minecraft:allium":1,"minecraft:golden_sword":1,"minecraft:stone_bricks":2,"minecraft:spider_eye":1,"pfm:furniture_book":1,"minecraft:spruce_log":20,"rechiseled:chisel":2,"minecraft:stone_pickaxe":3,"minecraft:red_tulip":1,"minecraft:egg":1}},"DataVersion":3337}