{"stats":{"minecraft:broken":{"immersive_armors:bone_chestplate":1,"minecraft:wooden_pickaxe":1,"minecraft:shield":1,"immersive_armors:wooden_helmet":1,"minecraft:iron_axe":1,"minecraft:iron_pickaxe":15,"minecraft:iron_shovel":7,"minecraft:golden_shovel":3,"minecraft:stone_pickaxe":10,"minecraft:stone_axe":17,"minecraft:stone_shovel":7},"minecraft:killed":{"minecraft:skeleton":3,"minecraft:chicken":3,"minecraft:salmon":7,"minecraft:pillager":26,"minecraft:zombie":19,"minecraft:cow":22,"minecraft:vindicator":5,"minecraft:wandering_trader":1,"minecraft:enderman":1,"minecraft:spider":3,"minecraft:pig":18,"minecraft:creeper":9,"minecraft:sheep":33,"minecraft:villager":5},"minecraft:used":{"minecraft:ladder":23,"minecraft:chest":85,"minecraft:stone":36,"minecraft:spruce_boat":3,"minecraft:lava_bucket":2,"minecraft:villager_spawn_egg":8,"minecraft:grass_block":20,"minecraft:birch_sapling":45,"rechiseled:cobblestone_brick_paving_connecting":3,"pfm:smooth_stone_kitchen_wall_counter":3,"minecraft:dark_oak_slab":244,"minecraft:bow":24,"minecraft:oak_sapling":118,"minecraft:furnace":7,"pfm:white_fridge":3,"minecraft:wooden_pickaxe":96,"pfm:white_stove":3,"rechiseled:cobblestone_chiseled_border":9,"rechiseled:dark_oak_planks_bricks_connecting":29,"minecraft:dark_oak_trapdoor":10,"pfm:concrete_kitchen_counter":15,"minecraft:sand":3,"pfm:basic_shower_handle":1,"pfm:working_table":1,"rechiseled:birch_planks_dotted_connecting":106,"rechiseled:dark_oak_planks_large_tiles_connecting":278,"simplefarming:olives":3,"rechiseled:mangrove_planks_crate":8,"minecraft:flowering_azalea_leaves":73,"rechiseled:stone_smooth_connecting":122,"minecraft:smithing_table":1,"minecraft:oak_boat":11,"minecraft:gray_stained_glass":4,"rechiseled:dark_oak_planks_dotted_connecting":12,"minecraft:oak_trapdoor":8,"pfm:white_modern_stool":7,"minecraft:cooked_salmon":26,"minecraft:torch":259,"minecraft:golden_shovel":96,"pfm:basic_cutlery":1,"minecraft:iron_axe":536,"rechiseled:oak_planks_diagonal_tiles":12,"pfm:concrete_kitchen_sink":1,"rechiseled:dark_oak_planks_woven_connecting":127,"rechiseled:granite_dotted_connecting":24,"minecraft:beef":1,"minecraft:water_bucket":26,"minecraft:birch_planks":4,"minecraft:oak_slab":635,"minecraft:crafting_table":20,"rechiseled:cobblestone_rotated_bricks_connecting":56,"minecraft:white_bed":22,"pfm:birch_magenta_classic_bed":1,"minecraft:oak_log":165,"pfm:concrete_kitchen_cabinet":2,"minecraft:diamond_shovel":1304,"minecraft:iron_pickaxe":4151,"jeg:scrap_workbench":1,"rechiseled:oak_planks_beams_connecting":155,"minecraft:cobblestone":231,"minecraft:purple_bed":6,"minecraft:porkchop":2,"minecraft:cooked_porkchop":16,"minecraft:glass_pane":14,"minecraft:stripped_oak_log":49,"minecraft:dandelion":1,"minecraft:moss_carpet":2,"simplefarming:oat_seeds":1,"rechiseled:oak_planks_bricks":64,"rechiseled:stone_smooth_large_tiles_connecting":494,"minecraft:iron_shovel":2187,"minecraft:light_gray_stained_glass_pane":14,"minecraft:oak_sign":25,"minecraft:white_concrete_powder":120,"minecraft:shield":126,"minecraft:iron_sword":267,"rechiseled:cobblestone_brick_pattern_connecting":83,"jeg:burst_rifle":2,"minecraft:mutton":4,"minecraft:carrot":4,"rechiseled:cobblestone_pillar":61,"rechiseled:dark_oak_planks_pattern_connecting":230,"pfm:raw_concrete_powder":80,"jeg:grenade":1,"minecraft:milk_bucket":7,"pfm:iron_toaster":1,"rechiseled:spruce_planks_large_tiles_connecting":201,"minecraft:lantern":15,"pfm:concrete_kitchen_wall_drawer":3,"minecraft:mangrove_roots":24,"pfm:white_mirror":2,"pfm:birch_orange_classic_bed":1,"minecraft:dark_oak_stairs":29,"minecraft:stone_pickaxe":1248,"minecraft:oak_planks":1,"minecraft:diamond_axe":728,"minecraft:sugar_cane":4,"pfm:concrete_kitchen_counter_oven":1,"minecraft:crossbow":3,"minecraft:stone_brick_wall":13,"minecraft:cobbled_deepslate_stairs":1,"rechiseled:dark_oak_planks_squares_connecting":2,"minecraft:bread":31,"rechiseled:oak_planks_bricks_connecting":50,"minecraft:gravel":1,"rechiseled:cobblestone_pillar_connecting":208,"minecraft:grindstone":1,"minecraft:air":3,"minecraft:oak_fence":377,"rechiseled:dark_oak_planks_small_tiles_connecting":171,"minecraft:stone_shovel":1088,"minecraft:cooked_chicken":5,"minecraft:oak_door":3,"minecraft:dirt":2662,"minecraft:hopper":2,"minecraft:granite":15,"minecraft:birch_door":2,"minecraft:stone_brick_slab":497,"minecraft:dark_oak_planks":39,"minecraft:light_gray_stained_glass":13,"pfm:concrete_kitchen_drawer":3,"minecraft:oak_stairs":121,"pfm:concrete_kitchen_wall_small_drawer":7,"minecraft:cooked_beef":44,"rechiseled:granite_dotted":4,"minecraft:light_gray_bed":1,"minecraft:cooked_mutton":18,"pfm:basic_shower_head":3,"minecraft:stonecutter":1,"minecraft:magenta_bed":1,"minecraft:light_gray_concrete_powder":16,"rechiseled:dark_oak_planks_diagonal_tiles_connecting":237,"minecraft:smoker":1,"minecraft:dark_oak_door":2,"minecraft:wooden_hoe":1,"minecraft:apple":13,"rechiseled:cobblestone_chiseled_border_connecting":202,"minecraft:stone_slab":7,"minecraft:stone_axe":2541,"rechiseled:spruce_planks_tiles_connecting":1,"minecraft:cobbled_deepslate_slab":24,"minecraft:white_banner":1,"rechiseled:cobblestone_pulverized_connecting":106,"minecraft:bucket":29,"minecraft:yellow_bed":4,"minecraft:pumpkin_pie":9,"rechiseled:stone_bordered":4,"pfm:basic_plate":5},"minecraft:killed_by":{"minecraft:player":2},"minecraft:custom":{"minecraft:interact_with_crafting_table":226,"minecraft:open_barrel":4,"minecraft:leave_game":15,"minecraft:time_since_death":203933,"minecraft:damage_blocked_by_shield":3437,"minecraft:play_time":2004018,"minecraft:deaths":2,"minecraft:plate_used":10,"minecraft:jump":19597,"minecraft:interact_with_furnace":196,"minecraft:traded_with_villager":293,"minecraft:stove_opened":8,"minecraft:sleep_in_bed":126,"minecraft:damage_dealt":20048,"minecraft:interact_with_smoker":28,"minecraft:horse_one_cm":5340,"minecraft:interact_with_smithing_table":4,"minecraft:fridge_opened":5,"minecraft:chair_used":5,"minecraft:sneak_time":87588,"minecraft:interact_with_blast_furnace":1,"minecraft:drawer_searched":15,"minecraft:total_world_time":2004018,"minecraft:interact_with_stonecutter":12,"minecraft:cabinet_searched":4,"minecraft:time_since_rest":1907,"minecraft:swim_one_cm":245498,"minecraft:fly_one_cm":4682059,"minecraft:open_chest":1203,"minecraft:fall_one_cm":319713,"minecraft:sprint_one_cm":3297885,"minecraft:drop":654,"minecraft:talked_to_villager":74,"minecraft:walk_on_water_one_cm":273452,"minecraft:player_kills":1,"minecraft:crouch_one_cm":260919,"minecraft:mob_kills":159,"minecraft:climb_one_cm":52508,"minecraft:walk_one_cm":5623553,"minecraft:walk_under_water_one_cm":193027,"minecraft:boat_one_cm":1770632,"minecraft:interact_with_grindstone":2,"minecraft:damage_taken":5411},"minecraft:dropped":{"minecraft:iron_sword":3,"minecraft:cooked_beef":16,"minecraft:crossbow":12,"minecraft:rooted_dirt":3,"simplefarming:grape_seeds":1,"minecraft:red_carpet":2,"minecraft:emerald":2,"minecraft:dirt":68,"simplefarming:rye_seeds":2,"simplefarming:cucumber":1,"minecraft:dark_oak_fence":1,"minecraft:sand":4,"minecraft:iron_pickaxe":5,"simplefarming:squash_seeds":1,"minecraft:white_wool":1,"minecraft:stone_axe":61,"minecraft:iron_nugget":13,"minecraft:birch_sapling":2,"minecraft:rotten_flesh":6,"minecraft:oak_planks":6,"simplefarming:cassava_seeds":1,"simplefarming:oat":1,"minecraft:azure_bluet":3,"simplefarming:ginger_seeds":2,"minecraft:azalea_leaves":256,"simplefarming:strawberry_bush":5,"minecraft:glass":113,"minecraft:flowering_azalea_leaves":576,"simplefarming:plum_sapling":1,"minecraft:egg":4,"minecraft:iron_ingot":60,"minecraft:wheat_seeds":146,"minecraft:iron_helmet":1,"minecraft:feather":4,"minecraft:cobblestone":5,"minecraft:apple":2,"minecraft:granite":9,"simplefarming:corn_seeds":1,"minecraft:polished_andesite":6,"simplefarming:pear_sapling":1,"minecraft:gray_wool":1,"minecraft:wooden_hoe":1,"minecraft:cooked_salmon":10,"minecraft:white_banner":2,"minecraft:mud":6,"minecraft:string":1,"simplefarming:apricot_sapling":1,"minecraft:lily_pad":2,"minecraft:spruce_sapling":15,"minecraft:stone_brick_slab":97,"simplefarming:orange_sapling":1,"simplefarming:tomato_seeds":2,"minecraft:moss_carpet":29,"minecraft:stone_sword":1,"minecraft:diamond_hoe":3,"minecraft:stone_shovel":34,"minecraft:white_carpet":1,"simplefarming:raspberries":3,"minecraft:oak_sign":3,"minecraft:shears":7,"minecraft:cobblestone_slab":1,"minecraft:spruce_boat":2,"minecraft:stone":64,"minecraft:allium":1,"simplefarming:cucumber_seeds":1,"minecraft:spider_eye":1,"minecraft:stone_bricks":12,"minecraft:light_gray_dye":96,"pfm:furniture_book":3,"minecraft:bow":17,"minecraft:red_tulip":1,"minecraft:bell":16,"minecraft:diamond_axe":3,"minecraft:oak_log":29,"simplefarming:radish_seeds":2,"minecraft:lantern":41,"immersive_armors:wither_leggings":2,"simplefarming:mango_sapling":1,"simplefarming:pea_seeds":1,"minecraft:dark_oak_log":1,"minecraft:cornflower":7,"minecraft:mutton":1,"simplefarming:oat_seeds":4,"minecraft:glistering_melon_slice":8,"immersive_armors:wooden_chestplate":1,"minecraft:gravel":3,"minecraft:white_tulip":1,"minecraft:mangrove_roots":1027,"minecraft:beetroot":1,"minecraft:diamond_shovel":1,"rechiseled:cobblestone_rotated_bricks_connecting":10,"simplefarming:pepper_seeds":6,"simplefarming:olive_sapling":1,"minecraft:carrot":5,"minecraft:chiseled_stone_bricks":1,"minecraft:mangrove_log":412,"minecraft:beetroot_seeds":14,"simplefarming:banana_sapling":1,"rechiseled:chisel":4,"simplefarming:barley_seeds":1,"minecraft:arrow":1,"minecraft:oak_leaves":4,"minecraft:water_bucket":1,"minecraft:stone_hoe":13,"minecraft:bread":13,"minecraft:oak_slab":1,"minecraft:mossy_cobblestone":1,"minecraft:smithing_table":2,"minecraft:mangrove_propagule":108,"simplefarming:turnip_seeds":1,"minecraft:lead":1,"simplefarming:marshmallow_root":1,"minecraft:copper_ingot":18,"minecraft:spruce_stairs":1,"simplefarming:broccoli_seeds":1,"minecraft:mossy_cobblestone_slab":1,"minecraft:milk_bucket":1,"minecraft:torch":50,"simplefarming:rice_seeds":2,"minecraft:granite_slab":1,"minecraft:iron_axe":2,"minecraft:bucket":5,"minecraft:dandelion":19,"packedup:basicbackpack":5,"simplefarming:cotton_seeds":2,"immersive_armors:robe_boots":1,"simplefarming:onion_seeds":4,"minecraft:sweet_berries":7,"simplefarming:squash":1,"simplefarming:barley":18,"simplefarming:chicory_root":1,"minecraft:villager_spawn_egg":1,"minecraft:stripped_oak_log":1,"simplefarming:apple_sapling":1,"simplefarming:kenaf_seeds":1,"minecraft:filled_map":2,"minecraft:muddy_mangrove_roots":1,"minecraft:shield":1,"minecraft:iron_chestplate":1,"minecraft:mossy_stone_bricks":1,"simplefarming:cherry_sapling":1,"minecraft:oak_sapling":234,"minecraft:golden_sword":1,"minecraft:spruce_log":61,"minecraft:stone_pickaxe":40,"minecraft:wooden_pickaxe":1,"simplefarming:zucchini":1,"minecraft:brick":2,"simplefarming:sorghum_seeds":1},"minecraft:picked_up":{"packedup:basicbackpack":4,"minecraft:lead":4,"minecraft:smithing_table":3,"minecraft:stone_slab":1,"minecraft:oak_stairs":78,"rechiseled:stone_smooth_large_tiles_connecting":69,"pfm:concrete_kitchen_wall_small_drawer":5,"rechiseled:oak_planks_bricks":9,"minecraft:brewing_stand":6,"minecraft:golden_sword":1,"minecraft:dark_oak_trapdoor":80,"minecraft:string":34,"simplefarming:cumin_seeds":15,"minecraft:cooked_salmon":1,"minecraft:beetroot":1,"minecraft:cobbled_deepslate":97,"minecraft:spruce_planks":56,"minecraft:azalea_leaves":128,"minecraft:mangrove_log":412,"simplefarming:barley":18,"pfm:white_stove":2,"minecraft:acacia_log":23,"simplefarming:raspberries":6,"minecraft:orange_bed":1,"minecraft:stone_sword":1,"minecraft:light_gray_bed":1,"simplefarming:pepper_seeds":6,"minecraft:red_tulip":2,"minecraft:iron_bars":6,"minecraft:birch_log":111,"minecraft:mossy_cobblestone_slab":1,"minecraft:feather":4,"minecraft:cooked_beef":7,"minecraft:water_bucket":2,"minecraft:brown_wool":2,"minecraft:smoker":1,"pfm:raw_concrete":80,"minecraft:flint":13,"minecraft:magenta_bed":2,"jeg:scrap":51,"pfm:concrete_kitchen_wall_drawer":2,"minecraft:mangrove_slab":4,"minecraft:lantern":3,"rechiseled:oak_planks_beams_connecting":27,"simplefarming:cucumber_seeds":1,"minecraft:stonecutter":1,"simplefarming:kenaf_seeds":1,"simplefarming:tomato_seeds":2,"rechiseled:chisel":4,"rechiseled:cobblestone_chiseled_border":7,"rechiseled:cobblestone_pulverized_connecting":14,"simplefarming:radish_seeds":3,"rechiseled:spruce_planks_brick_paving_connecting":5,"minecraft:ink_sac":6,"minecraft:granite_slab":1,"rechiseled:dark_oak_planks_pattern_connecting":1,"minecraft:dark_oak_log":390,"minecraft:polished_andesite":6,"minecraft:white_candle":13,"minecraft:granite":271,"minecraft:bread":33,"minecraft:rooted_dirt":3,"simplefarming:cassava_seeds":1,"minecraft:dark_oak_fence":251,"minecraft:diamond_pickaxe":2,"minecraft:mud":6,"minecraft:crafting_table":16,"rechiseled:mangrove_planks_crate":8,"minecraft:cornflower":7,"minecraft:white_carpet":1,"minecraft:iron_shovel":1,"minecraft:beef":46,"minecraft:iron_nugget":13,"rechiseled:cobblestone_brick_pattern_connecting":19,"rechiseled:dark_oak_planks_diagonal_tiles_connecting":5,"minecraft:chest":27,"minecraft:birch_sapling":45,"rechiseled:dark_oak_planks_bricks_connecting":1,"minecraft:egg":16,"minecraft:oak_door":4,"simplefarming:yam_seeds":2,"simplefarming:onion_seeds":5,"immersive_armors:wither_leggings":2,"minecraft:carrot":13,"minecraft:redstone":14,"simplefarming:eggplant_seeds":1,"minecraft:stone_shovel":1,"minecraft:beetroot_seeds":9,"minecraft:shears":5,"minecraft:hay_block":37,"rechiseled:dark_oak_planks_large_tiles_connecting":8,"minecraft:mutton":47,"minecraft:white_wool":38,"minecraft:oxeye_daisy":2,"minecraft:stripped_oak_log":78,"rechiseled:spruce_planks_large_tiles_connecting":16,"simplefarming:soybean_seeds":1,"minecraft:filled_map":2,"simplefarming:rye_seeds":3,"minecraft:oak_log":925,"minecraft:lily_pad":3,"rechiseled:granite_dotted":4,"simplefarming:broccoli_seeds":4,"minecraft:white_banner":9,"simplefarming:grape_seeds":2,"rechiseled:dark_oak_planks_woven_connecting":34,"minecraft:apple":43,"minecraft:stone_bricks":12,"minecraft:stone_pickaxe":2,"minecraft:iron_sword":6,"minecraft:dark_oak_stairs":5,"pfm:basic_plate":3,"minecraft:dark_oak_slab":97,"minecraft:milk_bucket":3,"minecraft:light_gray_stained_glass":2,"minecraft:sweet_berries":9,"minecraft:gravel":210,"minecraft:spruce_sapling":31,"minecraft:spruce_log":205,"simplefarming:raspberry_bush":3,"pfm:basic_cutlery":3,"minecraft:diamond_shovel":1,"minecraft:purple_bed":6,"minecraft:stone_axe":4,"minecraft:diamond_axe":2,"minecraft:gray_wool":2,"simplefarming:cotton_seeds":2,"minecraft:mangrove_propagule":108,"simplefarming:turnip_seeds":2,"minecraft:raw_copper":95,"minecraft:iron_leggings":2,"minecraft:armor_stand":2,"rechiseled:cobblestone_brick_paving_connecting":3,"minecraft:oak_sign":6,"minecraft:bucket":2,"minecraft:white_tulip":2,"minecraft:cobblestone_slab":1,"minecraft:azalea":11,"minecraft:iron_pickaxe":2,"simplefarming:spinach_seeds":2,"minecraft:iron_boots":3,"minecraft:furnace":8,"minecraft:stick":481,"minecraft:oak_fence":26,"simplefarming:oat":1,"minecraft:torch":142,"minecraft:spruce_stairs":1,"minecraft:porkchop":40,"minecraft:diorite":53,"rechiseled:cobblestone_pillar_connecting":8,"minecraft:rotten_flesh":24,"minecraft:mangrove_roots":1055,"minecraft:cobblestone":2587,"minecraft:muddy_mangrove_roots":1,"minecraft:andesite":24,"minecraft:potato":3,"minecraft:tuff":31,"minecraft:lapis_lazuli":23,"minecraft:dirt":3997,"rechiseled:dark_oak_planks_small_tiles_connecting":17,"minecraft:bone":6,"minecraft:bow":3,"minecraft:orange_tulip":26,"minecraft:wheat_seeds":147,"minecraft:raw_gold":12,"minecraft:bell":6,"minecraft:grindstone":3,"pfm:concrete_kitchen_counter":5,"minecraft:mossy_stone_bricks":1,"minecraft:oak_planks":120,"minecraft:stone_hoe":1,"simplefarming:corn_seeds":2,"minecraft:cooked_porkchop":2,"minecraft:sand":119,"minecraft:lily_of_the_valley":60,"minecraft:mossy_cobblestone":1,"minecraft:light_gray_concrete":16,"minecraft:diamond":2,"minecraft:spruce_boat":3,"pfm:basic_shower_head":2,"minecraft:crossbow":1,"simplefarming:olives":3,"minecraft:bone_meal":1,"minecraft:white_concrete":120,"minecraft:emerald":105,"pfm:furniture_book":3,"minecraft:oak_sapling":339,"minecraft:oak_leaves":4,"simplefarming:pea_seeds":2,"minecraft:allium":1,"minecraft:azure_bluet":5,"minecraft:chicken":3,"minecraft:ladder":26,"minecraft:stone_brick_wall":11,"minecraft:brick":2,"minecraft:shield":2,"minecraft:iron_axe":2,"simplefarming:sorghum_seeds":1,"minecraft:moss_carpet":137,"minecraft:candle":15,"simplefarming:oat_seeds":5,"minecraft:oak_boat":11,"pfm:white_modern_stool":4,"minecraft:light_gray_wool":52,"minecraft:sugar_cane":13,"simplefarming:barley_seeds":2,"minecraft:spruce_trapdoor":2,"minecraft:raw_iron":25,"immersive_armors:bone_chestplate":1,"minecraft:copper_ingot":18,"minecraft:flowering_azalea_leaves":1,"immersive_armors:robe_boots":1,"rechiseled:stone_smooth_connecting":7,"minecraft:dark_oak_planks":56,"minecraft:arrow":133,"minecraft:pumpkin_pie":4,"simplefarming:ginger_seeds":5,"minecraft:glistering_melon_slice":8,"pfm:smooth_stone_kitchen_wall_counter":9,"minecraft:salmon":17,"rechiseled:oak_planks_bricks_connecting":9,"minecraft:leather":19,"minecraft:birch_planks":59,"minecraft:chainmail_chestplate":1,"minecraft:yellow_bed":5,"minecraft:gunpowder":12,"minecraft:wooden_hoe":1,"jeg:grenade":5,"minecraft:red_carpet":2,"rechiseled:cobblestone_chiseled_border_connecting":34,"minecraft:iron_ingot":118,"minecraft:acacia_sapling":7,"jeg:tech_trash":7,"minecraft:oak_slab":313,"simplefarming:rice_seeds":2,"minecraft:chiseled_stone_bricks":1,"minecraft:stone_brick_slab":238,"minecraft:dandelion":20,"minecraft:white_bed":23,"rechiseled:cobblestone_pillar":7,"simplefarming:squash_seeds":2,"pfm:white_fridge":1,"minecraft:spider_eye":1,"immersive_armors:wooden_chestplate":1,"minecraft:chainmail_leggings":1,"minecraft:iron_helmet":3,"minecraft:coal":65},"minecraft:crafted":{"minecraft:black_dye":1,"minecraft:light_gray_concrete_powder":16,"minecraft:oak_sign":21,"pfm:white_fridge":1,"minecraft:lever":1,"minecraft:diamond_shovel":7,"minecraft:cooked_mutton":36,"minecraft:glass":131,"minecraft:birch_door":3,"minecraft:emerald":52,"minecraft:cooked_porkchop":29,"minecraft:diamond_axe":12,"pfm:raw_concrete_powder":80,"pfm:basic_plate":4,"pfm:working_table":1,"minecraft:wooden_hoe":1,"minecraft:stone_slab":6,"minecraft:iron_pickaxe":25,"minecraft:light_gray_dye":4,"minecraft:stone_shovel":56,"minecraft:diamond_hoe":6,"pfm:white_modern_stool":4,"jeg:scrap_workbench":1,"minecraft:ladder":24,"minecraft:stone_pickaxe":48,"minecraft:cobbled_deepslate_stairs":4,"minecraft:spruce_boat":2,"minecraft:dark_oak_planks":1140,"pfm:birch_magenta_classic_bed":1,"minecraft:wheat":63,"minecraft:crossbow":10,"pfm:concrete_kitchen_counter_oven":1,"minecraft:oak_stairs":104,"minecraft:iron_shovel":17,"minecraft:white_bed":1,"minecraft:oak_planks":1528,"minecraft:cooked_chicken":5,"minecraft:stone":949,"immersive_armors:wooden_chestplate":1,"pfm:light_switch":6,"minecraft:dark_oak_door":3,"minecraft:hopper":2,"minecraft:bow":21,"minecraft:chest":86,"pfm:iron_toaster":9,"immersive_armors:wooden_helmet":1,"packedup:basicbackpack":4,"minecraft:stone_hoe":12,"minecraft:oak_fence":351,"pfm:basic_cutlery":4,"minecraft:item_frame":2,"minecraft:oak_slab":522,"pfm:concrete_kitchen_drawer":3,"minecraft:arrow":192,"minecraft:crafting_table":10,"minecraft:spruce_planks":328,"minecraft:wooden_pickaxe":2,"pfm:basic_shower_handle":1,"immersive_armors:wooden_leggings":1,"minecraft:birch_planks":184,"pfm:white_mirror":2,"rechiseled:chisel":2,"immersive_armors:wooden_boots":1,"minecraft:dark_oak_slab":150,"minecraft:iron_chestplate":1,"minecraft:charcoal":144,"minecraft:shield":3,"minecraft:birch_fence":6,"minecraft:stick":260,"minecraft:iron_ingot":109,"pfm:concrete_kitchen_wall_drawer":1,"minecraft:light_gray_stained_glass_pane":16,"minecraft:shears":2,"pfm:birch_orange_classic_bed":1,"minecraft:cobbled_deepslate_slab":24,"pfm:concrete_kitchen_counter":12,"minecraft:stone_brick_wall":20,"minecraft:furnace":2,"minecraft:glass_pane":16,"pfm:concrete_kitchen_sink":1,"pfm:concrete_kitchen_wall_small_drawer":3,"minecraft:white_concrete_powder":120,"minecraft:iron_axe":10,"minecraft:slime_ball":5,"pfm:white_stove":1,"pfm:concrete_kitchen_cabinet":2,"minecraft:cooked_beef":48,"minecraft:dark_oak_stairs":28,"minecraft:bell":10,"minecraft:cooked_salmon":79,"pfm:smooth_stone_kitchen_wall_counter":6,"pfm:basic_shower_head":1,"minecraft:golden_shovel":3,"minecraft:mangrove_planks":448,"minecraft:bucket":5,"minecraft:stone_axe":65,"minecraft:air":0,"minecraft:bread":21,"jeg:scrap_block":1,"minecraft:oak_boat":1,"minecraft:white_dye":14,"minecraft:torch":152},"minecraft:mined":{"minecraft:dark_oak_planks":56,"minecraft:white_bed":22,"pfm:basic_plate":1,"rechiseled:cobblestone_rotated_bricks_connecting":2,"minecraft:jungle_leaves":1,"rechiseled:oak_planks_beams_connecting":27,"minecraft:granite":269,"minecraft:acacia_log":23,"minecraft:stone_brick_wall":3,"rechiseled:stone_smooth_connecting":7,"minecraft:light_gray_bed":1,"pfm:smooth_stone_kitchen_wall_counter":3,"minecraft:oak_wall_sign":6,"minecraft:oxeye_daisy":2,"minecraft:chiseled_stone_bricks":1,"minecraft:tall_seagrass":2,"minecraft:dark_oak_trapdoor":40,"minecraft:cobbled_deepslate":7,"minecraft:moss_carpet":4,"minecraft:granite_slab":1,"rechiseled:cobblestone_pulverized_connecting":14,"minecraft:dirt_path":99,"minecraft:oak_stairs":31,"minecraft:light_gray_concrete":16,"minecraft:orange_bed":1,"minecraft:smoker":1,"minecraft:torch":26,"minecraft:sugar_cane":4,"rechiseled:mangrove_planks_crate":8,"minecraft:birch_sapling":1,"rechiseled:dark_oak_planks_bricks_connecting":1,"minecraft:mud":6,"minecraft:light_gray_stained_glass":1,"minecraft:wheat":14,"minecraft:magenta_bed":2,"pfm:concrete_kitchen_wall_small_drawer":5,"pfm:raw_concrete":80,"minecraft:grass":916,"minecraft:mangrove_log":452,"minecraft:stonecutter":1,"minecraft:deepslate":108,"minecraft:light_gray_stained_glass_pane":2,"minecraft:mossy_cobblestone":5,"rechiseled:cobblestone_brick_paving_connecting":3,"minecraft:dark_oak_log":102,"minecraft:dark_oak_fence":125,"rechiseled:cobblestone_chiseled_border":9,"minecraft:andesite":24,"rechiseled:spruce_planks_large_tiles_connecting":16,"minecraft:potatoes":3,"minecraft:cobblestone_slab":1,"minecraft:vine":2,"minecraft:white_wool":9,"minecraft:smithing_table":1,"minecraft:oak_slab":181,"jeg:scrap_ore":18,"minecraft:lily_of_the_valley":42,"minecraft:stone_brick_slab":44,"minecraft:dandelion":15,"minecraft:cornflower":4,"minecraft:tall_grass":56,"minecraft:copper_ore":27,"minecraft:deepslate_gold_ore":12,"rechiseled:cobblestone_brick_pattern_connecting":11,"minecraft:diorite":52,"rechiseled:dark_oak_planks_woven_connecting":34,"jeg:deepslate_scrap_ore":9,"minecraft:purple_bed":6,"rechiseled:dark_oak_planks_large_tiles_connecting":10,"minecraft:spruce_log":211,"minecraft:mangrove_leaves":5,"rechiseled:dark_oak_planks_diagonal_tiles_connecting":5,"minecraft:sunflower":3,"minecraft:gravel":219,"minecraft:stone_bricks":10,"minecraft:oak_sapling":6,"rechiseled:dark_oak_planks_small_tiles_connecting":16,"minecraft:cobblestone_stairs":1,"minecraft:grass_block":1302,"minecraft:white_concrete":120,"pfm:white_stove":2,"minecraft:mossy_cobblestone_slab":1,"minecraft:iron_ore":12,"rechiseled:oak_planks_bricks_connecting":9,"minecraft:azure_bluet":5,"minecraft:dark_oak_stairs":5,"pfm:white_fridge":1,"minecraft:red_tulip":2,"minecraft:iron_bars":3,"minecraft:granite_stairs":1,"simplefarming:fruit_log":4,"minecraft:deepslate_redstone_ore":3,"pfm:basic_shower_head":2,"minecraft:chest":26,"minecraft:cobblestone":185,"minecraft:grindstone":2,"minecraft:oak_planks":1,"minecraft:wall_torch":20,"minecraft:seagrass":3,"minecraft:dark_oak_slab":95,"minecraft:birch_log":111,"rechiseled:cobblestone_chiseled_border_connecting":34,"minecraft:light_gray_wool":25,"minecraft:orange_tulip":5,"rechiseled:dark_oak_planks_pattern_connecting":1,"minecraft:oak_log":793,"minecraft:beetroots":2,"minecraft:sand":120,"minecraft:dirt":2364,"minecraft:oak_leaves":64,"minecraft:tuff":38,"minecraft:deepslate_diamond_ore":2,"minecraft:candle":1,"minecraft:oak_door":3,"minecraft:mangrove_roots":818,"minecraft:ladder":11,"minecraft:spruce_leaves":4,"minecraft:rooted_dirt":2,"minecraft:large_fern":1,"minecraft:hay_block":37,"minecraft:spruce_sapling":8,"minecraft:furnace":5,"minecraft:carrots":8,"rechiseled:cobblestone_pillar":7,"rechiseled:stone_smooth_large_tiles_connecting":69,"minecraft:deepslate_iron_ore":13,"minecraft:lantern":1,"pfm:white_modern_stool":4,"minecraft:stripped_oak_log":25,"minecraft:stone":4117,"minecraft:white_tulip":1,"pfm:concrete_kitchen_counter":5,"minecraft:podzol":413,"rechiseled:oak_planks_bricks":9,"minecraft:oak_fence":26,"minecraft:crafting_table":13,"minecraft:stone_slab":1,"minecraft:lapis_ore":4,"minecraft:lily_pad":3,"rechiseled:granite_dotted":4,"minecraft:spruce_stairs":1,"minecraft:birch_planks":4,"pfm:concrete_kitchen_wall_drawer":2,"minecraft:sweet_berry_bush":1,"minecraft:yellow_bed":4,"minecraft:muddy_mangrove_roots":1,"minecraft:coal_ore":65,"rechiseled:cobblestone_pillar_connecting":8,"minecraft:polished_andesite":6,"minecraft:mossy_stone_bricks":2}},"DataVersion":3337}