{"stats":{"minecraft:custom":{"minecraft:mob_kills":67,"minecraft:interact_with_crafting_table":57,"minecraft:open_barrel":2,"minecraft:leave_game":3,"minecraft:time_since_death":431153,"minecraft:climb_one_cm":4346,"minecraft:sprint_one_cm":979916,"minecraft:walk_one_cm":1169697,"minecraft:damage_blocked_by_shield":855,"minecraft:drop":84,"minecraft:talked_to_villager":7,"minecraft:play_time":431153,"minecraft:sneak_time":17682,"minecraft:walk_under_water_one_cm":27335,"minecraft:jump":6203,"minecraft:walk_on_water_one_cm":62326,"minecraft:total_world_time":431153,"minecraft:interact_with_furnace":76,"minecraft:interact_with_grindstone":1,"minecraft:sleep_in_bed":26,"minecraft:time_since_rest":24004,"minecraft:damage_taken":1366,"minecraft:damage_dealt":9407,"minecraft:swim_one_cm":120138,"minecraft:fly_one_cm":1455960,"minecraft:open_chest":306,"minecraft:crouch_one_cm":46004,"minecraft:interact_with_smoker":8,"minecraft:fall_one_cm":110296,"minecraft:horse_one_cm":5340},"minecraft:used":{"minecraft:stone_shovel":1068,"minecraft:oak_sign":3,"minecraft:chest":17,"minecraft:shield":32,"minecraft:iron_sword":165,"minecraft:cooked_salmon":4,"minecraft:torch":85,"minecraft:dirt":939,"minecraft:hopper":2,"rechiseled:cobblestone_pillar":14,"minecraft:carrot":4,"rechiseled:dark_oak_planks_pattern_connecting":73,"minecraft:lava_bucket":1,"minecraft:bow":3,"minecraft:oak_sapling":39,"minecraft:furnace":7,"minecraft:cooked_beef":17,"minecraft:light_gray_bed":1,"minecraft:cooked_mutton":3,"minecraft:water_bucket":4,"minecraft:stone_pickaxe":773,"minecraft:wooden_pickaxe":59,"minecraft:stonecutter":1,"minecraft:sugar_cane":4,"minecraft:crafting_table":6,"minecraft:magenta_bed":1,"rechiseled:cobblestone_rotated_bricks_connecting":56,"minecraft:cobbled_deepslate_stairs":1,"minecraft:smoker":1,"minecraft:iron_pickaxe":250,"simplefarming:olives":3,"rechiseled:cobblestone_chiseled_border_connecting":46,"minecraft:gravel":1,"rechiseled:cobblestone_pillar_connecting":70,"jeg:scrap_workbench":1,"minecraft:stone_axe":516,"minecraft:cobbled_deepslate_slab":24,"minecraft:cobblestone":10,"minecraft:purple_bed":6,"minecraft:grindstone":1,"minecraft:cooked_porkchop":9,"minecraft:bucket":5,"minecraft:pumpkin_pie":9,"minecraft:yellow_bed":4,"minecraft:dandelion":1},"minecraft:picked_up":{"simplefarming:pea_seeds":1,"minecraft:crafting_table":4,"minecraft:azure_bluet":2,"minecraft:allium":1,"minecraft:chicken":2,"minecraft:ladder":1,"packedup:basicbackpack":1,"simplefarming:turnip_seeds":2,"minecraft:dark_oak_trapdoor":13,"minecraft:cornflower":5,"minecraft:string":4,"simplefarming:cumin_seeds":15,"minecraft:raw_copper":36,"minecraft:cobbled_deepslate":96,"minecraft:bucket":2,"minecraft:beef":27,"minecraft:light_gray_wool":26,"simplefarming:barley_seeds":1,"minecraft:sugar_cane":13,"minecraft:chest":5,"minecraft:birch_sapling":2,"simplefarming:spinach_seeds":2,"minecraft:furnace":7,"minecraft:iron_boots":1,"minecraft:egg":5,"minecraft:stick":68,"minecraft:raw_iron":22,"minecraft:torch":44,"simplefarming:yam_seeds":2,"minecraft:porkchop":15,"immersive_armors:wither_leggings":1,"minecraft:diorite":17,"minecraft:carrot":8,"simplefarming:eggplant_seeds":1,"minecraft:dark_oak_planks":11,"minecraft:arrow":5,"minecraft:light_gray_bed":1,"minecraft:rotten_flesh":21,"minecraft:beetroot_seeds":2,"minecraft:pumpkin_pie":4,"minecraft:hay_block":30,"minecraft:red_tulip":2,"simplefarming:ginger_seeds":3,"minecraft:mutton":19,"minecraft:white_wool":11,"minecraft:cobblestone":455,"minecraft:birch_log":7,"minecraft:feather":2,"minecraft:cooked_beef":3,"minecraft:andesite":24,"minecraft:salmon":10,"minecraft:leather":15,"minecraft:smoker":1,"minecraft:potato":3,"minecraft:tuff":31,"minecraft:oak_log":317,"jeg:scrap":19,"minecraft:yellow_bed":4,"minecraft:magenta_bed":1,"minecraft:gunpowder":10,"simplefarming:broccoli_seeds":2,"minecraft:dirt":1003,"minecraft:lantern":1,"jeg:grenade":1,"simplefarming:grape_seeds":2,"minecraft:bone":2,"minecraft:apple":10,"minecraft:bow":1,"minecraft:stonecutter":1,"minecraft:wheat_seeds":51,"minecraft:orange_tulip":26,"minecraft:stone_pickaxe":1,"minecraft:grindstone":1,"simplefarming:tomato_seeds":1,"rechiseled:chisel":1,"minecraft:oak_planks":70,"jeg:tech_trash":6,"simplefarming:corn_seeds":1,"simplefarming:rice_seeds":1,"minecraft:dark_oak_slab":20,"minecraft:sweet_berries":2,"simplefarming:radish_seeds":1,"minecraft:dandelion":13,"minecraft:gravel":18,"minecraft:sand":105,"rechiseled:dark_oak_planks_pattern_connecting":1,"simplefarming:squash_seeds":1,"minecraft:spruce_log":8,"minecraft:dark_oak_log":36,"minecraft:spider_eye":1,"minecraft:purple_bed":6,"minecraft:stone_axe":2,"minecraft:granite":46,"simplefarming:olives":3,"minecraft:gray_wool":1,"minecraft:emerald":3,"minecraft:bread":10,"minecraft:dark_oak_fence":42,"minecraft:oak_sapling":129,"minecraft:coal":57},"minecraft:broken":{"minecraft:wooden_pickaxe":1,"minecraft:stone_pickaxe":6,"minecraft:stone_axe":3,"minecraft:iron_pickaxe":1,"minecraft:stone_shovel":7},"minecraft:crafted":{"minecraft:cobbled_deepslate_slab":24,"minecraft:oak_planks":228,"minecraft:stone_shovel":9,"minecraft:oak_sign":3,"minecraft:cooked_chicken":5,"minecraft:stone":140,"minecraft:cooked_mutton":21,"immersive_armors:wooden_chestplate":1,"minecraft:hopper":2,"jeg:scrap_workbench":1,"minecraft:stone_pickaxe":11,"minecraft:chest":18,"minecraft:cobbled_deepslate_stairs":4,"packedup:basicbackpack":4,"immersive_armors:wooden_helmet":1,"minecraft:dark_oak_planks":72,"minecraft:cooked_beef":40,"minecraft:oak_slab":6,"minecraft:cooked_porkchop":9,"minecraft:crafting_table":3,"minecraft:wooden_pickaxe":1,"immersive_armors:wooden_leggings":1,"minecraft:cooked_salmon":36,"minecraft:bucket":1,"minecraft:stone_axe":7,"minecraft:air":0,"jeg:scrap_block":1,"rechiseled:chisel":1,"immersive_armors:wooden_boots":1,"minecraft:charcoal":20,"minecraft:shield":2,"minecraft:stick":44,"minecraft:iron_ingot":67,"minecraft:iron_pickaxe":1,"minecraft:torch":88},"minecraft:killed":{"minecraft:vindicator":1,"minecraft:spider":3,"minecraft:skeleton":2,"minecraft:chicken":2,"minecraft:pig":6,"minecraft:creeper":6,"minecraft:sheep":12,"minecraft:pillager":4,"minecraft:zombie":16,"minecraft:cow":13,"minecraft:enderman":1},"minecraft:mined":{"minecraft:dark_oak_planks":11,"minecraft:tuff":38,"rechiseled:cobblestone_rotated_bricks_connecting":2,"minecraft:dark_oak_log":36,"minecraft:dark_oak_fence":42,"minecraft:granite":46,"minecraft:grass_block":904,"minecraft:light_gray_bed":1,"minecraft:large_fern":1,"minecraft:hay_block":30,"minecraft:furnace":5,"minecraft:carrots":8,"minecraft:dark_oak_trapdoor":13,"minecraft:iron_ore":9,"minecraft:cobbled_deepslate":7,"minecraft:andesite":24,"minecraft:azure_bluet":1,"minecraft:red_tulip":2,"minecraft:potatoes":3,"minecraft:deepslate_iron_ore":13,"minecraft:stone":701,"simplefarming:fruit_log":4,"jeg:scrap_ore":4,"minecraft:smoker":1,"minecraft:dandelion":8,"minecraft:cornflower":2,"minecraft:crafting_table":4,"minecraft:chest":5,"minecraft:tall_grass":16,"minecraft:copper_ore":11,"minecraft:cobblestone":13,"minecraft:grindstone":1,"minecraft:sugar_cane":4,"minecraft:diorite":17,"minecraft:wall_torch":3,"minecraft:seagrass":1,"jeg:deepslate_scrap_ore":9,"minecraft:purple_bed":6,"minecraft:dark_oak_slab":20,"minecraft:birch_log":7,"minecraft:wheat":14,"minecraft:sweet_berry_bush":1,"minecraft:magenta_bed":1,"minecraft:spruce_log":8,"minecraft:light_gray_wool":25,"minecraft:orange_tulip":5,"minecraft:yellow_bed":4,"rechiseled:dark_oak_planks_pattern_connecting":1,"minecraft:grass":202,"minecraft:oak_log":291,"minecraft:coal_ore":57,"minecraft:beetroots":2,"minecraft:sand":105,"minecraft:gravel":14,"minecraft:dirt":121,"minecraft:stonecutter":1,"minecraft:oak_leaves":15,"minecraft:deepslate":107},"minecraft:dropped":{"minecraft:iron_sword":1,"minecraft:wheat_seeds":56,"minecraft:cooked_beef":16,"minecraft:oak_log":29,"minecraft:feather":2,"simplefarming:radish_seeds":1,"simplefarming:turnip_seeds":1,"immersive_armors:wither_leggings":1,"simplefarming:grape_seeds":1,"minecraft:gray_wool":1,"minecraft:torch":41,"minecraft:cornflower":5,"simplefarming:rice_seeds":1,"minecraft:white_wool":1,"minecraft:bucket":2,"minecraft:dandelion":12,"packedup:basicbackpack":3,"simplefarming:tomato_seeds":1,"minecraft:stone_axe":3,"minecraft:birch_sapling":2,"minecraft:rotten_flesh":3,"minecraft:oak_planks":6,"minecraft:azure_bluet":2,"rechiseled:cobblestone_rotated_bricks_connecting":10,"simplefarming:ginger_seeds":1,"minecraft:shield":1,"minecraft:allium":1,"minecraft:spider_eye":1,"rechiseled:chisel":2,"minecraft:stone_pickaxe":2,"minecraft:red_tulip":1,"minecraft:egg":1}},"DataVersion":3337}