{"stats":{"minecraft:killed":{"minecraft:pig":6,"minecraft:sheep":11,"minecraft:zombie":1,"minecraft:chicken":2,"minecraft:cow":13},"minecraft:used":{"minecraft:water_bucket":4,"minecraft:stone_pickaxe":619,"minecraft:oak_sign":3,"minecraft:chest":4,"minecraft:wooden_pickaxe":59,"minecraft:iron_sword":11,"minecraft:cooked_salmon":4,"minecraft:torch":17,"minecraft:dirt":21,"minecraft:hopper":2,"minecraft:crafting_table":4,"rechiseled:cobblestone_rotated_bricks_connecting":56,"minecraft:carrot":4,"minecraft:cobbled_deepslate_stairs":1,"minecraft:lava_bucket":1,"minecraft:gravel":1,"minecraft:stone_axe":227,"minecraft:cobblestone":10,"minecraft:purple_bed":2,"minecraft:cobbled_deepslate_slab":24,"minecraft:furnace":4,"minecraft:cooked_porkchop":9,"minecraft:bucket":5,"minecraft:yellow_bed":3,"minecraft:cooked_beef":1},"minecraft:broken":{"minecraft:stone_pickaxe":4,"minecraft:stone_axe":1,"minecraft:wooden_pickaxe":1},"minecraft:custom":{"minecraft:interact_with_furnace":35,"minecraft:mob_kills":33,"minecraft:interact_with_crafting_table":20,"minecraft:open_barrel":2,"minecraft:interact_with_grindstone":1,"minecraft:time_since_death":149176,"minecraft:sleep_in_bed":7,"minecraft:climb_one_cm":3378,"minecraft:time_since_rest":8422,"minecraft:sprint_one_cm":531197,"minecraft:damage_taken":219,"minecraft:walk_one_cm":363256,"minecraft:drop":22,"minecraft:damage_dealt":3059,"minecraft:talked_to_villager":7,"minecraft:swim_one_cm":48952,"minecraft:fly_one_cm":570477,"minecraft:open_chest":86,"minecraft:crouch_one_cm":10302,"minecraft:play_time":149176,"minecraft:sneak_time":2701,"minecraft:walk_under_water_one_cm":3903,"minecraft:jump":2510,"minecraft:walk_on_water_one_cm":13869,"minecraft:interact_with_smoker":1,"minecraft:total_world_time":149176,"minecraft:fall_one_cm":52683,"minecraft:horse_one_cm":5340},"minecraft:dropped":{"simplefarming:tomato_seeds":1,"minecraft:stone_axe":2,"minecraft:wheat_seeds":22,"minecraft:oak_log":29,"minecraft:birch_sapling":2,"minecraft:feather":2,"rechiseled:cobblestone_rotated_bricks_connecting":10,"minecraft:gray_wool":1,"minecraft:allium":1,"rechiseled:chisel":2,"minecraft:red_tulip":1,"minecraft:bucket":2,"minecraft:egg":1},"minecraft:crafted":{"minecraft:cooked_beef":40,"minecraft:cobbled_deepslate_slab":24,"minecraft:oak_slab":6,"minecraft:oak_planks":96,"minecraft:oak_sign":3,"minecraft:cooked_porkchop":9,"minecraft:crafting_table":2,"minecraft:wooden_pickaxe":1,"minecraft:cooked_chicken":2,"immersive_armors:wooden_leggings":1,"minecraft:cooked_salmon":4,"minecraft:bucket":1,"minecraft:stone_axe":2,"minecraft:air":0,"immersive_armors:wooden_chestplate":1,"rechiseled:chisel":1,"immersive_armors:wooden_boots":1,"minecraft:hopper":2,"minecraft:stick":24,"minecraft:iron_ingot":14,"minecraft:stone_pickaxe":6,"minecraft:cobbled_deepslate_stairs":4,"minecraft:chest":6,"immersive_armors:wooden_helmet":1,"minecraft:torch":16},"minecraft:picked_up":{"minecraft:birch_log":7,"minecraft:cooked_beef":3,"minecraft:allium":1,"minecraft:crafting_table":3,"minecraft:feather":2,"minecraft:chicken":2,"minecraft:andesite":24,"minecraft:salmon":10,"minecraft:leather":15,"minecraft:smoker":1,"minecraft:potato":3,"minecraft:oak_log":159,"jeg:scrap":3,"minecraft:yellow_bed":3,"simplefarming:broccoli_seeds":1,"minecraft:dirt":43,"minecraft:raw_copper":36,"minecraft:apple":3,"minecraft:grindstone":1,"minecraft:orange_tulip":26,"minecraft:wheat_seeds":15,"minecraft:cobbled_deepslate":25,"minecraft:bucket":2,"minecraft:beef":27,"rechiseled:chisel":1,"simplefarming:tomato_seeds":1,"minecraft:light_gray_wool":1,"minecraft:birch_sapling":2,"jeg:tech_trash":3,"minecraft:furnace":4,"minecraft:egg":1,"minecraft:stick":22,"minecraft:raw_iron":15,"minecraft:sweet_berries":2,"simplefarming:yam_seeds":1,"minecraft:torch":2,"minecraft:gravel":1,"minecraft:porkchop":15,"immersive_armors:wither_leggings":1,"minecraft:spruce_log":8,"minecraft:diorite":17,"minecraft:carrot":8,"minecraft:purple_bed":3,"minecraft:beetroot_seeds":2,"minecraft:stone_axe":1,"minecraft:hay_block":30,"minecraft:granite":46,"minecraft:red_tulip":2,"minecraft:gray_wool":1,"minecraft:oak_sapling":44,"minecraft:mutton":17,"minecraft:coal":57,"minecraft:cobblestone":451,"minecraft:white_wool":10},"minecraft:mined":{"jeg:scrap_ore":4,"minecraft:smoker":1,"rechiseled:cobblestone_rotated_bricks_connecting":2,"minecraft:crafting_table":3,"minecraft:granite":46,"minecraft:grass_block":10,"minecraft:copper_ore":11,"minecraft:cobblestone":12,"minecraft:tall_grass":2,"minecraft:grindstone":1,"minecraft:diorite":17,"minecraft:wall_torch":2,"minecraft:large_fern":1,"minecraft:hay_block":30,"minecraft:purple_bed":3,"minecraft:furnace":2,"minecraft:carrots":8,"minecraft:birch_log":7,"minecraft:iron_ore":8,"minecraft:wheat":14,"minecraft:sweet_berry_bush":1,"minecraft:spruce_log":8,"minecraft:andesite":24,"minecraft:orange_tulip":5,"minecraft:yellow_bed":3,"minecraft:grass":11,"minecraft:oak_log":133,"minecraft:potatoes":3,"minecraft:red_tulip":2,"minecraft:coal_ore":57,"minecraft:deepslate_iron_ore":7,"minecraft:beetroots":2,"minecraft:gravel":3,"minecraft:dirt":33,"minecraft:stone":447,"simplefarming:fruit_log":4,"minecraft:oak_leaves":5,"minecraft:deepslate":25}},"DataVersion":3337}