{"stats":{"minecraft:killed":{"minecraft:spider":3,"minecraft:skeleton":2,"minecraft:chicken":3,"minecraft:pig":18,"minecraft:creeper":9,"minecraft:sheep":33,"minecraft:pillager":20,"minecraft:zombie":18,"minecraft:cow":22,"minecraft:vindicator":5,"minecraft:enderman":1},"minecraft:broken":{"minecraft:iron_shovel":1,"minecraft:golden_shovel":3,"minecraft:stone_pickaxe":8,"minecraft:stone_axe":17,"minecraft:stone_shovel":7,"minecraft:wooden_pickaxe":1,"immersive_armors:wooden_helmet":1,"minecraft:iron_pickaxe":5},"minecraft:used":{"simplefarming:oat_seeds":1,"rechiseled:stone_smooth_large_tiles_connecting":494,"minecraft:light_gray_stained_glass_pane":14,"minecraft:iron_shovel":257,"minecraft:oak_sign":3,"minecraft:shield":111,"minecraft:white_concrete_powder":120,"minecraft:chest":21,"minecraft:iron_sword":237,"minecraft:stone":12,"minecraft:mutton":4,"minecraft:carrot":4,"rechiseled:cobblestone_pillar":50,"rechiseled:dark_oak_planks_pattern_connecting":230,"minecraft:milk_bucket":5,"pfm:raw_concrete_powder":80,"jeg:grenade":1,"minecraft:spruce_boat":3,"pfm:iron_toaster":1,"minecraft:lava_bucket":1,"minecraft:lantern":2,"minecraft:grass_block":16,"minecraft:birch_sapling":16,"pfm:smooth_stone_kitchen_wall_counter":3,"pfm:concrete_kitchen_wall_drawer":3,"minecraft:dark_oak_slab":244,"minecraft:bow":20,"minecraft:mangrove_roots":24,"minecraft:oak_sapling":69,"minecraft:furnace":7,"pfm:white_mirror":2,"pfm:birch_orange_classic_bed":1,"minecraft:dark_oak_stairs":29,"pfm:white_fridge":3,"minecraft:oak_planks":1,"minecraft:stone_pickaxe":986,"minecraft:wooden_pickaxe":96,"pfm:white_stove":3,"rechiseled:cobblestone_chiseled_border":9,"minecraft:sugar_cane":4,"pfm:concrete_kitchen_counter":15,"minecraft:sand":3,"pfm:concrete_kitchen_counter_oven":1,"minecraft:stone_brick_wall":13,"minecraft:crossbow":3,"minecraft:cobbled_deepslate_stairs":1,"rechiseled:dark_oak_planks_squares_connecting":2,"pfm:basic_shower_handle":1,"pfm:working_table":1,"rechiseled:dark_oak_planks_large_tiles_connecting":278,"minecraft:bread":21,"simplefarming:olives":3,"minecraft:gravel":1,"rechiseled:cobblestone_pillar_connecting":174,"rechiseled:stone_smooth_connecting":122,"minecraft:grindstone":1,"minecraft:air":3,"minecraft:oak_boat":11,"minecraft:oak_fence":377,"rechiseled:dark_oak_planks_dotted_connecting":12,"minecraft:stone_shovel":1088,"pfm:white_modern_stool":7,"minecraft:cooked_salmon":19,"minecraft:cooked_chicken":5,"minecraft:torch":119,"minecraft:dirt":1766,"minecraft:hopper":2,"minecraft:golden_shovel":96,"minecraft:birch_door":2,"minecraft:stone_brick_slab":256,"minecraft:dark_oak_planks":39,"pfm:basic_cutlery":1,"minecraft:light_gray_stained_glass":1,"pfm:concrete_kitchen_drawer":3,"minecraft:iron_axe":295,"pfm:concrete_kitchen_sink":1,"minecraft:beef":1,"pfm:concrete_kitchen_wall_small_drawer":7,"minecraft:light_gray_bed":1,"minecraft:cooked_beef":41,"minecraft:cooked_mutton":10,"pfm:basic_shower_head":3,"minecraft:water_bucket":4,"minecraft:birch_planks":4,"minecraft:stonecutter":1,"minecraft:crafting_table":18,"minecraft:magenta_bed":1,"rechiseled:cobblestone_rotated_bricks_connecting":56,"pfm:concrete_kitchen_cabinet":2,"minecraft:white_bed":14,"minecraft:light_gray_concrete_powder":16,"rechiseled:dark_oak_planks_diagonal_tiles_connecting":237,"pfm:birch_magenta_classic_bed":1,"minecraft:dark_oak_door":2,"minecraft:smoker":1,"minecraft:diamond_shovel":695,"minecraft:wooden_hoe":1,"minecraft:iron_pickaxe":1419,"minecraft:stone_slab":7,"rechiseled:cobblestone_chiseled_border_connecting":174,"jeg:scrap_workbench":1,"minecraft:stone_axe":2541,"minecraft:cobbled_deepslate_slab":24,"minecraft:purple_bed":6,"minecraft:cobblestone":37,"minecraft:porkchop":2,"minecraft:white_banner":1,"minecraft:cooked_porkchop":9,"rechiseled:cobblestone_pulverized_connecting":16,"minecraft:bucket":6,"minecraft:glass_pane":14,"minecraft:pumpkin_pie":9,"minecraft:yellow_bed":4,"rechiseled:stone_bordered":4,"minecraft:stripped_oak_log":6,"minecraft:dandelion":1,"pfm:basic_plate":5},"minecraft:custom":{"minecraft:interact_with_crafting_table":173,"minecraft:open_barrel":4,"minecraft:leave_game":10,"minecraft:time_since_death":1307825,"minecraft:sprint_one_cm":2341582,"minecraft:damage_blocked_by_shield":2987,"minecraft:drop":384,"minecraft:talked_to_villager":10,"minecraft:play_time":1307825,"minecraft:plate_used":10,"minecraft:jump":14802,"minecraft:walk_on_water_one_cm":224574,"minecraft:interact_with_furnace":161,"minecraft:stove_opened":6,"minecraft:sleep_in_bed":81,"minecraft:damage_dealt":16770,"minecraft:crouch_one_cm":150637,"minecraft:interact_with_smoker":18,"minecraft:horse_one_cm":5340,"minecraft:mob_kills":135,"minecraft:climb_one_cm":13264,"minecraft:walk_one_cm":3475957,"minecraft:fridge_opened":4,"minecraft:chair_used":5,"minecraft:sneak_time":48697,"minecraft:walk_under_water_one_cm":110581,"minecraft:boat_one_cm":1770632,"minecraft:drawer_searched":10,"minecraft:interact_with_blast_furnace":1,"minecraft:total_world_time":1307825,"minecraft:interact_with_stonecutter":8,"minecraft:interact_with_grindstone":2,"minecraft:time_since_rest":6657,"minecraft:cabinet_searched":2,"minecraft:damage_taken":3747,"minecraft:swim_one_cm":212615,"minecraft:fly_one_cm":3467998,"minecraft:open_chest":805,"minecraft:fall_one_cm":255186},"minecraft:dropped":{"minecraft:iron_sword":3,"minecraft:cooked_beef":16,"minecraft:oak_log":29,"minecraft:crossbow":2,"simplefarming:radish_seeds":1,"minecraft:lantern":41,"minecraft:rooted_dirt":1,"immersive_armors:wither_leggings":2,"simplefarming:mango_sapling":1,"simplefarming:grape_seeds":1,"minecraft:emerald":2,"minecraft:red_carpet":2,"simplefarming:pea_seeds":1,"minecraft:dirt":66,"minecraft:dark_oak_log":1,"simplefarming:rye_seeds":2,"simplefarming:cucumber":1,"minecraft:dark_oak_fence":1,"minecraft:cornflower":6,"minecraft:mutton":1,"simplefarming:oat_seeds":4,"minecraft:sand":4,"minecraft:glistering_melon_slice":8,"immersive_armors:wooden_chestplate":1,"simplefarming:squash_seeds":1,"minecraft:white_wool":1,"minecraft:gravel":3,"minecraft:white_tulip":1,"minecraft:stone_axe":4,"minecraft:mangrove_roots":1027,"minecraft:iron_nugget":13,"minecraft:birch_sapling":2,"minecraft:beetroot":1,"minecraft:rotten_flesh":6,"minecraft:oak_planks":6,"rechiseled:cobblestone_rotated_bricks_connecting":10,"simplefarming:pepper_seeds":6,"minecraft:azure_bluet":3,"simplefarming:olive_sapling":1,"minecraft:carrot":5,"simplefarming:ginger_seeds":2,"minecraft:chiseled_stone_bricks":1,"minecraft:mangrove_log":412,"minecraft:azalea_leaves":128,"simplefarming:strawberry_bush":5,"minecraft:beetroot_seeds":14,"simplefarming:banana_sapling":1,"rechiseled:chisel":3,"simplefarming:barley_seeds":1,"minecraft:flowering_azalea_leaves":128,"simplefarming:plum_sapling":1,"minecraft:egg":3,"minecraft:water_bucket":1,"minecraft:bread":13,"minecraft:wheat_seeds":144,"minecraft:mossy_cobblestone":1,"simplefarming:turnip_seeds":1,"minecraft:mangrove_propagule":108,"minecraft:feather":4,"minecraft:iron_helmet":1,"minecraft:cobblestone":5,"minecraft:lead":1,"simplefarming:marshmallow_root":1,"minecraft:granite":9,"minecraft:polished_andesite":6,"simplefarming:corn_seeds":1,"simplefarming:broccoli_seeds":1,"simplefarming:pear_sapling":1,"minecraft:gray_wool":1,"minecraft:mossy_cobblestone_slab":1,"minecraft:torch":50,"minecraft:cooked_salmon":10,"simplefarming:rice_seeds":2,"minecraft:granite_slab":1,"minecraft:iron_axe":1,"minecraft:mud":6,"minecraft:string":1,"simplefarming:apricot_sapling":1,"minecraft:lily_pad":2,"minecraft:bucket":5,"minecraft:spruce_sapling":15,"minecraft:dandelion":12,"simplefarming:orange_sapling":1,"packedup:basicbackpack":5,"simplefarming:cotton_seeds":2,"immersive_armors:robe_boots":1,"simplefarming:onion_seeds":4,"simplefarming:tomato_seeds":2,"minecraft:moss_carpet":29,"minecraft:sweet_berries":7,"minecraft:stone_sword":1,"simplefarming:squash":1,"simplefarming:chicory_root":1,"minecraft:stone_shovel":1,"minecraft:white_carpet":1,"simplefarming:raspberries":3,"minecraft:stripped_oak_log":1,"simplefarming:apple_sapling":1,"minecraft:oak_sign":3,"minecraft:shears":7,"simplefarming:kenaf_seeds":1,"minecraft:filled_map":2,"minecraft:muddy_mangrove_roots":1,"minecraft:cobblestone_slab":1,"minecraft:spruce_boat":2,"minecraft:stone":64,"minecraft:shield":1,"minecraft:allium":1,"simplefarming:cucumber_seeds":1,"minecraft:iron_chestplate":1,"minecraft:mossy_stone_bricks":1,"simplefarming:cherry_sapling":1,"minecraft:oak_sapling":203,"minecraft:golden_sword":1,"minecraft:stone_bricks":12,"minecraft:spider_eye":1,"minecraft:spruce_log":61,"pfm:furniture_book":2,"minecraft:stone_pickaxe":4,"minecraft:wooden_pickaxe":1,"minecraft:red_tulip":1,"simplefarming:zucchini":1,"simplefarming:sorghum_seeds":1},"minecraft:picked_up":{"packedup:basicbackpack":2,"simplefarming:turnip_seeds":2,"minecraft:lead":1,"minecraft:smithing_table":1,"minecraft:stone_slab":1,"rechiseled:stone_smooth_large_tiles_connecting":69,"pfm:concrete_kitchen_wall_small_drawer":5,"minecraft:golden_sword":1,"minecraft:string":5,"minecraft:dark_oak_trapdoor":39,"simplefarming:cumin_seeds":15,"minecraft:raw_copper":36,"minecraft:cooked_salmon":1,"minecraft:armor_stand":2,"minecraft:beetroot":1,"minecraft:cobbled_deepslate":97,"minecraft:bucket":2,"minecraft:white_tulip":1,"minecraft:cobblestone_slab":1,"minecraft:mangrove_log":412,"simplefarming:spinach_seeds":2,"minecraft:iron_boots":1,"minecraft:furnace":7,"minecraft:stick":330,"minecraft:oak_fence":26,"pfm:white_stove":2,"minecraft:torch":85,"minecraft:acacia_log":23,"minecraft:porkchop":40,"simplefarming:raspberries":6,"minecraft:diorite":17,"rechiseled:cobblestone_pillar_connecting":6,"minecraft:orange_bed":1,"minecraft:stone_sword":1,"minecraft:light_gray_bed":1,"simplefarming:pepper_seeds":6,"minecraft:rotten_flesh":24,"minecraft:red_tulip":2,"minecraft:mangrove_roots":1055,"minecraft:iron_bars":3,"minecraft:cobblestone":486,"minecraft:birch_log":25,"minecraft:mossy_cobblestone_slab":1,"minecraft:muddy_mangrove_roots":1,"minecraft:feather":4,"minecraft:cooked_beef":4,"minecraft:andesite":24,"minecraft:water_bucket":1,"minecraft:brown_wool":2,"minecraft:smoker":1,"minecraft:potato":3,"pfm:raw_concrete":80,"minecraft:flint":13,"minecraft:tuff":31,"jeg:scrap":48,"minecraft:magenta_bed":2,"pfm:concrete_kitchen_wall_drawer":2,"minecraft:dirt":1793,"minecraft:lantern":2,"simplefarming:cucumber_seeds":1,"minecraft:bone":2,"minecraft:stonecutter":1,"minecraft:bow":1,"minecraft:wheat_seeds":144,"minecraft:orange_tulip":26,"simplefarming:kenaf_seeds":1,"minecraft:raw_gold":12,"minecraft:grindstone":2,"pfm:concrete_kitchen_counter":5,"minecraft:mossy_stone_bricks":1,"rechiseled:chisel":2,"simplefarming:tomato_seeds":2,"rechiseled:cobblestone_chiseled_border":7,"minecraft:oak_planks":71,"simplefarming:corn_seeds":2,"simplefarming:radish_seeds":2,"minecraft:sand":108,"rechiseled:dark_oak_planks_pattern_connecting":1,"minecraft:granite_slab":1,"minecraft:lily_of_the_valley":40,"minecraft:dark_oak_log":338,"minecraft:mossy_cobblestone":1,"minecraft:light_gray_concrete":16,"minecraft:polished_andesite":6,"minecraft:diamond":2,"minecraft:spruce_boat":3,"pfm:basic_shower_head":2,"minecraft:crossbow":1,"minecraft:granite":55,"simplefarming:olives":3,"minecraft:white_concrete":120,"minecraft:rooted_dirt":1,"minecraft:emerald":13,"minecraft:bread":23,"pfm:furniture_book":1,"minecraft:oak_sapling":238,"minecraft:dark_oak_fence":126,"simplefarming:pea_seeds":2,"minecraft:mud":6,"minecraft:crafting_table":12,"minecraft:allium":1,"minecraft:azure_bluet":5,"minecraft:chicken":3,"minecraft:ladder":3,"minecraft:stone_brick_wall":2,"minecraft:cornflower":6,"minecraft:moss_carpet":135,"simplefarming:sorghum_seeds":1,"minecraft:white_carpet":1,"simplefarming:oat_seeds":5,"minecraft:beef":46,"minecraft:oak_boat":11,"minecraft:iron_nugget":13,"pfm:white_modern_stool":4,"minecraft:light_gray_wool":26,"minecraft:sugar_cane":13,"rechiseled:dark_oak_planks_diagonal_tiles_connecting":5,"minecraft:birch_sapling":16,"minecraft:chest":9,"simplefarming:barley_seeds":2,"minecraft:egg":12,"minecraft:raw_iron":25,"simplefarming:yam_seeds":2,"minecraft:flowering_azalea_leaves":1,"immersive_armors:robe_boots":1,"immersive_armors:wither_leggings":2,"simplefarming:onion_seeds":5,"minecraft:carrot":13,"rechiseled:stone_smooth_connecting":7,"minecraft:redstone":14,"simplefarming:eggplant_seeds":1,"minecraft:dark_oak_planks":56,"minecraft:arrow":18,"minecraft:beetroot_seeds":9,"minecraft:pumpkin_pie":4,"minecraft:shears":5,"minecraft:hay_block":37,"rechiseled:dark_oak_planks_large_tiles_connecting":8,"simplefarming:ginger_seeds":4,"minecraft:glistering_melon_slice":8,"minecraft:oxeye_daisy":2,"minecraft:mutton":47,"minecraft:stripped_oak_log":7,"minecraft:white_wool":38,"pfm:smooth_stone_kitchen_wall_counter":3,"simplefarming:soybean_seeds":1,"minecraft:salmon":10,"minecraft:leather":19,"minecraft:birch_planks":4,"minecraft:filled_map":2,"simplefarming:rye_seeds":3,"minecraft:oak_log":541,"minecraft:chainmail_chestplate":1,"minecraft:lily_pad":3,"minecraft:yellow_bed":4,"minecraft:gunpowder":12,"simplefarming:broccoli_seeds":4,"minecraft:white_banner":3,"jeg:grenade":3,"simplefarming:grape_seeds":2,"minecraft:red_carpet":2,"minecraft:apple":25,"minecraft:stone_bricks":12,"rechiseled:cobblestone_chiseled_border_connecting":34,"minecraft:stone_pickaxe":2,"minecraft:iron_sword":3,"minecraft:acacia_sapling":7,"jeg:tech_trash":7,"minecraft:dark_oak_stairs":5,"pfm:basic_plate":3,"simplefarming:rice_seeds":2,"minecraft:milk_bucket":3,"minecraft:dark_oak_slab":97,"minecraft:light_gray_stained_glass":2,"minecraft:sweet_berries":9,"minecraft:chiseled_stone_bricks":1,"minecraft:stone_brick_slab":4,"minecraft:dandelion":13,"minecraft:gravel":210,"pfm:white_fridge":1,"minecraft:spruce_sapling":31,"simplefarming:squash_seeds":2,"rechiseled:cobblestone_pillar":4,"minecraft:white_bed":14,"minecraft:spruce_log":140,"minecraft:spider_eye":1,"simplefarming:raspberry_bush":3,"pfm:basic_cutlery":3,"minecraft:purple_bed":6,"minecraft:stone_axe":3,"minecraft:chainmail_leggings":1,"immersive_armors:wooden_chestplate":1,"minecraft:iron_helmet":1,"minecraft:gray_wool":2,"simplefarming:cotton_seeds":2,"minecraft:coal":65,"minecraft:mangrove_propagule":108},"minecraft:crafted":{"minecraft:black_dye":1,"minecraft:light_gray_concrete_powder":16,"minecraft:oak_planks":828,"minecraft:oak_sign":3,"pfm:white_fridge":1,"minecraft:cooked_chicken":5,"minecraft:stone":768,"minecraft:lever":1,"minecraft:diamond_shovel":1,"immersive_armors:wooden_chestplate":1,"minecraft:cooked_mutton":28,"pfm:light_switch":6,"minecraft:dark_oak_door":3,"minecraft:glass":18,"minecraft:hopper":2,"minecraft:bow":4,"minecraft:chest":29,"pfm:iron_toaster":9,"minecraft:birch_door":3,"packedup:basicbackpack":4,"immersive_armors:wooden_helmet":1,"minecraft:oak_fence":351,"pfm:basic_cutlery":4,"minecraft:item_frame":2,"minecraft:oak_slab":6,"pfm:concrete_kitchen_drawer":3,"minecraft:cooked_porkchop":26,"minecraft:crafting_table":9,"minecraft:spruce_planks":112,"minecraft:wooden_pickaxe":2,"pfm:basic_shower_handle":1,"immersive_armors:wooden_leggings":1,"pfm:raw_concrete_powder":80,"pfm:basic_plate":4,"minecraft:birch_planks":96,"pfm:white_mirror":2,"rechiseled:chisel":1,"immersive_armors:wooden_boots":1,"pfm:working_table":1,"minecraft:dark_oak_slab":150,"minecraft:iron_chestplate":1,"minecraft:wooden_hoe":1,"minecraft:charcoal":84,"minecraft:shield":2,"minecraft:birch_fence":6,"minecraft:stick":228,"minecraft:stone_slab":6,"minecraft:iron_ingot":67,"minecraft:iron_pickaxe":6,"minecraft:light_gray_dye":4,"pfm:concrete_kitchen_wall_drawer":1,"minecraft:light_gray_stained_glass_pane":16,"minecraft:shears":2,"pfm:birch_orange_classic_bed":1,"minecraft:cobbled_deepslate_slab":24,"minecraft:stone_shovel":9,"pfm:concrete_kitchen_counter":12,"minecraft:stone_brick_wall":20,"pfm:white_modern_stool":4,"minecraft:furnace":2,"minecraft:glass_pane":16,"pfm:concrete_kitchen_sink":1,"pfm:concrete_kitchen_wall_small_drawer":3,"minecraft:white_concrete_powder":120,"jeg:scrap_workbench":1,"minecraft:iron_axe":4,"minecraft:stone_pickaxe":12,"pfm:white_stove":1,"pfm:concrete_kitchen_cabinet":2,"minecraft:cobbled_deepslate_stairs":4,"minecraft:spruce_boat":2,"minecraft:dark_oak_planks":936,"pfm:birch_magenta_classic_bed":1,"minecraft:wheat":63,"minecraft:cooked_beef":48,"minecraft:dark_oak_stairs":28,"minecraft:cooked_salmon":79,"pfm:smooth_stone_kitchen_wall_counter":6,"pfm:basic_shower_head":1,"minecraft:golden_shovel":3,"minecraft:bucket":3,"pfm:concrete_kitchen_counter_oven":1,"minecraft:stone_axe":20,"minecraft:air":0,"minecraft:bread":21,"jeg:scrap_block":1,"minecraft:oak_boat":1,"minecraft:white_dye":14,"minecraft:iron_shovel":1,"minecraft:white_bed":1,"minecraft:torch":88},"minecraft:mined":{"minecraft:dark_oak_planks":56,"minecraft:white_bed":14,"minecraft:oak_sapling":3,"pfm:basic_plate":1,"rechiseled:cobblestone_rotated_bricks_connecting":2,"minecraft:cobblestone_stairs":1,"minecraft:jungle_leaves":1,"minecraft:granite":55,"minecraft:acacia_log":23,"minecraft:stone_brick_wall":3,"minecraft:grass_block":1186,"minecraft:light_gray_bed":1,"rechiseled:stone_smooth_connecting":7,"pfm:smooth_stone_kitchen_wall_counter":3,"minecraft:white_concrete":120,"pfm:white_stove":2,"minecraft:oxeye_daisy":2,"minecraft:chiseled_stone_bricks":1,"minecraft:mossy_cobblestone_slab":1,"minecraft:dark_oak_trapdoor":39,"minecraft:iron_ore":12,"minecraft:cobbled_deepslate":7,"minecraft:moss_carpet":2,"minecraft:granite_slab":1,"minecraft:azure_bluet":5,"pfm:white_fridge":1,"minecraft:dark_oak_stairs":5,"minecraft:dirt_path":2,"minecraft:red_tulip":2,"minecraft:iron_bars":3,"minecraft:light_gray_concrete":16,"simplefarming:fruit_log":4,"minecraft:granite_stairs":1,"minecraft:orange_bed":1,"minecraft:deepslate_redstone_ore":3,"minecraft:smoker":1,"pfm:basic_shower_head":2,"minecraft:chest":9,"minecraft:cobblestone":75,"minecraft:grindstone":2,"minecraft:oak_planks":1,"minecraft:sugar_cane":4,"minecraft:wall_torch":8,"minecraft:seagrass":3,"minecraft:dark_oak_slab":95,"minecraft:mud":6,"minecraft:birch_log":25,"minecraft:light_gray_stained_glass":1,"minecraft:wheat":14,"minecraft:magenta_bed":2,"pfm:concrete_kitchen_wall_small_drawer":5,"rechiseled:cobblestone_chiseled_border_connecting":34,"minecraft:light_gray_wool":25,"minecraft:orange_tulip":5,"pfm:raw_concrete":80,"rechiseled:dark_oak_planks_pattern_connecting":1,"minecraft:grass":900,"minecraft:oak_log":520,"minecraft:beetroots":2,"minecraft:sand":109,"minecraft:dirt":270,"minecraft:mangrove_log":452,"minecraft:stonecutter":1,"minecraft:oak_leaves":51,"minecraft:deepslate":108,"minecraft:tuff":38,"minecraft:light_gray_stained_glass_pane":2,"minecraft:mossy_cobblestone":5,"minecraft:deepslate_diamond_ore":2,"minecraft:dark_oak_log":102,"minecraft:mangrove_roots":818,"minecraft:dark_oak_fence":125,"minecraft:spruce_leaves":4,"rechiseled:cobblestone_chiseled_border":9,"minecraft:large_fern":1,"minecraft:hay_block":37,"minecraft:spruce_sapling":8,"minecraft:furnace":5,"minecraft:carrots":8,"rechiseled:cobblestone_pillar":4,"minecraft:andesite":24,"rechiseled:stone_smooth_large_tiles_connecting":69,"minecraft:potatoes":3,"minecraft:deepslate_iron_ore":13,"minecraft:cobblestone_slab":1,"minecraft:vine":2,"pfm:white_modern_stool":4,"minecraft:stripped_oak_log":6,"minecraft:white_tulip":1,"minecraft:stone":1594,"pfm:concrete_kitchen_counter":5,"minecraft:podzol":413,"minecraft:white_wool":9,"minecraft:smithing_table":1,"jeg:scrap_ore":17,"minecraft:lily_of_the_valley":42,"minecraft:stone_brick_slab":4,"minecraft:dandelion":8,"minecraft:oak_fence":26,"minecraft:crafting_table":11,"minecraft:cornflower":3,"minecraft:stone_slab":1,"minecraft:copper_ore":11,"minecraft:tall_grass":56,"minecraft:deepslate_gold_ore":12,"minecraft:lily_pad":3,"minecraft:diorite":17,"minecraft:purple_bed":6,"minecraft:birch_planks":4,"jeg:deepslate_scrap_ore":9,"pfm:concrete_kitchen_wall_drawer":2,"rechiseled:dark_oak_planks_large_tiles_connecting":10,"minecraft:sweet_berry_bush":1,"minecraft:spruce_log":211,"minecraft:mangrove_leaves":5,"minecraft:yellow_bed":4,"rechiseled:dark_oak_planks_diagonal_tiles_connecting":5,"minecraft:muddy_mangrove_roots":1,"minecraft:coal_ore":65,"minecraft:sunflower":3,"minecraft:gravel":219,"minecraft:polished_andesite":6,"minecraft:stone_bricks":10,"rechiseled:cobblestone_pillar_connecting":6,"minecraft:mossy_stone_bricks":2}},"DataVersion":3337}