{"stats":{"minecraft:custom":{"minecraft:mob_kills":33,"minecraft:interact_with_crafting_table":35,"minecraft:open_barrel":2,"minecraft:leave_game":2,"minecraft:time_since_death":227540,"minecraft:climb_one_cm":3378,"minecraft:sprint_one_cm":648476,"minecraft:walk_one_cm":484429,"minecraft:drop":43,"minecraft:talked_to_villager":7,"minecraft:play_time":227540,"minecraft:sneak_time":4876,"minecraft:walk_under_water_one_cm":19205,"minecraft:jump":3382,"minecraft:walk_on_water_one_cm":30061,"minecraft:total_world_time":227540,"minecraft:interact_with_furnace":42,"minecraft:interact_with_grindstone":1,"minecraft:sleep_in_bed":13,"minecraft:time_since_rest":4824,"minecraft:damage_taken":320,"minecraft:damage_dealt":3073,"minecraft:swim_one_cm":65938,"minecraft:fly_one_cm":829461,"minecraft:open_chest":173,"minecraft:crouch_one_cm":14501,"minecraft:interact_with_smoker":3,"minecraft:fall_one_cm":60867,"minecraft:horse_one_cm":5340},"minecraft:used":{"minecraft:stone_shovel":357,"minecraft:oak_sign":3,"minecraft:chest":16,"minecraft:iron_sword":11,"minecraft:cooked_salmon":4,"minecraft:torch":19,"minecraft:dirt":312,"minecraft:hopper":2,"minecraft:carrot":4,"minecraft:lava_bucket":1,"minecraft:furnace":7,"minecraft:cooked_beef":5,"minecraft:light_gray_bed":1,"minecraft:water_bucket":4,"minecraft:stone_pickaxe":628,"minecraft:wooden_pickaxe":59,"minecraft:stonecutter":1,"minecraft:crafting_table":6,"minecraft:magenta_bed":1,"rechiseled:cobblestone_rotated_bricks_connecting":56,"minecraft:cobbled_deepslate_stairs":1,"minecraft:smoker":1,"simplefarming:olives":3,"minecraft:gravel":1,"minecraft:stone_axe":227,"minecraft:cobblestone":10,"minecraft:cobbled_deepslate_slab":24,"minecraft:purple_bed":3,"minecraft:grindstone":1,"minecraft:cooked_porkchop":9,"minecraft:bucket":5,"minecraft:yellow_bed":4},"minecraft:picked_up":{"minecraft:crafting_table":4,"minecraft:allium":1,"minecraft:chicken":2,"simplefarming:turnip_seeds":1,"minecraft:raw_copper":36,"minecraft:cobbled_deepslate":25,"minecraft:bucket":2,"minecraft:beef":27,"minecraft:light_gray_wool":1,"minecraft:chest":4,"minecraft:birch_sapling":2,"minecraft:egg":1,"minecraft:furnace":7,"minecraft:iron_boots":1,"minecraft:stick":22,"minecraft:raw_iron":15,"minecraft:torch":3,"simplefarming:yam_seeds":1,"minecraft:porkchop":15,"immersive_armors:wither_leggings":1,"minecraft:diorite":17,"minecraft:carrot":8,"minecraft:light_gray_bed":1,"minecraft:beetroot_seeds":2,"minecraft:pumpkin_pie":4,"minecraft:hay_block":30,"minecraft:red_tulip":2,"simplefarming:ginger_seeds":1,"minecraft:mutton":17,"minecraft:white_wool":10,"minecraft:cobblestone":451,"minecraft:birch_log":7,"minecraft:feather":2,"minecraft:cooked_beef":3,"minecraft:andesite":24,"minecraft:salmon":10,"minecraft:leather":15,"minecraft:smoker":1,"minecraft:potato":3,"minecraft:oak_log":159,"jeg:scrap":3,"minecraft:magenta_bed":1,"minecraft:yellow_bed":4,"simplefarming:broccoli_seeds":1,"minecraft:dirt":288,"simplefarming:grape_seeds":1,"minecraft:apple":3,"minecraft:stonecutter":1,"minecraft:orange_tulip":26,"minecraft:wheat_seeds":22,"minecraft:grindstone":1,"simplefarming:tomato_seeds":1,"rechiseled:chisel":1,"jeg:tech_trash":3,"minecraft:oak_planks":6,"simplefarming:rice_seeds":1,"simplefarming:radish_seeds":1,"minecraft:sweet_berries":2,"minecraft:dandelion":1,"minecraft:gravel":1,"minecraft:sand":105,"minecraft:spruce_log":8,"minecraft:purple_bed":3,"minecraft:stone_axe":1,"minecraft:granite":46,"simplefarming:olives":3,"minecraft:gray_wool":1,"minecraft:bread":10,"minecraft:oak_sapling":44,"minecraft:coal":57},"minecraft:broken":{"minecraft:wooden_pickaxe":1,"minecraft:stone_pickaxe":4,"minecraft:stone_axe":1,"minecraft:stone_shovel":2},"minecraft:crafted":{"minecraft:cobbled_deepslate_slab":24,"minecraft:oak_planks":160,"minecraft:stone_shovel":4,"minecraft:oak_sign":3,"minecraft:cooked_chicken":5,"minecraft:stone":12,"immersive_armors:wooden_chestplate":1,"minecraft:hopper":2,"minecraft:stone_pickaxe":9,"minecraft:chest":14,"minecraft:cobbled_deepslate_stairs":4,"immersive_armors:wooden_helmet":1,"minecraft:cooked_beef":40,"minecraft:oak_slab":6,"minecraft:cooked_porkchop":9,"minecraft:crafting_table":3,"minecraft:wooden_pickaxe":1,"immersive_armors:wooden_leggings":1,"minecraft:cooked_salmon":4,"minecraft:bucket":1,"minecraft:stone_axe":3,"minecraft:air":0,"rechiseled:chisel":1,"immersive_armors:wooden_boots":1,"minecraft:stick":28,"minecraft:iron_ingot":14,"minecraft:torch":56},"minecraft:killed":{"minecraft:chicken":2,"minecraft:pig":6,"minecraft:sheep":11,"minecraft:zombie":1,"minecraft:cow":13},"minecraft:mined":{"rechiseled:cobblestone_rotated_bricks_connecting":2,"minecraft:granite":46,"minecraft:grass_block":252,"minecraft:light_gray_bed":1,"minecraft:large_fern":1,"minecraft:hay_block":30,"minecraft:furnace":5,"minecraft:carrots":8,"minecraft:iron_ore":8,"minecraft:andesite":24,"minecraft:red_tulip":2,"minecraft:potatoes":3,"minecraft:deepslate_iron_ore":7,"minecraft:stone":452,"simplefarming:fruit_log":4,"jeg:scrap_ore":4,"minecraft:smoker":1,"minecraft:crafting_table":4,"minecraft:chest":4,"minecraft:tall_grass":2,"minecraft:copper_ore":11,"minecraft:cobblestone":12,"minecraft:grindstone":1,"minecraft:diorite":17,"minecraft:wall_torch":3,"minecraft:purple_bed":3,"minecraft:birch_log":7,"minecraft:wheat":14,"minecraft:sweet_berry_bush":1,"minecraft:magenta_bed":1,"minecraft:spruce_log":8,"minecraft:orange_tulip":5,"minecraft:yellow_bed":4,"minecraft:grass":40,"minecraft:oak_log":133,"minecraft:coal_ore":57,"minecraft:beetroots":2,"minecraft:sand":105,"minecraft:gravel":3,"minecraft:dirt":38,"minecraft:stonecutter":1,"minecraft:oak_leaves":5,"minecraft:deepslate":25},"minecraft:dropped":{"minecraft:iron_sword":1,"minecraft:wheat_seeds":29,"minecraft:cooked_beef":10,"minecraft:oak_log":29,"simplefarming:radish_seeds":1,"simplefarming:turnip_seeds":1,"minecraft:feather":2,"immersive_armors:wither_leggings":1,"simplefarming:grape_seeds":1,"minecraft:gray_wool":1,"minecraft:torch":40,"simplefarming:rice_seeds":1,"minecraft:bucket":2,"minecraft:dandelion":1,"simplefarming:tomato_seeds":1,"minecraft:stone_axe":3,"minecraft:birch_sapling":2,"minecraft:oak_planks":6,"rechiseled:cobblestone_rotated_bricks_connecting":10,"simplefarming:ginger_seeds":1,"minecraft:allium":1,"rechiseled:chisel":2,"minecraft:stone_pickaxe":2,"minecraft:red_tulip":1,"minecraft:egg":1}},"DataVersion":3337}