{"stats":{"minecraft:killed_by":{"minecraft:phantom":1},"minecraft:custom":{"minecraft:mob_kills":108,"minecraft:interact_with_crafting_table":26,"minecraft:leave_game":5,"minecraft:time_since_death":125164,"minecraft:climb_one_cm":1456,"minecraft:sprint_one_cm":473987,"minecraft:walk_one_cm":1158197,"minecraft:damage_blocked_by_shield":125,"minecraft:drop":114,"minecraft:play_time":442836,"minecraft:deaths":1,"minecraft:sneak_time":10292,"minecraft:walk_under_water_one_cm":87659,"minecraft:boat_one_cm":163807,"minecraft:jump":4344,"minecraft:walk_on_water_one_cm":104579,"minecraft:total_world_time":442836,"minecraft:interact_with_furnace":16,"minecraft:sleep_in_bed":5,"minecraft:time_since_rest":9170,"minecraft:damage_taken":1884,"minecraft:damage_dealt":7693,"minecraft:swim_one_cm":139355,"minecraft:fly_one_cm":667561,"minecraft:open_chest":139,"minecraft:crouch_one_cm":27059,"minecraft:interact_with_smoker":1,"minecraft:fall_one_cm":67301,"minecraft:horse_one_cm":1670568},"minecraft:used":{"minecraft:stone_sword":11,"minecraft:oak_sign":1,"minecraft:chest":2,"minecraft:shield":9,"minecraft:iron_sword":91,"minecraft:cooked_chicken":3,"minecraft:torch":78,"minecraft:dirt":33,"simplefarming:blueberries":17,"simplefarming:raspberries":22,"minecraft:wooden_axe":92,"minecraft:oak_sapling":30,"minecraft:egg":6,"minecraft:cobbled_deepslate":22,"minecraft:water_bucket":9,"minecraft:stone_pickaxe":1662,"minecraft:oak_planks":4,"minecraft:wooden_pickaxe":85,"minecraft:salmon":2,"minecraft:crafting_table":19,"minecraft:magenta_bed":1,"minecraft:white_bed":3,"simplefarming:blackberries":12,"minecraft:apple":1,"minecraft:bread":25,"simplefarming:olives":6,"minecraft:iron_pickaxe":480,"minecraft:stone_axe":6,"minecraft:wooden_sword":63,"minecraft:cobblestone":44,"minecraft:bucket":10,"minecraft:pumpkin_pie":7,"minecraft:yellow_bed":1,"minecraft:oak_boat":4},"minecraft:picked_up":{"minecraft:wooden_axe":1,"simplefarming:pea_seeds":2,"minecraft:crafting_table":19,"minecraft:allium":7,"minecraft:azure_bluet":2,"packedup:basicbackpack":2,"minecraft:shield":1,"minecraft:cornflower":5,"simplefarming:sorghum_seeds":2,"minecraft:raw_copper":41,"minecraft:oak_sign":1,"simplefarming:oat_seeds":3,"minecraft:candle":3,"minecraft:cobbled_deepslate":157,"minecraft:beef":8,"minecraft:white_tulip":11,"minecraft:oak_boat":4,"simplefarming:blackberry_bush":6,"minecraft:poppy":1,"simplefarming:spinach_seeds":2,"minecraft:egg":4,"minecraft:stick":8,"minecraft:raw_iron":45,"simplefarming:cantaloupe_seeds":3,"simplefarming:yam_seeds":4,"minecraft:torch":3,"minecraft:porkchop":8,"simplefarming:raspberries":22,"simplefarming:onion_seeds":3,"immersive_armors:wither_leggings":1,"minecraft:diorite":43,"simplefarming:eggplant_seeds":3,"minecraft:rotten_flesh":3,"simplefarming:pepper_seeds":5,"minecraft:red_tulip":9,"simplefarming:ginger_seeds":2,"minecraft:pink_tulip":5,"minecraft:mutton":1,"minecraft:white_wool":2,"minecraft:cobblestone":1455,"minecraft:oxeye_daisy":2,"simplefarming:soybean_seeds":3,"minecraft:andesite":63,"minecraft:salmon":73,"minecraft:leather":4,"minecraft:flint":3,"minecraft:tuff":30,"simplefarming:rye_seeds":5,"minecraft:oak_log":36,"jeg:scrap":25,"minecraft:yellow_bed":1,"minecraft:gunpowder":2,"simplefarming:broccoli_seeds":4,"minecraft:dirt":42,"simplefarming:grape_seeds":3,"simplefarming:cucumber_seeds":3,"minecraft:bone":1,"minecraft:apple":1,"minecraft:wheat_seeds":134,"minecraft:orange_tulip":25,"simplefarming:kenaf_seeds":4,"simplefarming:honeydew_seeds":1,"simplefarming:blueberry_bush":5,"simplefarming:tomato_seeds":5,"minecraft:iron_sword":1,"jeg:tech_trash":3,"simplefarming:quinoa_seeds":4,"minecraft:book":12,"simplefarming:peanut_seeds":3,"simplefarming:corn_seeds":1,"simplefarming:rice_seeds":7,"minecraft:pumpkin":9,"simplefarming:radish_seeds":2,"minecraft:dandelion":12,"minecraft:gravel":18,"simplefarming:blueberries":17,"minecraft:ink_sac":2,"minecraft:white_bed":4,"simplefarming:squash_seeds":1,"minecraft:lily_of_the_valley":1,"simplefarming:raspberry_bush":6,"minecraft:spider_eye":2,"simplefarming:blackberries":12,"minecraft:white_candle":13,"simplefarming:sweet_potato_seeds":1,"minecraft:granite":57,"simplefarming:olives":9,"minecraft:bread":2,"minecraft:emerald":1,"minecraft:oak_sapling":37,"simplefarming:cassava_seeds":2,"simplefarming:cotton_seeds":2,"minecraft:coal":138},"minecraft:broken":{"minecraft:wooden_pickaxe":2,"minecraft:stone_pickaxe":11,"minecraft:wooden_sword":1,"minecraft:iron_pickaxe":2,"minecraft:wooden_axe":2},"minecraft:crafted":{"minecraft:wooden_sword":1,"minecraft:oak_planks":204,"minecraft:cooked_chicken":3,"minecraft:stone_pickaxe":13,"minecraft:chest":2,"minecraft:magenta_dye":1,"minecraft:magenta_bed":1,"minecraft:crafting_table":1,"minecraft:wooden_pickaxe":1,"minecraft:stone_axe":2,"minecraft:oak_boat":1,"minecraft:stick":104,"minecraft:wooden_axe":2,"minecraft:stone_sword":1,"minecraft:torch":124},"minecraft:killed":{"minecraft:spider":2,"minecraft:skeleton":2,"minecraft:pig":4,"minecraft:salmon":76,"minecraft:creeper":3,"minecraft:squid":1,"minecraft:sheep":1,"minecraft:zombie":14,"minecraft:cow":4},"minecraft:mined":{"simplefarming:raspberry_bush":6,"minecraft:tuff":32,"minecraft:white_bed":4,"minecraft:oak_sapling":18,"minecraft:candle":1,"minecraft:granite":57,"minecraft:allium":7,"minecraft:grass_block":26,"minecraft:oak_wall_sign":1,"minecraft:oxeye_daisy":2,"simplefarming:blackberry_bush":6,"minecraft:tall_seagrass":2,"minecraft:iron_ore":36,"minecraft:cobbled_deepslate":1,"minecraft:andesite":63,"minecraft:pumpkin":9,"minecraft:bookshelf":4,"minecraft:red_tulip":9,"minecraft:deepslate_iron_ore":9,"minecraft:dirt_path":1,"minecraft:pink_tulip":5,"minecraft:white_tulip":12,"minecraft:stone":1564,"simplefarming:blueberry_bush":5,"jeg:scrap_ore":14,"minecraft:lily_of_the_valley":1,"minecraft:dandelion":1,"minecraft:crafting_table":19,"minecraft:emerald_ore":1,"minecraft:poppy":1,"minecraft:tall_grass":164,"minecraft:copper_ore":13,"minecraft:cobblestone":2,"minecraft:white_candle":4,"minecraft:diorite":43,"minecraft:birch_leaves":6,"minecraft:orange_tulip":25,"minecraft:yellow_bed":1,"minecraft:grass":992,"minecraft:oak_log":37,"minecraft:coal_ore":138,"minecraft:gravel":21,"minecraft:dirt":27,"minecraft:oak_leaves":3,"minecraft:deepslate":154},"minecraft:dropped":{"minecraft:bread":12,"minecraft:porkchop":2,"minecraft:wheat_seeds":65,"minecraft:orange_tulip":25,"minecraft:cobblestone":69,"minecraft:granite":9,"immersive_armors:wither_leggings":1,"minecraft:dirt":4,"minecraft:diorite":42,"minecraft:torch":40,"minecraft:ink_sac":2,"minecraft:wooden_axe":1,"minecraft:pumpkin_pie":4,"minecraft:dandelion":1,"simplefarming:raspberry_bush":1,"packedup:basicbackpack":1,"minecraft:gravel":13,"minecraft:iron_boots":1,"minecraft:azure_bluet":2,"minecraft:salmon":10,"simplefarming:kenaf_seeds":1,"minecraft:poppy":1,"minecraft:beetroot_seeds":2,"minecraft:andesite":54,"minecraft:oak_sapling":26,"simplefarming:blackberry_bush":1,"simplefarming:olives":3,"minecraft:spider_eye":2,"minecraft:stone_pickaxe":1}},"DataVersion":3337}