{"stats":{"minecraft:broken":{"minecraft:wooden_axe":1},"minecraft:used":{"minecraft:wooden_axe":45,"minecraft:apple":1,"minecraft:wooden_sword":8,"minecraft:dirt":8,"minecraft:crafting_table":2,"simplefarming:blueberries":8,"minecraft:white_bed":1,"simplefarming:raspberries":7},"minecraft:killed":{"minecraft:sheep":1,"minecraft:pig":1,"minecraft:salmon":11,"minecraft:squid":1},"minecraft:dropped":{"minecraft:dirt":2,"minecraft:porkchop":2,"minecraft:orange_tulip":25,"minecraft:salmon":10},"minecraft:custom":{"minecraft:time_since_rest":29508,"minecraft:sprint_one_cm":78693,"minecraft:damage_taken":90,"minecraft:walk_one_cm":180548,"minecraft:mob_kills":14,"minecraft:drop":39,"minecraft:damage_dealt":611,"minecraft:swim_one_cm":8586,"minecraft:fly_one_cm":72452,"minecraft:interact_with_crafting_table":2,"minecraft:open_chest":2,"minecraft:crouch_one_cm":310,"minecraft:play_time":29508,"minecraft:sneak_time":204,"minecraft:walk_under_water_one_cm":23450,"minecraft:boat_one_cm":10744,"minecraft:jump":556,"minecraft:walk_on_water_one_cm":22953,"minecraft:time_since_death":29508,"minecraft:total_world_time":29508,"minecraft:fall_one_cm":8724},"minecraft:picked_up":{"minecraft:stick":8,"minecraft:crafting_table":2,"minecraft:pumpkin":9,"minecraft:salmon":11,"minecraft:dandelion":1,"simplefarming:blueberries":8,"minecraft:porkchop":2,"simplefarming:raspberries":8,"minecraft:oak_log":27,"minecraft:ink_sac":2,"minecraft:white_bed":2,"simplefarming:blackberries":3,"simplefarming:raspberry_bush":5,"minecraft:dirt":10,"minecraft:apple":1,"minecraft:wheat_seeds":1,"minecraft:orange_tulip":25,"minecraft:red_tulip":9,"minecraft:white_tulip":11,"minecraft:pink_tulip":5,"simplefarming:blueberry_bush":5,"simplefarming:blackberry_bush":3,"minecraft:oak_sapling":15,"minecraft:mutton":1,"simplefarming:quinoa_seeds":4,"minecraft:white_wool":1,"minecraft:oxeye_daisy":1},"minecraft:crafted":{"minecraft:wooden_sword":1,"minecraft:oak_planks":16,"minecraft:crafting_table":1,"minecraft:stick":8,"minecraft:wooden_axe":2},"minecraft:mined":{"minecraft:tall_seagrass":1,"simplefarming:raspberry_bush":5,"minecraft:white_bed":2,"minecraft:dandelion":1,"minecraft:pumpkin":9,"minecraft:orange_tulip":25,"minecraft:crafting_table":2,"minecraft:grass":3,"minecraft:red_tulip":9,"minecraft:grass_block":4,"minecraft:oak_log":28,"minecraft:dirt_path":1,"minecraft:dirt":6,"minecraft:pink_tulip":5,"minecraft:white_tulip":12,"simplefarming:blackberry_bush":3,"minecraft:oxeye_daisy":1,"minecraft:oak_leaves":2,"simplefarming:blueberry_bush":5}},"DataVersion":3337}