{"stats":{"minecraft:killed_by":{"minecraft:vindicator":1,"minecraft:phantom":1},"minecraft:custom":{"minecraft:interact_with_crafting_table":119,"minecraft:open_barrel":3,"minecraft:leave_game":11,"minecraft:time_since_death":720244,"minecraft:sprint_one_cm":1655891,"minecraft:damage_blocked_by_shield":570,"minecraft:drop":467,"minecraft:talked_to_villager":2,"minecraft:play_time":1209288,"minecraft:deaths":2,"minecraft:jump":12718,"minecraft:walk_on_water_one_cm":188406,"minecraft:interact_with_furnace":69,"minecraft:interact_with_loom":1,"minecraft:sleep_in_bed":26,"minecraft:damage_dealt":11195,"minecraft:crouch_one_cm":148826,"minecraft:interact_with_smoker":4,"minecraft:horse_one_cm":1670568,"minecraft:mob_kills":133,"minecraft:climb_one_cm":3546,"minecraft:walk_one_cm":4099334,"minecraft:fridge_opened":3,"minecraft:chair_used":2,"minecraft:sneak_time":57206,"minecraft:walk_under_water_one_cm":130460,"minecraft:boat_one_cm":335647,"minecraft:total_world_time":1209288,"minecraft:pot_flower":2,"minecraft:interact_with_grindstone":1,"minecraft:time_since_rest":4509,"minecraft:damage_taken":4819,"minecraft:swim_one_cm":295707,"minecraft:fly_one_cm":2015377,"minecraft:open_chest":559,"minecraft:fall_one_cm":217596},"minecraft:used":{"simplefarming:oat_seeds":16,"simplefarming:cherry_sapling":1,"minecraft:oak_sign":30,"minecraft:chest":9,"minecraft:shield":24,"minecraft:iron_sword":107,"minecraft:stone":139,"simplefarming:cumin_seeds":8,"minecraft:carrot":30,"simplefarming:blueberries":18,"jeg:grenade":2,"simplefarming:raspberries":28,"minecraft:glass":32,"simplefarming:kenaf_seeds":3,"simplefarming:corn":10,"simplefarming:rye":1,"simplefarming:onion":3,"simplefarming:rye_seeds":22,"minecraft:sweet_berries":7,"minecraft:oak_sapling":120,"minecraft:egg":13,"simplefarming:apricot_sapling":1,"simplefarming:turnip_seeds":1,"minecraft:dark_oak_sapling":12,"simplefarming:barley":1,"minecraft:stone_pickaxe":1662,"minecraft:oak_planks":4,"minecraft:wooden_pickaxe":85,"minecraft:composter":2,"simplefarming:blueberry_bush":5,"simplefarming:olive_sapling":1,"minecraft:sand":1,"minecraft:shears":449,"simplefarming:barley_seeds":15,"minecraft:dark_oak_log":4,"minecraft:bread":38,"simplefarming:olives":6,"simplefarming:corn_seeds":32,"simplefarming:plum_sapling":1,"minecraft:flowering_azalea_leaves":298,"simplefarming:oat":2,"simplefarming:mango_sapling":1,"minecraft:wooden_sword":63,"simplefarming:orange_sapling":1,"minecraft:oak_boat":7,"minecraft:bone_meal":21,"minecraft:oak_fence":4,"minecraft:azalea":13,"minecraft:oak_trapdoor":25,"minecraft:stone_sword":62,"minecraft:flint_and_steel":1,"minecraft:stone_shovel":2391,"simplefarming:ginger_seeds":5,"minecraft:cooked_salmon":27,"minecraft:stone_hoe":303,"minecraft:cooked_chicken":3,"minecraft:oak_door":2,"minecraft:orange_bed":1,"minecraft:torch":99,"minecraft:dirt":1807,"minecraft:wheat":35,"simplefarming:apple_sapling":1,"simplefarming:rice_seeds":29,"simplefarming:onion_seeds":27,"minecraft:wooden_axe":153,"minecraft:flowering_azalea":4,"minecraft:light_gray_stained_glass":284,"minecraft:iron_axe":183,"minecraft:oak_stairs":273,"minecraft:barrel":8,"simplefarming:pear_sapling":1,"minecraft:cooked_beef":11,"minecraft:cobbled_deepslate":22,"minecraft:wheat_seeds":134,"minecraft:cooked_mutton":4,"minecraft:water_bucket":86,"simplefarming:banana_sapling":1,"simplefarming:broccoli_seeds":1,"simplefarming:orange":1,"minecraft:salmon":2,"minecraft:oak_slab":37,"minecraft:crafting_table":30,"minecraft:magenta_bed":1,"minecraft:white_bed":3,"simplefarming:blackberries":12,"minecraft:spruce_log":5,"minecraft:dark_oak_door":1,"minecraft:oak_log":146,"minecraft:flower_pot":2,"minecraft:apple":7,"simplefarming:strawberry_bush":7,"minecraft:mangrove_propagule":33,"minecraft:iron_pickaxe":561,"minecraft:spruce_sapling":1,"minecraft:stone_axe":1039,"minecraft:cobblestone":44,"minecraft:azalea_leaves":229,"minecraft:white_banner":2,"minecraft:bucket":87,"minecraft:pumpkin_pie":7,"minecraft:yellow_bed":2,"minecraft:stripped_oak_log":152,"minecraft:candle":1},"minecraft:picked_up":{"minecraft:wooden_axe":1,"minecraft:wheat":15,"simplefarming:turnip_seeds":3,"packedup:basicbackpack":3,"minecraft:oak_stairs":93,"simplefarming:rice":2,"minecraft:golden_sword":1,"minecraft:string":2,"minecraft:raw_copper":41,"minecraft:cooked_salmon":22,"minecraft:oak_sign":26,"minecraft:beetroot":2,"minecraft:cobbled_deepslate":157,"minecraft:bucket":3,"minecraft:dark_oak_leaves":1,"minecraft:white_tulip":11,"minecraft:azalea":25,"simplefarming:blackberry_bush":6,"minecraft:iron_pickaxe":1,"minecraft:azalea_leaves":406,"simplefarming:cherry_sapling":1,"minecraft:iron_boots":1,"simplefarming:spinach_seeds":6,"minecraft:dark_oak_door":1,"simplefarming:plum_sapling":1,"simplefarming:barley":3,"minecraft:stick":77,"minecraft:composter":1,"minecraft:oak_fence":6,"minecraft:torch":12,"simplefarming:oat":2,"minecraft:porkchop":13,"simplefarming:raspberries":28,"minecraft:diorite":44,"minecraft:vine":8,"minecraft:stone_sword":2,"minecraft:rotten_flesh":3,"simplefarming:pepper_seeds":9,"minecraft:red_tulip":9,"simplefarming:marshmallow_root":1,"simplefarming:olive_sapling":1,"minecraft:cobblestone":1527,"minecraft:water_bucket":1,"minecraft:andesite":63,"minecraft:potato":9,"simplefarming:chicory_root":1,"minecraft:flint":3,"minecraft:tuff":30,"jeg:scrap":25,"minecraft:dirt":1969,"simplefarming:cucumber_seeds":7,"minecraft:bone":5,"minecraft:wheat_seeds":400,"minecraft:orange_tulip":25,"simplefarming:kenaf_seeds":9,"simplefarming:lettuce_seeds":3,"simplefarming:blueberry_bush":5,"rechiseled:chisel":1,"simplefarming:tomato_seeds":13,"simplefarming:peanut_seeds":10,"simplefarming:corn_seeds":29,"simplefarming:radish_seeds":6,"minecraft:sand":1032,"minecraft:ink_sac":18,"minecraft:lily_of_the_valley":2,"minecraft:dark_oak_log":240,"minecraft:barrel":2,"simplefarming:orange_sapling":1,"minecraft:white_candle":13,"simplefarming:corn":20,"minecraft:crossbow":2,"minecraft:granite":60,"minecraft:bone_meal":10,"simplefarming:olives":9,"minecraft:golden_apple":1,"minecraft:white_concrete":2,"minecraft:emerald":4,"minecraft:bread":15,"minecraft:rooted_dirt":2,"pfm:furniture_book":1,"minecraft:oak_sapling":113,"simplefarming:cassava_seeds":3,"simplefarming:pea_seeds":6,"minecraft:crafting_table":31,"minecraft:allium":9,"minecraft:azure_bluet":11,"minecraft:shield":2,"minecraft:cornflower":7,"minecraft:oak_trapdoor":9,"simplefarming:sorghum_seeds":6,"minecraft:iron_axe":1,"minecraft:white_carpet":3,"simplefarming:oat_seeds":18,"minecraft:candle":4,"minecraft:beef":8,"minecraft:oak_boat":7,"minecraft:iron_nugget":13,"minecraft:poppy":1,"minecraft:chest":6,"simplefarming:barley_seeds":11,"minecraft:egg":11,"minecraft:dark_oak_sapling":15,"simplefarming:squash":1,"minecraft:raw_iron":45,"minecraft:stone":64,"simplefarming:cantaloupe_seeds":5,"minecraft:oak_door":2,"simplefarming:yam_seeds":9,"minecraft:flowering_azalea_leaves":284,"simplefarming:rye":3,"immersive_armors:robe_boots":1,"simplefarming:onion_seeds":32,"immersive_armors:wither_leggings":2,"minecraft:carrot":5,"simplefarming:eggplant_seeds":4,"minecraft:arrow":5,"minecraft:shears":1,"rechiseled:dark_oak_planks_large_tiles_connecting":2,"simplefarming:ginger_seeds":10,"minecraft:pink_tulip":5,"minecraft:glistering_melon_slice":8,"minecraft:gold_ingot":3,"minecraft:mutton":1,"simplefarming:apricot_sapling":1,"minecraft:white_wool":2,"minecraft:oxeye_daisy":65,"simplefarming:zucchini":1,"minecraft:stripped_oak_log":169,"simplefarming:soybean_seeds":7,"minecraft:salmon":74,"minecraft:leather":4,"simplefarming:onion":9,"simplefarming:mango_sapling":1,"simplefarming:banana_sapling":1,"simplefarming:rye_seeds":25,"minecraft:oak_log":310,"minecraft:yellow_bed":3,"minecraft:gunpowder":3,"simplefarming:broccoli_seeds":9,"minecraft:white_banner":2,"jeg:grenade":2,"simplefarming:grape_seeds":4,"minecraft:red_carpet":4,"minecraft:apple":8,"minecraft:stone_bricks":4,"simplefarming:honeydew_seeds":4,"minecraft:stone_pickaxe":1,"simplefarming:pear_sapling":1,"minecraft:iron_sword":3,"minecraft:flowering_azalea":4,"jeg:tech_trash":3,"simplefarming:quinoa_seeds":17,"minecraft:book":12,"minecraft:oak_slab":7,"simplefarming:rice_seeds":31,"simplefarming:apple_sapling":1,"minecraft:pumpkin":9,"minecraft:sweet_berries":7,"simplefarming:orange":1,"minecraft:dandelion":19,"simplefarming:blueberries":18,"minecraft:gravel":24,"minecraft:spruce_sapling":24,"minecraft:spruce_log":151,"minecraft:white_bed":4,"simplefarming:squash_seeds":4,"simplefarming:raspberry_bush":6,"simplefarming:cucumber":1,"minecraft:spider_eye":2,"simplefarming:blackberries":12,"simplefarming:strawberry_bush":7,"simplefarming:sweet_potato_seeds":5,"minecraft:stone_axe":1,"immersive_armors:wooden_chestplate":1,"minecraft:iron_helmet":1,"simplefarming:cotton_seeds":8,"minecraft:coal":138},"minecraft:broken":{"minecraft:shears":2,"minecraft:stone_pickaxe":11,"minecraft:wooden_sword":1,"minecraft:stone_axe":7,"minecraft:wooden_axe":3,"minecraft:stone_shovel":18,"minecraft:stone_hoe":2,"minecraft:wooden_pickaxe":2,"minecraft:iron_axe":1,"minecraft:iron_pickaxe":2},"minecraft:crafted":{"minecraft:oak_planks":804,"minecraft:barrel":6,"minecraft:oak_sign":9,"minecraft:oak_pressure_plate":12,"minecraft:cooked_chicken":3,"minecraft:stone":100,"minecraft:glass":333,"minecraft:chest":6,"simplefarming:rice_seeds":1,"minecraft:stone_hoe":3,"minecraft:magenta_dye":1,"minecraft:oak_fence":6,"minecraft:oak_slab":60,"minecraft:deepslate":31,"minecraft:crafting_table":1,"minecraft:spruce_planks":8,"minecraft:wooden_pickaxe":1,"minecraft:stick":120,"minecraft:stone_sword":1,"minecraft:light_gray_dye":81,"minecraft:composter":1,"minecraft:shears":1,"minecraft:wooden_sword":1,"minecraft:oak_door":3,"simplefarming:onion_seeds":3,"minecraft:stone_shovel":18,"minecraft:light_gray_stained_glass":280,"minecraft:bone_meal":15,"minecraft:oak_trapdoor":16,"simplefarming:zucchini_seeds":1,"minecraft:stone_pickaxe":13,"minecraft:dark_oak_planks":4,"minecraft:cooked_beef":25,"minecraft:magenta_bed":1,"minecraft:stripped_oak_wood":9,"minecraft:stone_axe":9,"minecraft:orange_dye":1,"simplefarming:barley_seeds":2,"minecraft:air":0,"minecraft:oak_boat":1,"minecraft:white_dye":1,"minecraft:oak_stairs":288,"minecraft:wooden_axe":3,"minecraft:orange_bed":1,"minecraft:torch":152},"minecraft:killed":{"minecraft:spider":3,"minecraft:skeleton":4,"minecraft:pig":6,"minecraft:salmon":77,"minecraft:creeper":6,"minecraft:sheep":1,"minecraft:pillager":1,"minecraft:zombie":18,"minecraft:cow":4,"minecraft:squid":9},"minecraft:mined":{"simplefarming:raspberry_bush":6,"minecraft:white_bed":4,"minecraft:oak_sapling":36,"minecraft:farmland":54,"minecraft:granite":57,"minecraft:grass_block":1325,"simplefarming:rice":18,"minecraft:composter":1,"minecraft:oak_wall_sign":11,"minecraft:oxeye_daisy":66,"simplefarming:blackberry_bush":6,"minecraft:tall_seagrass":4,"simplefarming:ginger":5,"minecraft:iron_ore":36,"minecraft:cobbled_deepslate":1,"minecraft:barrel":2,"minecraft:pumpkin":9,"minecraft:azure_bluet":10,"minecraft:red_tulip":9,"minecraft:flowering_azalea_leaves":163,"minecraft:oak_sign":12,"minecraft:dirt_path":1,"minecraft:oak_stairs":41,"minecraft:pink_tulip":5,"minecraft:azalea_leaves":303,"minecraft:azalea":5,"simplefarming:corn_top":6,"minecraft:poppy":1,"minecraft:chest":6,"minecraft:dead_bush":1,"minecraft:glass":32,"minecraft:cobblestone":2,"minecraft:white_candle":4,"minecraft:seagrass":1,"minecraft:light_gray_stained_glass":28,"minecraft:birch_log":8,"minecraft:wheat":42,"minecraft:orange_tulip":25,"minecraft:grass":2561,"minecraft:oak_log":313,"simplefarming:corn":5,"minecraft:sand":1045,"minecraft:dirt":536,"simplefarming:onions":19,"minecraft:oak_leaves":39,"minecraft:deepslate":154,"minecraft:tuff":32,"minecraft:dark_oak_leaves":1,"minecraft:candle":2,"minecraft:dark_oak_log":405,"minecraft:mangrove_roots":1,"minecraft:allium":9,"minecraft:spruce_leaves":15,"minecraft:rooted_dirt":2,"minecraft:large_fern":67,"minecraft:oak_trapdoor":9,"minecraft:spruce_sapling":1,"minecraft:andesite":63,"minecraft:bookshelf":4,"minecraft:deepslate_iron_ore":9,"minecraft:vine":8,"minecraft:stripped_oak_log":169,"simplefarming:barley":4,"minecraft:white_tulip":12,"minecraft:stone":1629,"simplefarming:strawberry_bush":2,"simplefarming:blueberry_bush":5,"minecraft:podzol":1,"minecraft:oak_slab":1,"minecraft:flowering_azalea":2,"jeg:scrap_ore":14,"simplefarming:quinoa":3,"minecraft:lily_of_the_valley":2,"minecraft:dandelion":9,"minecraft:crafting_table":30,"minecraft:emerald_ore":1,"minecraft:copper_ore":13,"minecraft:tall_grass":374,"simplefarming:kenaf":3,"minecraft:diorite":44,"simplefarming:rye":10,"minecraft:sweet_berry_bush":4,"minecraft:white_carpet":1,"minecraft:spruce_log":151,"minecraft:birch_leaves":6,"minecraft:white_wall_banner":1,"minecraft:yellow_bed":3,"minecraft:coal_ore":138,"minecraft:gravel":21,"minecraft:cobweb":1,"minecraft:stone_bricks":2,"minecraft:fern":48,"simplefarming:oat":6},"minecraft:dropped":{"minecraft:iron_sword":1,"minecraft:porkchop":2,"simplefarming:rye":2,"minecraft:oak_pressure_plate":12,"minecraft:cooked_beef":1,"minecraft:crafting_table":1,"simplefarming:sweet_potato_seeds":3,"minecraft:orange_tulip":25,"simplefarming:radish_seeds":4,"minecraft:rooted_dirt":2,"immersive_armors:wither_leggings":1,"simplefarming:yam_seeds":5,"minecraft:red_carpet":2,"simplefarming:pea_seeds":3,"minecraft:dirt":15,"minecraft:dark_oak_log":235,"simplefarming:rye_seeds":5,"minecraft:cornflower":2,"simplefarming:oat_seeds":8,"minecraft:pumpkin_pie":4,"minecraft:sand":2,"simplefarming:rice":1,"simplefarming:spinach_seeds":4,"minecraft:dark_oak_planks":4,"simplefarming:lettuce_seeds":2,"simplefarming:squash_seeds":3,"simplefarming:raspberry_bush":1,"minecraft:oak_door":2,"minecraft:gravel":19,"simplefarming:cantaloupe_seeds":1,"minecraft:wheat":1,"simplefarming:cassava_seeds":1,"simplefarming:pepper_seeds":2,"minecraft:azure_bluet":2,"minecraft:salmon":10,"simplefarming:ginger_seeds":2,"minecraft:poppy":1,"minecraft:gunpowder":1,"simplefarming:honeydew_seeds":3,"minecraft:azalea_leaves":12,"minecraft:beetroot_seeds":2,"minecraft:azalea":4,"simplefarming:blackberry_bush":2,"simplefarming:olives":3,"rechiseled:chisel":1,"simplefarming:barley_seeds":1,"minecraft:flowering_azalea_leaves":1,"minecraft:bread":12,"minecraft:oak_slab":6,"minecraft:wheat_seeds":303,"simplefarming:turnip_seeds":2,"minecraft:oak_fence":6,"minecraft:cobblestone":71,"minecraft:apple":1,"minecraft:granite":12,"simplefarming:peanut_seeds":6,"minecraft:oxeye_daisy":1,"simplefarming:broccoli_seeds":4,"minecraft:dark_oak_leaves":1,"simplefarming:soybean_seeds":3,"minecraft:diorite":43,"minecraft:milk_bucket":3,"minecraft:ink_sac":18,"minecraft:torch":66,"minecraft:wooden_axe":1,"minecraft:white_concrete":2,"minecraft:cooked_salmon":1,"simplefarming:rice_seeds":3,"minecraft:oak_stairs":52,"minecraft:spruce_sapling":11,"minecraft:dandelion":8,"simplefarming:cotton_seeds":5,"packedup:basicbackpack":1,"simplefarming:onion_seeds":1,"simplefarming:tomato_seeds":7,"minecraft:stone_sword":1,"minecraft:white_carpet":2,"minecraft:iron_boots":1,"simplefarming:kenaf_seeds":3,"minecraft:lily_of_the_valley":1,"simplefarming:cucumber_seeds":1,"minecraft:andesite":54,"minecraft:oak_sapling":38,"minecraft:spider_eye":2,"minecraft:stone_bricks":2,"minecraft:spruce_log":108,"minecraft:stone_pickaxe":1,"simplefarming:eggplant_seeds":1,"simplefarming:sorghum_seeds":3}},"DataVersion":3337}