{"stats":{"minecraft:killed":{"minecraft:pig":4,"minecraft:salmon":11,"minecraft:squid":1,"minecraft:sheep":1,"minecraft:cow":4},"minecraft:used":{"minecraft:stone_pickaxe":1179,"minecraft:wooden_pickaxe":59,"minecraft:cooked_chicken":3,"minecraft:dirt":24,"minecraft:crafting_table":13,"minecraft:magenta_bed":1,"simplefarming:blackberries":12,"minecraft:white_bed":3,"simplefarming:blueberries":17,"simplefarming:raspberries":17,"minecraft:wooden_axe":80,"minecraft:apple":1,"minecraft:iron_pickaxe":19,"minecraft:wooden_sword":30,"minecraft:cobblestone":43,"minecraft:oak_sapling":30,"minecraft:pumpkin_pie":2,"minecraft:yellow_bed":1,"minecraft:oak_boat":4},"minecraft:broken":{"minecraft:stone_pickaxe":9,"minecraft:wooden_axe":1,"minecraft:wooden_pickaxe":1},"minecraft:custom":{"minecraft:interact_with_furnace":8,"minecraft:mob_kills":21,"minecraft:interact_with_crafting_table":13,"minecraft:time_since_death":149508,"minecraft:sleep_in_bed":2,"minecraft:climb_one_cm":1456,"minecraft:time_since_rest":47106,"minecraft:sprint_one_cm":266675,"minecraft:damage_taken":260,"minecraft:walk_one_cm":484370,"minecraft:drop":54,"minecraft:damage_dealt":1327,"minecraft:swim_one_cm":27176,"minecraft:fly_one_cm":356318,"minecraft:open_chest":22,"minecraft:crouch_one_cm":2725,"minecraft:play_time":149508,"minecraft:sneak_time":1360,"minecraft:walk_under_water_one_cm":26399,"minecraft:boat_one_cm":163807,"minecraft:jump":2193,"minecraft:walk_on_water_one_cm":37907,"minecraft:total_world_time":149508,"minecraft:fall_one_cm":39450},"minecraft:dropped":{"minecraft:gravel":1,"minecraft:porkchop":2,"minecraft:orange_tulip":25,"minecraft:granite":9,"immersive_armors:wither_leggings":1,"minecraft:salmon":10,"simplefarming:kenaf_seeds":1,"minecraft:poppy":1,"minecraft:dirt":2,"minecraft:diorite":40,"minecraft:ink_sac":2,"minecraft:andesite":54,"minecraft:wooden_axe":1,"minecraft:oak_sapling":7,"simplefarming:blackberry_bush":1,"simplefarming:raspberry_bush":1},"minecraft:crafted":{"minecraft:wooden_sword":1,"minecraft:magenta_bed":1,"minecraft:oak_planks":80,"minecraft:crafting_table":1,"minecraft:cooked_chicken":3,"minecraft:wooden_pickaxe":1,"minecraft:oak_boat":1,"minecraft:stick":20,"minecraft:stone_pickaxe":9,"minecraft:wooden_axe":2,"minecraft:torch":4,"minecraft:magenta_dye":1},"minecraft:picked_up":{"minecraft:wooden_axe":1,"minecraft:crafting_table":13,"minecraft:allium":7,"minecraft:andesite":30,"minecraft:salmon":11,"minecraft:leather":4,"minecraft:oak_log":36,"jeg:scrap":3,"minecraft:yellow_bed":1,"minecraft:dirt":34,"minecraft:raw_copper":14,"minecraft:apple":1,"simplefarming:kenaf_seeds":1,"minecraft:orange_tulip":25,"minecraft:wheat_seeds":2,"minecraft:candle":3,"minecraft:beef":8,"minecraft:white_tulip":11,"minecraft:oak_boat":4,"simplefarming:blueberry_bush":5,"simplefarming:blackberry_bush":6,"minecraft:poppy":1,"simplefarming:quinoa_seeds":4,"minecraft:book":12,"minecraft:raw_iron":23,"minecraft:stick":8,"minecraft:pumpkin":9,"minecraft:dandelion":1,"minecraft:gravel":1,"simplefarming:blueberries":17,"minecraft:porkchop":8,"simplefarming:raspberries":19,"minecraft:ink_sac":2,"minecraft:diorite":42,"minecraft:white_bed":4,"minecraft:lily_of_the_valley":1,"simplefarming:raspberry_bush":6,"simplefarming:blackberries":12,"minecraft:white_candle":13,"minecraft:granite":9,"minecraft:red_tulip":9,"minecraft:pink_tulip":5,"minecraft:oak_sapling":37,"minecraft:mutton":1,"minecraft:coal":135,"minecraft:cobblestone":973,"minecraft:white_wool":1,"minecraft:oxeye_daisy":2},"minecraft:mined":{"simplefarming:raspberry_bush":6,"jeg:scrap_ore":1,"minecraft:white_bed":4,"minecraft:oak_sapling":18,"minecraft:candle":1,"minecraft:lily_of_the_valley":1,"minecraft:dandelion":1,"minecraft:crafting_table":13,"minecraft:granite":9,"minecraft:allium":7,"minecraft:grass_block":16,"minecraft:poppy":1,"minecraft:copper_ore":4,"minecraft:tall_grass":1,"minecraft:white_candle":4,"minecraft:diorite":42,"minecraft:oxeye_daisy":2,"simplefarming:blackberry_bush":6,"minecraft:tall_seagrass":1,"minecraft:iron_ore":23,"minecraft:birch_leaves":6,"minecraft:andesite":30,"minecraft:pumpkin":9,"minecraft:orange_tulip":25,"minecraft:yellow_bed":1,"minecraft:grass":8,"minecraft:bookshelf":4,"minecraft:coal_ore":135,"minecraft:red_tulip":9,"minecraft:oak_log":37,"minecraft:dirt_path":1,"minecraft:gravel":1,"minecraft:dirt":21,"minecraft:pink_tulip":5,"minecraft:stone":995,"minecraft:white_tulip":12,"minecraft:oak_leaves":3,"simplefarming:blueberry_bush":5}},"DataVersion":3337}