{"stats":{"minecraft:killed_by":{"minecraft:vindicator":1,"minecraft:phantom":1},"minecraft:custom":{"minecraft:interact_with_crafting_table":49,"minecraft:leave_game":6,"minecraft:time_since_death":150741,"minecraft:sprint_one_cm":949248,"minecraft:damage_blocked_by_shield":225,"minecraft:drop":322,"minecraft:talked_to_villager":2,"minecraft:play_time":639785,"minecraft:deaths":2,"minecraft:jump":7247,"minecraft:walk_on_water_one_cm":154722,"minecraft:interact_with_furnace":27,"minecraft:interact_with_loom":1,"minecraft:sleep_in_bed":9,"minecraft:damage_dealt":8442,"minecraft:crouch_one_cm":66209,"minecraft:interact_with_smoker":3,"minecraft:horse_one_cm":1670568,"minecraft:mob_kills":113,"minecraft:climb_one_cm":3546,"minecraft:walk_one_cm":1965283,"minecraft:sneak_time":20242,"minecraft:walk_under_water_one_cm":102106,"minecraft:boat_one_cm":193842,"minecraft:total_world_time":639785,"minecraft:interact_with_grindstone":1,"minecraft:time_since_rest":57914,"minecraft:damage_taken":2871,"minecraft:swim_one_cm":256450,"minecraft:fly_one_cm":1124681,"minecraft:open_chest":288,"minecraft:fall_one_cm":115921},"minecraft:used":{"simplefarming:oat_seeds":1,"minecraft:oak_sign":7,"minecraft:chest":5,"minecraft:shield":12,"minecraft:iron_sword":107,"simplefarming:blueberries":17,"simplefarming:raspberries":25,"minecraft:sweet_berries":7,"minecraft:oak_sapling":30,"minecraft:egg":11,"minecraft:dark_oak_sapling":12,"minecraft:stone_pickaxe":1662,"minecraft:oak_planks":4,"minecraft:wooden_pickaxe":85,"minecraft:dark_oak_log":4,"minecraft:bread":31,"simplefarming:olives":6,"minecraft:wooden_sword":63,"minecraft:oak_boat":4,"minecraft:bone_meal":6,"minecraft:azalea":5,"minecraft:stone_sword":17,"minecraft:stone_shovel":1040,"minecraft:cooked_salmon":15,"minecraft:stone_hoe":63,"minecraft:cooked_chicken":3,"minecraft:orange_bed":1,"minecraft:torch":85,"minecraft:dirt":1110,"simplefarming:rice_seeds":8,"simplefarming:onion_seeds":6,"minecraft:wooden_axe":153,"minecraft:cooked_beef":3,"minecraft:cobbled_deepslate":22,"minecraft:wheat_seeds":14,"minecraft:water_bucket":17,"minecraft:salmon":2,"minecraft:crafting_table":25,"minecraft:magenta_bed":1,"simplefarming:blackberries":12,"minecraft:white_bed":3,"minecraft:apple":1,"minecraft:iron_pickaxe":511,"minecraft:stone_axe":431,"minecraft:cobblestone":44,"minecraft:bucket":17,"minecraft:yellow_bed":2,"minecraft:pumpkin_pie":7},"minecraft:picked_up":{"minecraft:wooden_axe":1,"packedup:basicbackpack":3,"simplefarming:turnip_seeds":2,"minecraft:golden_sword":1,"minecraft:string":2,"minecraft:raw_copper":41,"minecraft:cooked_salmon":5,"minecraft:oak_sign":4,"minecraft:beetroot":2,"minecraft:cobbled_deepslate":157,"minecraft:white_tulip":11,"minecraft:azalea":5,"simplefarming:blackberry_bush":6,"minecraft:iron_pickaxe":1,"simplefarming:cherry_sapling":1,"minecraft:iron_boots":1,"simplefarming:spinach_seeds":6,"simplefarming:plum_sapling":1,"minecraft:stick":19,"minecraft:oak_fence":4,"minecraft:torch":12,"minecraft:porkchop":13,"simplefarming:raspberries":28,"minecraft:diorite":44,"minecraft:stone_sword":1,"minecraft:rotten_flesh":3,"simplefarming:pepper_seeds":9,"minecraft:red_tulip":9,"simplefarming:marshmallow_root":1,"minecraft:cobblestone":1477,"simplefarming:olive_sapling":1,"minecraft:water_bucket":1,"minecraft:andesite":63,"minecraft:potato":9,"simplefarming:chicory_root":1,"minecraft:flint":3,"minecraft:tuff":30,"jeg:scrap":25,"minecraft:dirt":1253,"simplefarming:cucumber_seeds":7,"minecraft:bone":1,"minecraft:orange_tulip":25,"minecraft:wheat_seeds":304,"simplefarming:kenaf_seeds":6,"simplefarming:lettuce_seeds":3,"simplefarming:blueberry_bush":5,"simplefarming:tomato_seeds":12,"simplefarming:peanut_seeds":8,"simplefarming:corn_seeds":2,"simplefarming:radish_seeds":6,"minecraft:ink_sac":2,"minecraft:lily_of_the_valley":2,"minecraft:dark_oak_log":240,"simplefarming:orange_sapling":1,"minecraft:white_candle":13,"minecraft:crossbow":2,"minecraft:granite":60,"simplefarming:olives":9,"minecraft:golden_apple":1,"minecraft:bread":15,"minecraft:emerald":3,"pfm:furniture_book":1,"minecraft:oak_sapling":37,"simplefarming:cassava_seeds":3,"minecraft:crafting_table":25,"simplefarming:pea_seeds":5,"minecraft:allium":7,"minecraft:azure_bluet":2,"minecraft:shield":2,"minecraft:cornflower":7,"simplefarming:sorghum_seeds":6,"minecraft:white_carpet":3,"simplefarming:oat_seeds":9,"minecraft:candle":3,"minecraft:beef":8,"minecraft:oak_boat":4,"minecraft:iron_nugget":13,"minecraft:poppy":1,"simplefarming:barley_seeds":1,"minecraft:egg":10,"minecraft:dark_oak_sapling":15,"simplefarming:squash":1,"minecraft:raw_iron":45,"simplefarming:cantaloupe_seeds":5,"simplefarming:yam_seeds":8,"immersive_armors:robe_boots":1,"simplefarming:onion_seeds":7,"immersive_armors:wither_leggings":2,"minecraft:carrot":5,"simplefarming:eggplant_seeds":4,"minecraft:shears":1,"rechiseled:dark_oak_planks_large_tiles_connecting":2,"simplefarming:ginger_seeds":5,"minecraft:pink_tulip":5,"minecraft:glistering_melon_slice":8,"minecraft:gold_ingot":3,"minecraft:mutton":1,"minecraft:white_wool":2,"minecraft:oxeye_daisy":3,"simplefarming:apricot_sapling":1,"simplefarming:zucchini":1,"simplefarming:soybean_seeds":7,"minecraft:salmon":73,"minecraft:leather":4,"simplefarming:mango_sapling":1,"simplefarming:rye_seeds":8,"simplefarming:banana_sapling":1,"minecraft:oak_log":43,"minecraft:yellow_bed":3,"minecraft:gunpowder":2,"simplefarming:broccoli_seeds":9,"simplefarming:grape_seeds":4,"minecraft:red_carpet":4,"minecraft:apple":1,"minecraft:stone_bricks":4,"simplefarming:honeydew_seeds":4,"minecraft:stone_pickaxe":1,"simplefarming:pear_sapling":1,"minecraft:iron_sword":3,"jeg:tech_trash":3,"simplefarming:quinoa_seeds":17,"minecraft:book":12,"simplefarming:rice_seeds":11,"simplefarming:apple_sapling":1,"minecraft:pumpkin":9,"minecraft:sweet_berries":7,"minecraft:dandelion":17,"minecraft:gravel":24,"simplefarming:blueberries":17,"minecraft:spruce_sapling":12,"simplefarming:squash_seeds":4,"minecraft:white_bed":4,"minecraft:spruce_log":38,"simplefarming:raspberry_bush":6,"simplefarming:cucumber":1,"minecraft:spider_eye":2,"simplefarming:blackberries":12,"simplefarming:sweet_potato_seeds":5,"simplefarming:strawberry_bush":5,"minecraft:stone_axe":1,"immersive_armors:wooden_chestplate":1,"minecraft:iron_helmet":1,"simplefarming:cotton_seeds":8,"minecraft:coal":138},"minecraft:broken":{"minecraft:stone_pickaxe":11,"minecraft:wooden_sword":1,"minecraft:stone_axe":3,"minecraft:wooden_axe":3,"minecraft:stone_shovel":7,"minecraft:wooden_pickaxe":2,"minecraft:iron_pickaxe":2},"minecraft:crafted":{"minecraft:oak_planks":204,"minecraft:oak_sign":3,"minecraft:cooked_chicken":3,"minecraft:chest":5,"minecraft:magenta_dye":1,"minecraft:stone_hoe":1,"minecraft:crafting_table":1,"minecraft:spruce_planks":8,"minecraft:wooden_pickaxe":1,"minecraft:stick":120,"minecraft:stone_sword":1,"minecraft:wooden_sword":1,"minecraft:stone_shovel":8,"minecraft:bone_meal":6,"simplefarming:zucchini_seeds":1,"minecraft:stone_pickaxe":13,"minecraft:dark_oak_planks":4,"minecraft:cooked_beef":9,"minecraft:magenta_bed":1,"minecraft:stone_axe":5,"minecraft:orange_dye":1,"minecraft:oak_boat":1,"minecraft:wooden_axe":3,"minecraft:torch":128,"minecraft:orange_bed":1},"minecraft:killed":{"minecraft:spider":2,"minecraft:skeleton":2,"minecraft:pig":6,"minecraft:salmon":76,"minecraft:creeper":4,"minecraft:sheep":1,"minecraft:zombie":15,"minecraft:cow":4,"minecraft:squid":1},"minecraft:mined":{"simplefarming:raspberry_bush":6,"minecraft:white_bed":4,"minecraft:oak_sapling":18,"minecraft:farmland":7,"minecraft:granite":57,"minecraft:grass_block":1059,"minecraft:oak_wall_sign":2,"minecraft:oxeye_daisy":3,"simplefarming:blackberry_bush":6,"minecraft:tall_seagrass":2,"minecraft:iron_ore":36,"minecraft:cobbled_deepslate":1,"minecraft:pumpkin":9,"minecraft:azure_bluet":1,"minecraft:red_tulip":9,"minecraft:oak_sign":2,"minecraft:flowering_azalea_leaves":2,"minecraft:dirt_path":1,"minecraft:pink_tulip":5,"minecraft:azalea_leaves":7,"minecraft:poppy":1,"minecraft:dead_bush":1,"minecraft:cobblestone":2,"minecraft:white_candle":4,"minecraft:birch_log":8,"minecraft:orange_tulip":25,"minecraft:grass":2392,"minecraft:oak_log":44,"minecraft:dirt":136,"minecraft:oak_leaves":5,"minecraft:deepslate":154,"minecraft:tuff":32,"minecraft:candle":1,"minecraft:dark_oak_log":405,"minecraft:allium":7,"minecraft:spruce_leaves":15,"minecraft:large_fern":67,"minecraft:andesite":63,"minecraft:bookshelf":4,"minecraft:deepslate_iron_ore":9,"minecraft:stone":1579,"minecraft:white_tulip":12,"simplefarming:blueberry_bush":5,"jeg:scrap_ore":14,"simplefarming:quinoa":3,"minecraft:lily_of_the_valley":2,"minecraft:dandelion":6,"minecraft:crafting_table":24,"minecraft:emerald_ore":1,"minecraft:tall_grass":352,"minecraft:copper_ore":13,"minecraft:diorite":44,"minecraft:sweet_berry_bush":4,"minecraft:white_carpet":1,"minecraft:spruce_log":21,"minecraft:birch_leaves":6,"minecraft:yellow_bed":3,"minecraft:coal_ore":138,"minecraft:gravel":21,"minecraft:cobweb":1,"minecraft:stone_bricks":2,"simplefarming:oat":2,"minecraft:fern":48},"minecraft:dropped":{"minecraft:iron_sword":1,"minecraft:porkchop":2,"minecraft:orange_tulip":25,"simplefarming:sweet_potato_seeds":3,"simplefarming:radish_seeds":3,"immersive_armors:wither_leggings":1,"simplefarming:yam_seeds":4,"minecraft:red_carpet":2,"simplefarming:pea_seeds":2,"minecraft:dirt":4,"minecraft:dark_oak_log":235,"simplefarming:rye_seeds":2,"minecraft:cornflower":2,"simplefarming:oat_seeds":8,"minecraft:pumpkin_pie":4,"simplefarming:spinach_seeds":4,"minecraft:dark_oak_planks":4,"simplefarming:lettuce_seeds":2,"simplefarming:squash_seeds":3,"simplefarming:raspberry_bush":1,"minecraft:gravel":19,"simplefarming:cantaloupe_seeds":1,"simplefarming:cassava_seeds":1,"simplefarming:pepper_seeds":2,"minecraft:azure_bluet":2,"minecraft:salmon":10,"simplefarming:ginger_seeds":2,"minecraft:poppy":1,"simplefarming:honeydew_seeds":3,"minecraft:beetroot_seeds":2,"simplefarming:blackberry_bush":2,"simplefarming:olives":3,"simplefarming:barley_seeds":1,"minecraft:bread":12,"minecraft:wheat_seeds":285,"minecraft:oak_fence":4,"simplefarming:turnip_seeds":2,"minecraft:cobblestone":71,"minecraft:granite":12,"simplefarming:peanut_seeds":4,"minecraft:oxeye_daisy":1,"simplefarming:broccoli_seeds":4,"simplefarming:soybean_seeds":3,"minecraft:diorite":43,"minecraft:ink_sac":2,"minecraft:torch":40,"minecraft:wooden_axe":1,"minecraft:cooked_salmon":1,"simplefarming:rice_seeds":3,"minecraft:dandelion":6,"packedup:basicbackpack":1,"simplefarming:cotton_seeds":5,"simplefarming:onion_seeds":1,"simplefarming:tomato_seeds":6,"minecraft:white_carpet":2,"minecraft:iron_boots":1,"simplefarming:kenaf_seeds":3,"minecraft:lily_of_the_valley":1,"simplefarming:cucumber_seeds":1,"minecraft:andesite":54,"minecraft:oak_sapling":26,"minecraft:stone_bricks":2,"minecraft:spider_eye":2,"minecraft:stone_pickaxe":1,"simplefarming:eggplant_seeds":1,"simplefarming:sorghum_seeds":3}},"DataVersion":3337}