{"stats":{"minecraft:killed_by":{"minecraft:vindicator":1,"minecraft:phantom":1},"minecraft:custom":{"minecraft:interact_with_crafting_table":75,"minecraft:leave_game":6,"minecraft:time_since_death":378741,"minecraft:sprint_one_cm":1218975,"minecraft:damage_blocked_by_shield":225,"minecraft:drop":408,"minecraft:talked_to_villager":2,"minecraft:play_time":867785,"minecraft:deaths":2,"minecraft:jump":9308,"minecraft:walk_on_water_one_cm":161374,"minecraft:interact_with_furnace":52,"minecraft:interact_with_loom":1,"minecraft:sleep_in_bed":11,"minecraft:damage_dealt":8509,"minecraft:crouch_one_cm":86619,"minecraft:interact_with_smoker":4,"minecraft:horse_one_cm":1670568,"minecraft:mob_kills":113,"minecraft:climb_one_cm":3546,"minecraft:walk_one_cm":2697385,"minecraft:sneak_time":29378,"minecraft:walk_under_water_one_cm":104143,"minecraft:boat_one_cm":335647,"minecraft:total_world_time":867785,"minecraft:interact_with_grindstone":1,"minecraft:time_since_rest":120181,"minecraft:damage_taken":3469,"minecraft:swim_one_cm":265283,"minecraft:fly_one_cm":1477948,"minecraft:open_chest":367,"minecraft:fall_one_cm":153422},"minecraft:used":{"simplefarming:oat_seeds":1,"simplefarming:cherry_sapling":1,"minecraft:oak_sign":13,"minecraft:chest":9,"minecraft:shield":12,"minecraft:stone":48,"minecraft:iron_sword":107,"simplefarming:blueberries":17,"simplefarming:raspberries":25,"minecraft:glass":31,"simplefarming:kenaf_seeds":3,"simplefarming:rye_seeds":7,"minecraft:sweet_berries":7,"minecraft:oak_sapling":56,"minecraft:egg":13,"simplefarming:apricot_sapling":1,"minecraft:dark_oak_sapling":12,"minecraft:stone_pickaxe":1662,"minecraft:oak_planks":4,"minecraft:wooden_pickaxe":85,"simplefarming:olive_sapling":1,"minecraft:sand":1,"minecraft:shears":24,"minecraft:dark_oak_log":4,"minecraft:bread":38,"simplefarming:olives":6,"simplefarming:corn_seeds":5,"simplefarming:plum_sapling":1,"minecraft:flowering_azalea_leaves":11,"simplefarming:mango_sapling":1,"minecraft:wooden_sword":63,"simplefarming:orange_sapling":1,"minecraft:oak_boat":7,"minecraft:bone_meal":6,"minecraft:azalea":8,"minecraft:stone_sword":17,"minecraft:stone_shovel":2264,"simplefarming:ginger_seeds":5,"minecraft:cooked_salmon":18,"minecraft:stone_hoe":202,"minecraft:cooked_chicken":3,"minecraft:oak_door":1,"minecraft:orange_bed":1,"minecraft:torch":85,"minecraft:dirt":1540,"simplefarming:apple_sapling":1,"simplefarming:rice_seeds":16,"simplefarming:onion_seeds":20,"minecraft:wooden_axe":153,"minecraft:flowering_azalea":2,"minecraft:oak_stairs":139,"simplefarming:pear_sapling":1,"minecraft:cooked_beef":8,"minecraft:cobbled_deepslate":22,"minecraft:wheat_seeds":28,"minecraft:water_bucket":35,"simplefarming:banana_sapling":1,"minecraft:salmon":2,"minecraft:oak_slab":25,"minecraft:crafting_table":27,"minecraft:magenta_bed":1,"simplefarming:blackberries":12,"minecraft:white_bed":3,"minecraft:dark_oak_door":1,"minecraft:oak_log":64,"minecraft:apple":3,"minecraft:iron_pickaxe":518,"minecraft:stone_axe":686,"minecraft:cobblestone":44,"minecraft:bucket":36,"minecraft:yellow_bed":2,"minecraft:pumpkin_pie":7,"minecraft:stripped_oak_log":78},"minecraft:picked_up":{"minecraft:wooden_axe":1,"minecraft:wheat":1,"packedup:basicbackpack":3,"simplefarming:turnip_seeds":2,"minecraft:oak_stairs":75,"minecraft:golden_sword":1,"minecraft:string":2,"minecraft:raw_copper":41,"minecraft:cooked_salmon":12,"minecraft:oak_sign":13,"minecraft:beetroot":2,"minecraft:cobbled_deepslate":157,"minecraft:dark_oak_leaves":1,"minecraft:white_tulip":11,"minecraft:azalea":17,"simplefarming:blackberry_bush":6,"minecraft:iron_pickaxe":1,"minecraft:azalea_leaves":12,"simplefarming:cherry_sapling":1,"minecraft:iron_boots":1,"simplefarming:spinach_seeds":6,"minecraft:dark_oak_door":1,"simplefarming:plum_sapling":1,"minecraft:stick":42,"minecraft:oak_fence":6,"minecraft:torch":12,"minecraft:porkchop":13,"simplefarming:raspberries":28,"minecraft:diorite":44,"minecraft:stone_sword":1,"minecraft:rotten_flesh":3,"simplefarming:pepper_seeds":9,"minecraft:red_tulip":9,"simplefarming:marshmallow_root":1,"minecraft:cobblestone":1484,"simplefarming:olive_sapling":1,"minecraft:water_bucket":1,"minecraft:andesite":63,"minecraft:potato":9,"simplefarming:chicory_root":1,"minecraft:flint":3,"minecraft:tuff":30,"jeg:scrap":25,"minecraft:dirt":1653,"simplefarming:cucumber_seeds":7,"minecraft:bone":1,"minecraft:orange_tulip":25,"minecraft:wheat_seeds":340,"simplefarming:kenaf_seeds":9,"simplefarming:lettuce_seeds":3,"simplefarming:blueberry_bush":5,"rechiseled:chisel":1,"simplefarming:tomato_seeds":12,"simplefarming:peanut_seeds":8,"simplefarming:corn_seeds":7,"simplefarming:radish_seeds":6,"minecraft:sand":1030,"minecraft:ink_sac":2,"minecraft:lily_of_the_valley":2,"minecraft:dark_oak_log":240,"simplefarming:orange_sapling":1,"minecraft:white_candle":13,"minecraft:crossbow":2,"minecraft:granite":60,"simplefarming:olives":9,"minecraft:golden_apple":1,"minecraft:bread":15,"minecraft:emerald":3,"minecraft:rooted_dirt":2,"pfm:furniture_book":1,"minecraft:oak_sapling":65,"simplefarming:cassava_seeds":3,"minecraft:crafting_table":28,"simplefarming:pea_seeds":5,"minecraft:allium":7,"minecraft:azure_bluet":2,"minecraft:shield":2,"minecraft:cornflower":7,"simplefarming:sorghum_seeds":6,"minecraft:white_carpet":3,"simplefarming:oat_seeds":9,"minecraft:candle":3,"minecraft:beef":8,"minecraft:oak_boat":7,"minecraft:iron_nugget":13,"minecraft:poppy":1,"minecraft:chest":6,"simplefarming:barley_seeds":1,"minecraft:egg":11,"minecraft:dark_oak_sapling":15,"simplefarming:squash":1,"minecraft:raw_iron":45,"minecraft:oak_door":2,"simplefarming:cantaloupe_seeds":5,"simplefarming:yam_seeds":8,"minecraft:flowering_azalea_leaves":11,"immersive_armors:robe_boots":1,"simplefarming:onion_seeds":32,"immersive_armors:wither_leggings":2,"minecraft:carrot":5,"simplefarming:eggplant_seeds":4,"minecraft:shears":1,"rechiseled:dark_oak_planks_large_tiles_connecting":2,"simplefarming:ginger_seeds":10,"minecraft:pink_tulip":5,"minecraft:glistering_melon_slice":8,"minecraft:gold_ingot":3,"minecraft:mutton":1,"minecraft:stripped_oak_log":78,"minecraft:white_wool":2,"minecraft:oxeye_daisy":3,"simplefarming:apricot_sapling":1,"simplefarming:zucchini":1,"simplefarming:soybean_seeds":7,"minecraft:salmon":73,"minecraft:leather":4,"simplefarming:onion":9,"simplefarming:mango_sapling":1,"simplefarming:rye_seeds":15,"simplefarming:banana_sapling":1,"minecraft:oak_log":134,"minecraft:yellow_bed":3,"minecraft:gunpowder":2,"simplefarming:broccoli_seeds":9,"simplefarming:grape_seeds":4,"minecraft:red_carpet":4,"minecraft:apple":3,"minecraft:stone_bricks":4,"simplefarming:honeydew_seeds":4,"minecraft:stone_pickaxe":1,"simplefarming:pear_sapling":1,"minecraft:flowering_azalea":4,"minecraft:iron_sword":3,"jeg:tech_trash":3,"simplefarming:quinoa_seeds":17,"minecraft:book":12,"minecraft:oak_slab":6,"simplefarming:rice_seeds":27,"simplefarming:apple_sapling":1,"minecraft:pumpkin":9,"minecraft:sweet_berries":7,"minecraft:dandelion":18,"minecraft:gravel":24,"simplefarming:blueberries":17,"minecraft:spruce_sapling":12,"simplefarming:squash_seeds":4,"minecraft:white_bed":4,"minecraft:spruce_log":38,"simplefarming:raspberry_bush":6,"simplefarming:cucumber":1,"minecraft:spider_eye":2,"simplefarming:blackberries":12,"simplefarming:sweet_potato_seeds":5,"simplefarming:strawberry_bush":5,"minecraft:stone_axe":1,"immersive_armors:wooden_chestplate":1,"minecraft:iron_helmet":1,"simplefarming:cotton_seeds":8,"minecraft:coal":138},"minecraft:broken":{"minecraft:stone_pickaxe":11,"minecraft:wooden_sword":1,"minecraft:stone_axe":5,"minecraft:wooden_axe":3,"minecraft:stone_shovel":17,"minecraft:stone_hoe":1,"minecraft:wooden_pickaxe":2,"minecraft:iron_pickaxe":2},"minecraft:crafted":{"minecraft:oak_planks":568,"minecraft:oak_sign":6,"minecraft:oak_pressure_plate":12,"minecraft:cooked_chicken":3,"minecraft:stone":100,"minecraft:glass":64,"minecraft:chest":6,"minecraft:oak_fence":6,"minecraft:magenta_dye":1,"minecraft:stone_hoe":2,"minecraft:oak_slab":30,"minecraft:deepslate":31,"minecraft:crafting_table":1,"minecraft:spruce_planks":8,"minecraft:wooden_pickaxe":1,"minecraft:stick":120,"minecraft:stone_sword":1,"minecraft:wooden_sword":1,"minecraft:oak_door":3,"simplefarming:onion_seeds":3,"minecraft:stone_shovel":17,"minecraft:bone_meal":6,"minecraft:oak_trapdoor":12,"simplefarming:zucchini_seeds":1,"minecraft:stone_pickaxe":13,"minecraft:dark_oak_planks":4,"minecraft:cooked_beef":9,"minecraft:magenta_bed":1,"minecraft:stone_axe":6,"minecraft:orange_dye":1,"minecraft:air":0,"minecraft:oak_boat":1,"minecraft:oak_stairs":168,"minecraft:wooden_axe":3,"minecraft:torch":152,"minecraft:orange_bed":1},"minecraft:killed":{"minecraft:spider":2,"minecraft:skeleton":2,"minecraft:pig":6,"minecraft:salmon":76,"minecraft:creeper":4,"minecraft:sheep":1,"minecraft:zombie":15,"minecraft:cow":4,"minecraft:squid":1},"minecraft:mined":{"simplefarming:raspberry_bush":6,"minecraft:white_bed":4,"minecraft:oak_sapling":18,"minecraft:farmland":54,"minecraft:granite":57,"minecraft:grass_block":1188,"simplefarming:rice":16,"minecraft:oak_wall_sign":2,"minecraft:oxeye_daisy":3,"simplefarming:blackberry_bush":6,"minecraft:tall_seagrass":2,"simplefarming:ginger":5,"minecraft:iron_ore":36,"minecraft:cobbled_deepslate":1,"minecraft:pumpkin":9,"minecraft:azure_bluet":1,"minecraft:red_tulip":9,"minecraft:oak_sign":11,"minecraft:flowering_azalea_leaves":13,"minecraft:dirt_path":1,"minecraft:oak_stairs":23,"minecraft:pink_tulip":5,"minecraft:azalea_leaves":19,"minecraft:azalea":5,"minecraft:poppy":1,"minecraft:chest":6,"minecraft:dead_bush":1,"minecraft:glass":30,"minecraft:cobblestone":2,"minecraft:white_candle":4,"minecraft:birch_log":8,"minecraft:wheat":28,"minecraft:orange_tulip":25,"minecraft:grass":2432,"minecraft:oak_log":135,"simplefarming:corn":5,"minecraft:sand":1045,"minecraft:dirt":358,"simplefarming:onions":19,"minecraft:oak_leaves":12,"minecraft:deepslate":154,"minecraft:tuff":32,"minecraft:dark_oak_leaves":1,"minecraft:candle":1,"minecraft:dark_oak_log":405,"minecraft:allium":7,"minecraft:spruce_leaves":15,"minecraft:rooted_dirt":2,"minecraft:large_fern":67,"minecraft:andesite":63,"minecraft:bookshelf":4,"minecraft:deepslate_iron_ore":9,"minecraft:stripped_oak_log":78,"minecraft:stone":1586,"minecraft:white_tulip":12,"simplefarming:blueberry_bush":5,"minecraft:flowering_azalea":2,"jeg:scrap_ore":14,"simplefarming:quinoa":3,"minecraft:lily_of_the_valley":2,"minecraft:dandelion":7,"minecraft:crafting_table":27,"minecraft:emerald_ore":1,"minecraft:tall_grass":353,"minecraft:copper_ore":13,"simplefarming:kenaf":3,"minecraft:diorite":44,"simplefarming:rye":7,"minecraft:sweet_berry_bush":4,"minecraft:white_carpet":1,"minecraft:spruce_log":21,"minecraft:birch_leaves":6,"minecraft:yellow_bed":3,"minecraft:coal_ore":138,"minecraft:gravel":21,"minecraft:cobweb":1,"minecraft:stone_bricks":2,"simplefarming:oat":2,"minecraft:fern":48},"minecraft:dropped":{"minecraft:iron_sword":1,"minecraft:porkchop":2,"minecraft:cooked_beef":1,"minecraft:orange_tulip":25,"simplefarming:sweet_potato_seeds":3,"simplefarming:radish_seeds":3,"minecraft:rooted_dirt":2,"immersive_armors:wither_leggings":1,"simplefarming:yam_seeds":4,"minecraft:red_carpet":2,"simplefarming:pea_seeds":2,"minecraft:dirt":15,"minecraft:dark_oak_log":235,"simplefarming:rye_seeds":2,"minecraft:cornflower":2,"simplefarming:oat_seeds":8,"minecraft:pumpkin_pie":4,"simplefarming:spinach_seeds":4,"minecraft:dark_oak_planks":4,"simplefarming:lettuce_seeds":2,"simplefarming:squash_seeds":3,"simplefarming:raspberry_bush":1,"minecraft:oak_door":2,"minecraft:gravel":19,"simplefarming:cantaloupe_seeds":1,"minecraft:wheat":1,"simplefarming:cassava_seeds":1,"simplefarming:pepper_seeds":2,"minecraft:azure_bluet":2,"minecraft:salmon":10,"simplefarming:ginger_seeds":2,"minecraft:poppy":1,"simplefarming:honeydew_seeds":3,"minecraft:azalea_leaves":12,"minecraft:beetroot_seeds":2,"minecraft:azalea":4,"simplefarming:blackberry_bush":2,"simplefarming:olives":3,"simplefarming:barley_seeds":1,"minecraft:bread":12,"minecraft:oak_slab":6,"minecraft:wheat_seeds":293,"minecraft:oak_fence":6,"simplefarming:turnip_seeds":2,"minecraft:cobblestone":71,"minecraft:granite":12,"simplefarming:peanut_seeds":4,"minecraft:oxeye_daisy":1,"simplefarming:broccoli_seeds":4,"minecraft:dark_oak_leaves":1,"simplefarming:soybean_seeds":3,"minecraft:diorite":43,"minecraft:ink_sac":2,"minecraft:torch":66,"minecraft:wooden_axe":1,"minecraft:cooked_salmon":1,"simplefarming:rice_seeds":3,"minecraft:oak_stairs":52,"minecraft:dandelion":6,"packedup:basicbackpack":1,"simplefarming:cotton_seeds":5,"simplefarming:onion_seeds":1,"simplefarming:tomato_seeds":6,"minecraft:white_carpet":2,"minecraft:iron_boots":1,"simplefarming:kenaf_seeds":3,"minecraft:lily_of_the_valley":1,"simplefarming:cucumber_seeds":1,"minecraft:andesite":54,"minecraft:oak_sapling":28,"minecraft:stone_bricks":2,"minecraft:spider_eye":2,"minecraft:stone_pickaxe":1,"simplefarming:eggplant_seeds":1,"simplefarming:sorghum_seeds":3}},"DataVersion":3337}