{"stats":{"minecraft:dropped":{"minecraft:iron_sword":2,"minecraft:porkchop":2,"minecraft:oak_pressure_plate":12,"minecraft:cooked_beef":1,"minecraft:crafting_table":1,"minecraft:orange_tulip":25,"minecraft:rooted_dirt":2,"minecraft:red_carpet":2,"minecraft:emerald":5,"minecraft:dirt":15,"minecraft:grass":2,"simplefarming:rye_seeds":6,"minecraft:sand":2,"simplefarming:rice":1,"minecraft:iron_pickaxe":1,"minecraft:dark_oak_planks":4,"simplefarming:lettuce_seeds":3,"simplefarming:squash_seeds":3,"minecraft:bone":2,"minecraft:oak_door":2,"minecraft:stone_axe":1,"simplefarming:cantaloupe_seeds":1,"minecraft:wheat":3,"minecraft:rotten_flesh":21,"simplefarming:cassava_seeds":2,"simplefarming:oat":2,"minecraft:azure_bluet":2,"minecraft:white_bed":1,"minecraft:salmon":10,"simplefarming:ginger_seeds":2,"rechiseled:dark_oak_planks_small_tiles_connecting":10,"simplefarming:honeydew_seeds":3,"minecraft:azalea_leaves":157,"simplefarming:blackberry_bush":2,"minecraft:flowering_azalea_leaves":17,"minecraft:iron_ingot":58,"minecraft:wheat_seeds":310,"minecraft:oak_fence":8,"minecraft:iron_helmet":1,"minecraft:cobblestone":71,"minecraft:apple":1,"minecraft:granite":12,"simplefarming:peanut_seeds":7,"simplefarming:corn_seeds":3,"minecraft:oxeye_daisy":3,"minecraft:dark_oak_leaves":1,"simplefarming:soybean_seeds":5,"minecraft:ink_sac":24,"minecraft:wooden_axe":1,"minecraft:cooked_salmon":1,"minecraft:oak_stairs":116,"minecraft:white_banner":3,"minecraft:mossy_cobblestone_stairs":3,"minecraft:spruce_sapling":11,"simplefarming:tomato_seeds":12,"minecraft:stone_sword":1,"minecraft:white_carpet":2,"simplefarming:trellis":9,"minecraft:iron_boots":1,"simplefarming:cumin_seeds":1,"minecraft:lily_of_the_valley":1,"simplefarming:cucumber_seeds":2,"minecraft:stone_bricks":2,"minecraft:spider_eye":2,"minecraft:light_gray_dye":1,"simplefarming:rye":2,"minecraft:oak_log":107,"minecraft:ender_pearl":1,"simplefarming:sweet_potato_seeds":3,"simplefarming:radish_seeds":4,"minecraft:leather":1,"immersive_armors:wither_leggings":1,"simplefarming:yam_seeds":5,"simplefarming:pea_seeds":3,"minecraft:dark_oak_log":235,"minecraft:cornflower":2,"simplefarming:oat_seeds":11,"minecraft:pumpkin_pie":4,"simplefarming:spinach_seeds":4,"simplefarming:raspberry_bush":1,"minecraft:gravel":19,"simplefarming:kenaf_fiber":3,"minecraft:beetroot":4,"minecraft:cooked_mutton":1,"simplefarming:pepper_seeds":2,"minecraft:poppy":1,"minecraft:gunpowder":1,"minecraft:beetroot_seeds":2,"minecraft:azalea":15,"simplefarming:olives":10,"rechiseled:chisel":1,"minecraft:arrow":8,"simplefarming:barley_seeds":2,"minecraft:oak_leaves":4,"minecraft:bread":12,"minecraft:oak_slab":13,"simplefarming:turnip_seeds":2,"minecraft:lead":1,"minecraft:copper_ingot":18,"simplefarming:broccoli_seeds":6,"minecraft:milk_bucket":3,"minecraft:diorite":43,"minecraft:torch":66,"minecraft:white_concrete":2,"simplefarming:rice_seeds":3,"minecraft:light_gray_stained_glass":2,"minecraft:dandelion":14,"packedup:basicbackpack":1,"simplefarming:cotton_seeds":5,"simplefarming:onion_seeds":1,"simplefarming:kenaf_seeds":10,"minecraft:andesite":54,"minecraft:mossy_stone_bricks":1,"minecraft:oak_sapling":65,"minecraft:spruce_log":108,"simplefarming:quinoa_seeds":4,"minecraft:stone_pickaxe":1,"simplefarming:eggplant_seeds":1,"minecraft:brick":4,"simplefarming:sorghum_seeds":5},"minecraft:crafted":{"simplefarming:eggplant_seeds":3,"minecraft:oak_sign":48,"minecraft:oak_pressure_plate":12,"simplefarming:cantaloupe_seeds":5,"simplefarming:sorghum_seeds":1,"minecraft:glass":749,"simplefarming:peanut_seeds":1,"minecraft:magenta_dye":1,"minecraft:flower_pot":24,"minecraft:deepslate":31,"simplefarming:pea_seeds":1,"minecraft:cooked_porkchop":13,"simplefarming:honeydew_seeds":5,"minecraft:light_gray_dye":83,"minecraft:composter":2,"minecraft:stone_shovel":21,"simplefarming:trellis":10,"minecraft:bone_meal":15,"minecraft:stone_pickaxe":13,"minecraft:dark_oak_planks":8,"simplefarming:sweet_potato_seeds":3,"minecraft:orange_dye":1,"minecraft:oak_stairs":380,"minecraft:wooden_axe":3,"minecraft:iron_shovel":1,"minecraft:brick":76,"simplefarming:honeydew":5,"minecraft:oak_planks":1596,"minecraft:barrel":49,"minecraft:cooked_chicken":3,"minecraft:stone":164,"minecraft:chest":6,"simplefarming:rice_seeds":1,"minecraft:stone_hoe":5,"minecraft:oak_fence":12,"minecraft:oak_slab":138,"minecraft:crafting_table":1,"minecraft:spruce_planks":8,"minecraft:wooden_pickaxe":1,"minecraft:charcoal":19,"minecraft:stick":120,"minecraft:stone_sword":1,"simplefarming:cassava_seeds":5,"minecraft:shears":2,"minecraft:wooden_sword":1,"minecraft:oak_door":6,"simplefarming:onion_seeds":3,"minecraft:light_gray_stained_glass":840,"minecraft:furnace":1,"minecraft:oak_trapdoor":84,"simplefarming:zucchini_seeds":4,"minecraft:cooked_beef":29,"minecraft:magenta_bed":1,"simplefarming:squash_seeds":5,"minecraft:cooked_salmon":6,"minecraft:stripped_oak_wood":9,"minecraft:stone_axe":13,"simplefarming:barley_seeds":2,"minecraft:bread":3,"minecraft:air":0,"minecraft:oak_boat":1,"minecraft:white_dye":1,"simplefarming:pepper_seeds":3,"minecraft:orange_bed":1,"minecraft:torch":180},"minecraft:used":{"minecraft:beetroot":21,"minecraft:chest":9,"minecraft:stone":227,"simplefarming:squash_seeds":8,"minecraft:spruce_boat":8,"minecraft:grass_block":6,"simplefarming:trellis":19,"simplefarming:sorghum_seeds":15,"simplefarming:onion":3,"simplefarming:honeydew_seeds":7,"simplefarming:rye_seeds":90,"minecraft:sweet_berries":7,"minecraft:oak_sapling":183,"minecraft:egg":14,"simplefarming:chicory_root":15,"minecraft:potato":16,"simplefarming:turnip_seeds":10,"simplefarming:grape_seeds":10,"simplefarming:barley":12,"minecraft:orange_tulip":59,"minecraft:wooden_pickaxe":85,"simplefarming:sorghum":7,"minecraft:composter":7,"minecraft:sand":2,"simplefarming:yam":9,"simplefarming:olives":6,"simplefarming:plum_sapling":2,"simplefarming:oat":9,"minecraft:flowering_azalea_leaves":1106,"minecraft:lilac":13,"minecraft:wooden_sword":63,"simplefarming:orange_sapling":5,"minecraft:oak_boat":8,"simplefarming:cantaloupe_seeds":11,"minecraft:oak_trapdoor":114,"minecraft:stone_sword":84,"simplefarming:cassava_seeds":12,"simplefarming:cotton_seeds":11,"minecraft:cooked_salmon":46,"minecraft:orange_bed":1,"minecraft:torch":107,"minecraft:wheat":94,"simplefarming:apple_sapling":1,"minecraft:flowering_azalea":4,"minecraft:iron_axe":183,"minecraft:barrel":62,"simplefarming:eggplant_seeds":44,"minecraft:cobbled_deepslate":22,"minecraft:wheat_seeds":192,"minecraft:water_bucket":262,"simplefarming:banana_sapling":2,"simplefarming:broccoli_seeds":15,"simplefarming:orange":2,"immersive_armors:wither_leggings":1,"simplefarming:blackberry_bush":14,"simplefarming:pear":3,"minecraft:salmon":3,"simplefarming:tomato":6,"minecraft:oak_slab":104,"minecraft:crafting_table":32,"minecraft:white_bed":3,"minecraft:spruce_log":5,"minecraft:oak_log":313,"minecraft:oxeye_daisy":4,"minecraft:mangrove_propagule":33,"simplefarming:strawberry_bush":16,"minecraft:iron_pickaxe":696,"minecraft:spruce_sapling":1,"minecraft:cobblestone":56,"simplefarming:raspberry_bush":18,"minecraft:azalea_leaves":315,"simplefarming:zucchini_seeds":6,"minecraft:cooked_porkchop":9,"minecraft:stripped_oak_log":152,"minecraft:candle":1,"simplefarming:rice":11,"simplefarming:oat_seeds":50,"minecraft:iron_shovel":504,"simplefarming:cherry_sapling":3,"simplefarming:quinoa_seeds":50,"minecraft:oak_sign":106,"minecraft:shield":33,"simplefarming:kenaf_fiber":1,"minecraft:iron_sword":144,"simplefarming:cumin_seeds":19,"simplefarming:yam_seeds":36,"minecraft:carrot":53,"simplefarming:blueberries":26,"simplefarming:raspberries":40,"jeg:grenade":2,"minecraft:milk_bucket":2,"minecraft:glass":32,"simplefarming:kenaf_seeds":25,"minecraft:lantern":11,"simplefarming:corn":32,"simplefarming:rye":12,"simplefarming:marshmallow_root":6,"simplefarming:pepper_seeds":83,"simplefarming:pea_seeds":12,"minecraft:hay_block":30,"simplefarming:tomato_seeds":33,"minecraft:beetroot_seeds":21,"simplefarming:apricot_sapling":10,"minecraft:dark_oak_sapling":12,"minecraft:stone_pickaxe":1662,"minecraft:oak_planks":7,"minecraft:diamond_axe":224,"simplefarming:blueberry_bush":16,"simplefarming:olive_sapling":3,"simplefarming:strawberries":17,"simplefarming:cucumber_seeds":30,"simplefarming:sweet_potato_seeds":15,"minecraft:shears":924,"simplefarming:radish_seeds":9,"simplefarming:barley_seeds":88,"minecraft:dark_oak_log":4,"minecraft:bread":38,"minecraft:melon_slice":5,"simplefarming:spinach_seeds":20,"simplefarming:corn_seeds":149,"simplefarming:peanut_seeds":14,"simplefarming:mango_sapling":3,"simplefarming:pepper":52,"minecraft:air":6,"minecraft:bone_meal":81,"minecraft:azalea":53,"minecraft:oak_fence":7,"minecraft:rose_bush":38,"minecraft:flint_and_steel":1,"minecraft:white_tulip":50,"minecraft:stone_shovel":2749,"simplefarming:soybean_seeds":13,"simplefarming:ginger_seeds":70,"minecraft:stone_hoe":622,"minecraft:cooked_chicken":3,"minecraft:oak_door":17,"minecraft:dirt":2796,"simplefarming:rice_seeds":93,"simplefarming:onion_seeds":49,"minecraft:wooden_axe":153,"minecraft:light_gray_stained_glass":910,"minecraft:red_tulip":34,"minecraft:oak_stairs":393,"simplefarming:ginger":15,"simplefarming:pear_sapling":4,"simplefarming:broccoli":2,"minecraft:cooked_beef":15,"minecraft:cooked_mutton":15,"minecraft:pink_tulip":33,"minecraft:magenta_bed":1,"simplefarming:blackberries":22,"minecraft:dark_oak_door":1,"minecraft:flower_pot":24,"minecraft:apple":55,"simplefarming:lettuce_seeds":11,"minecraft:stone_axe":1635,"minecraft:white_banner":2,"minecraft:bucket":263,"minecraft:yellow_bed":2,"minecraft:pumpkin_pie":7},"minecraft:killed":{"minecraft:skeleton":5,"minecraft:salmon":87,"minecraft:pillager":5,"minecraft:zombie":19,"minecraft:cow":5,"minecraft:horse":1,"minecraft:wandering_trader":2,"minecraft:enderman":2,"minecraft:spider":3,"minecraft:pig":6,"minecraft:creeper":6,"minecraft:sheep":1,"minecraft:squid":9},"minecraft:killed_by":{"minecraft:vindicator":1,"minecraft:player":1,"minecraft:phantom":1},"minecraft:picked_up":{"minecraft:wooden_axe":1,"minecraft:iron_chestplate":2,"minecraft:flower_pot":8,"packedup:basicbackpack":3,"minecraft:smithing_table":2,"minecraft:lead":13,"minecraft:oak_stairs":211,"minecraft:golden_sword":1,"minecraft:string":2,"simplefarming:zucchini_seeds":2,"simplefarming:cumin_seeds":4,"minecraft:cooked_salmon":24,"simplefarming:plum":9,"simplefarming:pea_pod":8,"minecraft:beetroot":13,"minecraft:cobbled_deepslate":157,"simplefarming:blackberry_bush":15,"minecraft:azalea_leaves":724,"minecraft:melon_slice":13,"simplefarming:cherry_sapling":3,"minecraft:dark_oak_door":1,"simplefarming:barley":23,"minecraft:composter":7,"simplefarming:raspberries":44,"minecraft:stone_sword":3,"simplefarming:pepper_seeds":79,"minecraft:red_tulip":51,"simplefarming:marshmallow_root":6,"simplefarming:kenaf_fiber":13,"minecraft:cooked_beef":3,"minecraft:feather":7,"minecraft:water_bucket":2,"minecraft:brown_wool":2,"minecraft:flint":3,"jeg:scrap":25,"minecraft:lantern":42,"simplefarming:cucumber_seeds":32,"simplefarming:kenaf_seeds":35,"simplefarming:lettuce_seeds":13,"simplefarming:blueberry_bush":16,"simplefarming:tomato_seeds":43,"rechiseled:chisel":1,"simplefarming:peanut_seeds":19,"simplefarming:radish_seeds":12,"minecraft:ink_sac":24,"minecraft:dark_oak_log":241,"minecraft:barrel":13,"minecraft:white_candle":13,"simplefarming:trellis":4,"minecraft:granite":60,"minecraft:bread":15,"minecraft:rooted_dirt":2,"simplefarming:cassava_seeds":9,"minecraft:dark_oak_fence":1,"minecraft:crafting_table":35,"simplefarming:spinach":14,"minecraft:clay_ball":76,"minecraft:cornflower":7,"simplefarming:mango":13,"minecraft:white_carpet":3,"minecraft:cartography_table":2,"minecraft:beef":10,"minecraft:iron_nugget":13,"minecraft:poppy":1,"rechiseled:cobblestone_brick_pattern_connecting":64,"minecraft:chest":7,"minecraft:egg":16,"simplefarming:squash":6,"minecraft:stone":65,"minecraft:oak_door":13,"simplefarming:yam_seeds":38,"simplefarming:rye":22,"simplefarming:onion_seeds":47,"immersive_armors:wither_leggings":3,"minecraft:carrot":33,"simplefarming:eggplant_seeds":40,"minecraft:beetroot_seeds":21,"simplefarming:strawberries":17,"minecraft:shears":3,"rechiseled:dark_oak_planks_large_tiles_connecting":2,"minecraft:gold_ingot":3,"minecraft:mutton":1,"minecraft:white_wool":5,"minecraft:oxeye_daisy":73,"minecraft:stripped_oak_log":170,"simplefarming:soybean_seeds":18,"simplefarming:soybean":13,"simplefarming:onion":11,"simplefarming:mango_sapling":3,"simplefarming:rye_seeds":78,"simplefarming:banana_sapling":2,"minecraft:oak_log":697,"simplefarming:turnip":6,"simplefarming:cantaloupe":5,"simplefarming:broccoli":3,"simplefarming:broccoli_seeds":18,"minecraft:paper":32,"minecraft:white_banner":6,"simplefarming:grape_seeds":7,"minecraft:apple":32,"minecraft:stone_bricks":4,"minecraft:stone_pickaxe":1,"minecraft:iron_sword":11,"minecraft:flowering_azalea":4,"simplefarming:quinoa_seeds":54,"minecraft:milk_bucket":1,"minecraft:light_gray_stained_glass":68,"minecraft:sweet_berries":7,"simplefarming:orange":14,"minecraft:gravel":24,"simplefarming:blueberries":31,"minecraft:spruce_sapling":24,"minecraft:spruce_log":151,"simplefarming:cucumber":16,"simplefarming:raspberry_bush":16,"simplefarming:tomato":23,"simplefarming:sweet_potato_seeds":15,"minecraft:stone_axe":3,"minecraft:diamond_axe":1,"minecraft:gray_wool":1,"simplefarming:sorghum":8,"simplefarming:cotton_seeds":16,"minecraft:ender_pearl":1,"minecraft:wheat":27,"simplefarming:turnip_seeds":10,"simplefarming:rice":24,"minecraft:raw_copper":41,"minecraft:armor_stand":2,"minecraft:oak_sign":59,"simplefarming:ginger":52,"minecraft:bucket":4,"minecraft:dark_oak_leaves":1,"minecraft:white_tulip":93,"minecraft:rose_bush":33,"simplefarming:peanut":9,"minecraft:azalea":68,"minecraft:iron_pickaxe":3,"minecraft:iron_boots":1,"simplefarming:spinach_seeds":21,"simplefarming:plum_sapling":2,"minecraft:stick":248,"minecraft:oak_fence":9,"minecraft:torch":38,"simplefarming:oat":18,"minecraft:porkchop":13,"minecraft:diorite":44,"minecraft:vine":8,"simplefarming:sweet_potato":7,"simplefarming:radish":5,"simplefarming:lettuce":5,"minecraft:rotten_flesh":4,"simplefarming:olive_sapling":3,"minecraft:cobblestone":1603,"minecraft:lilac":15,"minecraft:andesite":63,"minecraft:potato":18,"simplefarming:chicory_root":15,"minecraft:tuff":30,"minecraft:light_gray_dye":131,"minecraft:dirt":2828,"simplefarming:honeydew_block":1,"rechiseled:dark_oak_planks_small_tiles_connecting":10,"minecraft:glass":119,"minecraft:bone":8,"minecraft:orange_tulip":89,"minecraft:wheat_seeds":460,"minecraft:bell":2,"minecraft:grindstone":1,"simplefarming:pepper":58,"minecraft:mossy_stone_bricks":1,"minecraft:fletching_table":1,"minecraft:oak_planks":5,"simplefarming:corn_seeds":110,"simplefarming:banana":13,"minecraft:sand":1033,"minecraft:grass_block":6,"minecraft:lily_of_the_valley":36,"simplefarming:orange_sapling":5,"simplefarming:corn":62,"minecraft:spruce_boat":8,"minecraft:crossbow":2,"minecraft:bone_meal":62,"minecraft:grass":2,"simplefarming:olives":16,"simplefarming:cherries":9,"minecraft:golden_apple":1,"minecraft:white_concrete":2,"minecraft:emerald":10,"pfm:furniture_book":1,"minecraft:oak_sapling":184,"minecraft:oak_leaves":5,"minecraft:charcoal":1,"simplefarming:pea_seeds":13,"minecraft:allium":10,"minecraft:azure_bluet":11,"minecraft:ladder":27,"simplefarming:yam":24,"minecraft:brick":4,"minecraft:shield":3,"minecraft:oak_trapdoor":32,"minecraft:iron_axe":1,"simplefarming:sorghum_seeds":21,"simplefarming:eggplant":30,"minecraft:birch_fence":2,"simplefarming:oat_seeds":55,"minecraft:candle":4,"minecraft:oak_boat":8,"minecraft:lectern":4,"simplefarming:barley_seeds":70,"minecraft:dark_oak_sapling":15,"minecraft:raw_iron":45,"simplefarming:pear":13,"simplefarming:apricot":9,"simplefarming:cantaloupe_seeds":6,"minecraft:copper_ingot":18,"minecraft:flowering_azalea_leaves":1131,"immersive_armors:robe_boots":2,"simplefarming:cassava":5,"minecraft:arrow":15,"simplefarming:ginger_seeds":70,"minecraft:pink_tulip":62,"minecraft:glistering_melon_slice":8,"simplefarming:apricot_sapling":10,"simplefarming:zucchini":4,"minecraft:salmon":92,"minecraft:leather":7,"minecraft:chainmail_chestplate":1,"minecraft:yellow_bed":3,"minecraft:cobbled_deepslate_stairs":3,"minecraft:gunpowder":6,"jeg:grenade":2,"minecraft:cooked_mutton":1,"minecraft:red_carpet":4,"simplefarming:honeydew_seeds":4,"minecraft:iron_ingot":60,"simplefarming:pear_sapling":4,"simplefarming:cotton":6,"jeg:tech_trash":3,"minecraft:book":126,"minecraft:oak_slab":115,"simplefarming:rice_seeds":95,"simplefarming:apple_sapling":1,"minecraft:pumpkin":9,"minecraft:stone_brick_slab":14,"minecraft:dandelion":29,"minecraft:blast_furnace":1,"minecraft:white_bed":5,"simplefarming:squash_seeds":4,"minecraft:spider_eye":2,"simplefarming:blackberries":25,"simplefarming:strawberry_bush":16,"immersive_armors:wooden_chestplate":1,"minecraft:chainmail_leggings":1,"minecraft:iron_helmet":5,"minecraft:mossy_cobblestone_stairs":3,"minecraft:coal":138},"minecraft:custom":{"minecraft:interact_with_crafting_table":210,"minecraft:open_barrel":70,"minecraft:bell_ring":4,"minecraft:leave_game":17,"minecraft:time_since_death":227970,"minecraft:damage_blocked_by_shield":825,"minecraft:play_time":2153452,"minecraft:deaths":4,"minecraft:plate_used":13,"minecraft:jump":20549,"minecraft:interact_with_furnace":141,"minecraft:stove_opened":14,"minecraft:sleep_in_bed":46,"minecraft:damage_dealt":14655,"minecraft:interact_with_smoker":5,"minecraft:horse_one_cm":1671011,"minecraft:interact_with_smithing_table":1,"minecraft:fridge_opened":9,"minecraft:chair_used":4,"minecraft:sneak_time":108142,"minecraft:drawer_searched":8,"minecraft:total_world_time":2153452,"minecraft:interact_with_stonecutter":1,"minecraft:cabinet_searched":2,"minecraft:time_since_rest":85372,"minecraft:swim_one_cm":359472,"minecraft:fly_one_cm":3373779,"minecraft:open_chest":948,"minecraft:fall_one_cm":396033,"minecraft:sprint_one_cm":2977785,"minecraft:drop":770,"minecraft:talked_to_villager":5,"minecraft:walk_on_water_one_cm":279221,"minecraft:interact_with_loom":1,"minecraft:crouch_one_cm":293003,"minecraft:mob_kills":155,"minecraft:climb_one_cm":10349,"minecraft:walk_one_cm":7666350,"minecraft:walk_under_water_one_cm":233528,"minecraft:boat_one_cm":1556579,"minecraft:pot_flower":21,"minecraft:interact_with_grindstone":8,"minecraft:damage_taken":8745},"minecraft:broken":{"minecraft:shears":4,"minecraft:wooden_sword":1,"minecraft:stone_hoe":3,"minecraft:wooden_pickaxe":2,"minecraft:iron_axe":1,"minecraft:iron_pickaxe":2,"minecraft:iron_shovel":2,"minecraft:stone_pickaxe":11,"minecraft:stone_axe":11,"minecraft:wooden_axe":3,"minecraft:stone_shovel":20},"minecraft:mined":{"simplefarming:yams":12,"minecraft:potted_pink_tulip":1,"minecraft:white_bed":4,"minecraft:jungle_leaves":1,"minecraft:granite":57,"simplefarming:cassava":3,"simplefarming:rice":40,"minecraft:oak_wall_sign":31,"minecraft:oxeye_daisy":73,"simplefarming:spinach":5,"minecraft:tall_seagrass":5,"minecraft:mossy_cobblestone_stairs":3,"minecraft:cobbled_deepslate":1,"minecraft:barrel":13,"minecraft:pumpkin":9,"minecraft:fletching_table":1,"simplefarming:honeydew":1,"minecraft:oak_sign":23,"minecraft:dirt_path":36,"minecraft:oak_stairs":67,"minecraft:pink_tulip":61,"simplefarming:corn_top":15,"simplefarming:apricot_sapling":7,"minecraft:blast_furnace":1,"minecraft:melon":2,"minecraft:dead_bush":1,"minecraft:glass":32,"minecraft:white_candle":4,"minecraft:light_gray_stained_glass":110,"minecraft:wheat":56,"minecraft:lilac":14,"simplefarming:tomatoes":10,"minecraft:grass":2693,"simplefarming:corn":19,"minecraft:deepslate":154,"minecraft:dark_oak_log":407,"simplefarming:zucchinis":1,"simplefarming:lettuce":3,"minecraft:dark_oak_fence":2,"minecraft:allium":9,"minecraft:cartography_table":1,"minecraft:andesite":63,"simplefarming:orange_sapling":1,"simplefarming:mango_leaves":1,"minecraft:potatoes":4,"minecraft:vine":9,"simplefarming:barley":26,"simplefarming:blueberry_bush":16,"minecraft:potted_allium":1,"minecraft:smithing_table":1,"simplefarming:peanuts":5,"minecraft:oak_slab":13,"jeg:scrap_ore":14,"minecraft:glass_pane":2,"minecraft:lily_of_the_valley":37,"simplefarming:grape_trunk":1,"minecraft:dandelion":19,"minecraft:emerald_ore":1,"simplefarming:sorghum_top":2,"simplefarming:sweet_potatoes":4,"minecraft:tall_grass":384,"minecraft:copper_ore":13,"simplefarming:cumin":1,"minecraft:diorite":44,"simplefarming:sorghum":1,"simplefarming:rye":34,"minecraft:white_carpet":1,"minecraft:spruce_log":151,"minecraft:birch_leaves":6,"simplefarming:broccoli":3,"minecraft:gravel":21,"minecraft:cobweb":1,"minecraft:stone_bricks":2,"simplefarming:pear_sapling":2,"minecraft:fern":49,"simplefarming:oat":20,"simplefarming:raspberry_bush":16,"minecraft:oak_sapling":46,"minecraft:farmland":67,"minecraft:grass_block":1785,"minecraft:composter":5,"simplefarming:kenaf_top":6,"simplefarming:blackberry_bush":15,"simplefarming:apple_leaves":4,"simplefarming:cucumbers":11,"simplefarming:olive_sapling":1,"simplefarming:ginger":27,"minecraft:iron_ore":36,"minecraft:azure_bluet":11,"simplefarming:soybeans":4,"minecraft:red_tulip":48,"minecraft:flowering_azalea_leaves":507,"simplefarming:squash":1,"minecraft:azalea_leaves":481,"minecraft:azalea":21,"simplefarming:fruit_log":29,"minecraft:potted_orange_tulip":1,"simplefarming:eggplants":12,"minecraft:clay":19,"minecraft:poppy":1,"minecraft:chest":7,"minecraft:cobblestone":5,"simplefarming:trellis":4,"minecraft:grindstone":1,"minecraft:oak_planks":3,"minecraft:seagrass":2,"minecraft:birch_log":8,"minecraft:orange_tulip":89,"minecraft:oak_log":638,"minecraft:beetroots":7,"minecraft:sand":1046,"minecraft:dirt":816,"simplefarming:mango_sapling":1,"simplefarming:onions":30,"minecraft:potted_red_tulip":2,"minecraft:oak_leaves":53,"minecraft:tuff":32,"minecraft:dark_oak_leaves":1,"minecraft:candle":2,"minecraft:oak_door":11,"minecraft:mangrove_roots":1,"simplefarming:turnips":2,"minecraft:spruce_leaves":15,"minecraft:rooted_dirt":2,"simplefarming:cantaloupe_stem":1,"simplefarming:cantaloupe":1,"minecraft:large_fern":67,"minecraft:oak_trapdoor":32,"minecraft:spruce_sapling":1,"minecraft:carrots":8,"simplefarming:radishes":2,"minecraft:bell":1,"minecraft:bookshelf":20,"minecraft:deepslate_iron_ore":9,"minecraft:lantern":1,"minecraft:stripped_oak_log":169,"minecraft:stone":1735,"minecraft:white_tulip":81,"simplefarming:strawberry_bush":11,"minecraft:podzol":1,"minecraft:flowering_azalea":2,"simplefarming:quinoa":13,"minecraft:oak_fence":3,"minecraft:crafting_table":33,"simplefarming:marshmallow":1,"minecraft:rose_bush":27,"minecraft:lectern":4,"simplefarming:peas":3,"simplefarming:kenaf":6,"simplefarming:cotton":4,"minecraft:sweet_berry_bush":4,"minecraft:white_wall_banner":1,"minecraft:yellow_bed":3,"minecraft:coal_ore":138,"minecraft:flower_pot":2,"simplefarming:chicory":3,"minecraft:potted_white_tulip":1,"simplefarming:cherry_sapling":1,"minecraft:mossy_stone_bricks":1,"simplefarming:peppers":25}},"DataVersion":3337}