{"stats":{"minecraft:dropped":{"minecraft:iron_sword":2,"minecraft:porkchop":2,"simplefarming:rye":2,"minecraft:oak_pressure_plate":12,"minecraft:cooked_beef":1,"minecraft:oak_log":107,"minecraft:crafting_table":1,"simplefarming:sweet_potato_seeds":3,"minecraft:orange_tulip":25,"simplefarming:radish_seeds":4,"minecraft:rooted_dirt":2,"minecraft:leather":1,"immersive_armors:wither_leggings":1,"simplefarming:yam_seeds":5,"minecraft:red_carpet":2,"minecraft:emerald":5,"simplefarming:pea_seeds":3,"minecraft:dirt":15,"minecraft:grass":2,"minecraft:dark_oak_log":235,"simplefarming:rye_seeds":6,"minecraft:cornflower":2,"simplefarming:oat_seeds":11,"minecraft:pumpkin_pie":4,"minecraft:sand":2,"simplefarming:rice":1,"simplefarming:spinach_seeds":4,"minecraft:dark_oak_planks":4,"simplefarming:lettuce_seeds":3,"simplefarming:squash_seeds":3,"minecraft:bone":2,"simplefarming:raspberry_bush":1,"minecraft:oak_door":2,"minecraft:gravel":19,"minecraft:stone_axe":1,"simplefarming:cantaloupe_seeds":1,"minecraft:wheat":3,"minecraft:beetroot":4,"minecraft:rotten_flesh":21,"simplefarming:cassava_seeds":2,"minecraft:cooked_mutton":1,"simplefarming:oat":2,"simplefarming:pepper_seeds":2,"minecraft:azure_bluet":2,"minecraft:white_bed":1,"minecraft:salmon":10,"simplefarming:ginger_seeds":2,"rechiseled:dark_oak_planks_small_tiles_connecting":10,"minecraft:poppy":1,"minecraft:gunpowder":1,"simplefarming:honeydew_seeds":3,"minecraft:azalea_leaves":157,"minecraft:beetroot_seeds":2,"minecraft:azalea":15,"simplefarming:blackberry_bush":2,"simplefarming:olives":3,"rechiseled:chisel":1,"minecraft:arrow":8,"simplefarming:barley_seeds":2,"minecraft:flowering_azalea_leaves":17,"minecraft:oak_leaves":4,"minecraft:bread":12,"minecraft:iron_ingot":58,"minecraft:oak_slab":13,"minecraft:wheat_seeds":310,"minecraft:cobblestone":71,"minecraft:iron_helmet":1,"minecraft:oak_fence":6,"simplefarming:turnip_seeds":2,"minecraft:lead":1,"minecraft:apple":1,"minecraft:granite":12,"minecraft:copper_ingot":18,"simplefarming:peanut_seeds":7,"simplefarming:corn_seeds":3,"minecraft:oxeye_daisy":3,"simplefarming:broccoli_seeds":4,"minecraft:dark_oak_leaves":1,"simplefarming:soybean_seeds":3,"minecraft:diorite":43,"minecraft:milk_bucket":3,"minecraft:ink_sac":24,"minecraft:torch":66,"minecraft:wooden_axe":1,"minecraft:white_concrete":2,"minecraft:cooked_salmon":1,"simplefarming:rice_seeds":3,"minecraft:light_gray_stained_glass":2,"minecraft:oak_stairs":116,"minecraft:white_banner":3,"minecraft:mossy_cobblestone_stairs":3,"minecraft:spruce_sapling":11,"minecraft:dandelion":8,"simplefarming:cotton_seeds":5,"packedup:basicbackpack":1,"simplefarming:onion_seeds":1,"simplefarming:tomato_seeds":12,"minecraft:stone_sword":1,"minecraft:white_carpet":2,"minecraft:iron_boots":1,"simplefarming:kenaf_seeds":5,"minecraft:lily_of_the_valley":1,"simplefarming:cucumber_seeds":2,"minecraft:andesite":54,"minecraft:mossy_stone_bricks":1,"minecraft:oak_sapling":48,"minecraft:spider_eye":2,"minecraft:stone_bricks":2,"minecraft:light_gray_dye":1,"minecraft:spruce_log":108,"minecraft:stone_pickaxe":1,"simplefarming:eggplant_seeds":1,"simplefarming:sorghum_seeds":5,"minecraft:brick":4},"minecraft:used":{"minecraft:beetroot":21,"simplefarming:oat_seeds":50,"minecraft:iron_shovel":504,"simplefarming:rice":11,"simplefarming:cherry_sapling":1,"simplefarming:quinoa_seeds":1,"minecraft:oak_sign":82,"minecraft:shield":33,"minecraft:chest":9,"minecraft:iron_sword":137,"minecraft:stone":227,"simplefarming:cumin_seeds":8,"simplefarming:squash_seeds":3,"simplefarming:yam_seeds":9,"minecraft:carrot":38,"jeg:grenade":2,"simplefarming:blueberries":24,"simplefarming:raspberries":35,"minecraft:milk_bucket":2,"minecraft:spruce_boat":8,"minecraft:glass":32,"simplefarming:kenaf_seeds":15,"minecraft:grass_block":6,"minecraft:lantern":11,"simplefarming:corn":32,"simplefarming:rye":12,"simplefarming:onion":3,"simplefarming:sorghum_seeds":5,"simplefarming:pepper_seeds":18,"simplefarming:honeydew_seeds":2,"simplefarming:pea_seeds":4,"simplefarming:rye_seeds":90,"minecraft:hay_block":30,"simplefarming:tomato_seeds":11,"minecraft:sweet_berries":7,"minecraft:oak_sapling":177,"minecraft:beetroot_seeds":7,"minecraft:egg":13,"minecraft:potato":16,"simplefarming:apricot_sapling":1,"simplefarming:turnip_seeds":10,"minecraft:dark_oak_sapling":12,"simplefarming:barley":12,"minecraft:stone_pickaxe":1662,"minecraft:oak_planks":6,"minecraft:orange_tulip":59,"minecraft:wooden_pickaxe":85,"minecraft:composter":3,"minecraft:diamond_axe":146,"simplefarming:cucumber_seeds":11,"simplefarming:blueberry_bush":10,"simplefarming:olive_sapling":1,"simplefarming:strawberries":7,"minecraft:sand":2,"simplefarming:sweet_potato_seeds":15,"minecraft:shears":924,"simplefarming:barley_seeds":88,"minecraft:dark_oak_log":4,"minecraft:melon_slice":5,"minecraft:bread":38,"simplefarming:olives":6,"simplefarming:spinach_seeds":20,"simplefarming:corn_seeds":149,"simplefarming:plum_sapling":1,"minecraft:lilac":13,"minecraft:flowering_azalea_leaves":1104,"simplefarming:peanut_seeds":1,"simplefarming:oat":9,"simplefarming:mango_sapling":1,"minecraft:wooden_sword":63,"simplefarming:orange_sapling":1,"minecraft:air":3,"minecraft:oak_boat":8,"minecraft:bone_meal":53,"minecraft:oak_fence":4,"minecraft:azalea":53,"minecraft:oak_trapdoor":89,"minecraft:rose_bush":38,"minecraft:stone_sword":84,"minecraft:white_tulip":50,"minecraft:flint_and_steel":1,"minecraft:stone_shovel":2672,"simplefarming:soybean_seeds":4,"simplefarming:cassava_seeds":12,"minecraft:cooked_salmon":46,"simplefarming:ginger_seeds":27,"minecraft:stone_hoe":545,"minecraft:cooked_chicken":3,"minecraft:oak_door":17,"minecraft:orange_bed":1,"minecraft:torch":107,"minecraft:dirt":2753,"minecraft:wheat":42,"simplefarming:apple_sapling":1,"simplefarming:rice_seeds":93,"simplefarming:onion_seeds":49,"minecraft:red_tulip":34,"minecraft:wooden_axe":153,"minecraft:flowering_azalea":4,"minecraft:light_gray_stained_glass":910,"minecraft:iron_axe":183,"minecraft:oak_stairs":393,"minecraft:barrel":30,"simplefarming:pear_sapling":1,"simplefarming:eggplant_seeds":12,"minecraft:cooked_beef":15,"minecraft:cobbled_deepslate":22,"minecraft:wheat_seeds":191,"minecraft:cooked_mutton":15,"minecraft:water_bucket":255,"simplefarming:banana_sapling":1,"minecraft:pink_tulip":33,"simplefarming:broccoli_seeds":9,"simplefarming:orange":1,"immersive_armors:wither_leggings":1,"simplefarming:blackberry_bush":9,"minecraft:salmon":3,"minecraft:magenta_bed":1,"minecraft:crafting_table":32,"minecraft:oak_slab":104,"minecraft:white_bed":3,"simplefarming:blackberries":18,"minecraft:spruce_log":5,"minecraft:dark_oak_door":1,"minecraft:oak_log":313,"minecraft:flower_pot":24,"minecraft:apple":53,"minecraft:oxeye_daisy":4,"simplefarming:strawberry_bush":11,"minecraft:mangrove_propagule":33,"minecraft:iron_pickaxe":696,"simplefarming:lettuce_seeds":11,"minecraft:spruce_sapling":1,"minecraft:stone_axe":1559,"simplefarming:zucchini_seeds":1,"minecraft:cobblestone":56,"minecraft:azalea_leaves":315,"simplefarming:raspberry_bush":13,"minecraft:white_banner":2,"minecraft:cooked_porkchop":9,"minecraft:bucket":257,"minecraft:pumpkin_pie":7,"minecraft:yellow_bed":2,"minecraft:stripped_oak_log":152,"minecraft:candle":1},"minecraft:crafted":{"minecraft:brick":76,"simplefarming:eggplant_seeds":3,"minecraft:oak_planks":1300,"minecraft:oak_sign":33,"minecraft:barrel":23,"minecraft:oak_pressure_plate":12,"minecraft:cooked_chicken":3,"minecraft:stone":164,"minecraft:glass":749,"minecraft:chest":6,"simplefarming:rice_seeds":1,"minecraft:stone_hoe":5,"minecraft:magenta_dye":1,"minecraft:oak_fence":6,"minecraft:flower_pot":24,"minecraft:oak_slab":132,"minecraft:deepslate":31,"minecraft:cooked_porkchop":13,"minecraft:crafting_table":1,"minecraft:spruce_planks":8,"minecraft:wooden_pickaxe":1,"minecraft:charcoal":19,"minecraft:stick":120,"minecraft:stone_sword":1,"minecraft:light_gray_dye":83,"simplefarming:cassava_seeds":5,"minecraft:composter":2,"minecraft:shears":2,"minecraft:wooden_sword":1,"minecraft:oak_door":6,"simplefarming:onion_seeds":3,"minecraft:stone_shovel":21,"minecraft:light_gray_stained_glass":840,"minecraft:furnace":1,"minecraft:bone_meal":15,"minecraft:oak_trapdoor":62,"simplefarming:zucchini_seeds":1,"minecraft:stone_pickaxe":13,"minecraft:dark_oak_planks":8,"minecraft:cooked_beef":29,"minecraft:magenta_bed":1,"simplefarming:sweet_potato_seeds":3,"minecraft:cooked_salmon":6,"minecraft:stripped_oak_wood":9,"minecraft:stone_axe":13,"minecraft:orange_dye":1,"minecraft:air":0,"minecraft:bread":3,"simplefarming:barley_seeds":2,"minecraft:oak_boat":1,"minecraft:white_dye":1,"minecraft:wooden_axe":3,"minecraft:oak_stairs":380,"minecraft:iron_shovel":1,"minecraft:torch":180,"minecraft:orange_bed":1},"minecraft:killed":{"minecraft:spider":3,"minecraft:skeleton":5,"minecraft:pig":6,"minecraft:salmon":87,"minecraft:creeper":6,"minecraft:sheep":1,"minecraft:pillager":5,"minecraft:zombie":19,"minecraft:cow":5,"minecraft:horse":1,"minecraft:wandering_trader":2,"minecraft:squid":9,"minecraft:enderman":1},"minecraft:killed_by":{"minecraft:vindicator":1,"minecraft:player":1,"minecraft:phantom":1},"minecraft:picked_up":{"minecraft:wooden_axe":1,"minecraft:iron_chestplate":2,"minecraft:wheat":27,"packedup:basicbackpack":3,"minecraft:flower_pot":8,"simplefarming:turnip_seeds":10,"minecraft:smithing_table":2,"minecraft:lead":13,"minecraft:oak_stairs":211,"simplefarming:rice":24,"minecraft:golden_sword":1,"minecraft:string":2,"minecraft:raw_copper":41,"minecraft:cooked_salmon":24,"minecraft:armor_stand":2,"minecraft:oak_sign":51,"minecraft:beetroot":6,"simplefarming:ginger":15,"minecraft:cobbled_deepslate":157,"minecraft:bucket":4,"minecraft:dark_oak_leaves":1,"minecraft:white_tulip":93,"minecraft:rose_bush":33,"minecraft:azalea":68,"simplefarming:blackberry_bush":11,"minecraft:iron_pickaxe":2,"minecraft:azalea_leaves":724,"minecraft:melon_slice":13,"simplefarming:cherry_sapling":1,"minecraft:iron_boots":1,"simplefarming:spinach_seeds":21,"minecraft:dark_oak_door":1,"simplefarming:plum_sapling":1,"simplefarming:barley":23,"minecraft:stick":236,"minecraft:composter":5,"minecraft:oak_fence":6,"minecraft:torch":38,"simplefarming:oat":18,"minecraft:porkchop":13,"simplefarming:raspberries":35,"minecraft:diorite":44,"minecraft:vine":8,"simplefarming:sweet_potato":7,"simplefarming:lettuce":5,"minecraft:stone_sword":3,"minecraft:rotten_flesh":4,"simplefarming:pepper_seeds":17,"minecraft:red_tulip":51,"simplefarming:marshmallow_root":1,"simplefarming:kenaf_fiber":5,"minecraft:cobblestone":1603,"simplefarming:olive_sapling":1,"minecraft:feather":7,"minecraft:lilac":15,"minecraft:cooked_beef":3,"minecraft:water_bucket":2,"minecraft:andesite":63,"minecraft:brown_wool":2,"minecraft:potato":18,"simplefarming:chicory_root":1,"minecraft:flint":3,"minecraft:tuff":30,"minecraft:light_gray_dye":131,"jeg:scrap":25,"minecraft:dirt":2798,"minecraft:lantern":42,"rechiseled:dark_oak_planks_small_tiles_connecting":10,"minecraft:glass":119,"simplefarming:cucumber_seeds":13,"minecraft:bone":8,"minecraft:wheat_seeds":459,"minecraft:orange_tulip":89,"simplefarming:kenaf_seeds":22,"simplefarming:lettuce_seeds":13,"minecraft:bell":2,"minecraft:grindstone":1,"simplefarming:blueberry_bush":11,"minecraft:mossy_stone_bricks":1,"rechiseled:chisel":1,"simplefarming:tomato_seeds":21,"minecraft:fletching_table":1,"minecraft:oak_planks":4,"simplefarming:peanut_seeds":11,"simplefarming:corn_seeds":110,"simplefarming:radish_seeds":6,"minecraft:sand":1033,"minecraft:ink_sac":24,"minecraft:grass_block":6,"minecraft:lily_of_the_valley":36,"minecraft:dark_oak_log":241,"minecraft:barrel":10,"simplefarming:orange_sapling":1,"minecraft:white_candle":13,"simplefarming:corn":62,"minecraft:spruce_boat":8,"minecraft:crossbow":2,"minecraft:granite":60,"simplefarming:olives":9,"minecraft:grass":2,"minecraft:bone_meal":37,"minecraft:golden_apple":1,"minecraft:white_concrete":2,"minecraft:emerald":9,"minecraft:bread":15,"minecraft:rooted_dirt":2,"pfm:furniture_book":1,"minecraft:oak_sapling":161,"simplefarming:cassava_seeds":9,"minecraft:dark_oak_fence":1,"minecraft:oak_leaves":5,"minecraft:charcoal":1,"minecraft:azure_bluet":11,"simplefarming:pea_seeds":7,"minecraft:crafting_table":35,"minecraft:allium":10,"simplefarming:spinach":14,"minecraft:ladder":27,"minecraft:clay_ball":76,"minecraft:shield":3,"minecraft:brick":4,"minecraft:cornflower":7,"minecraft:oak_trapdoor":27,"simplefarming:sorghum_seeds":12,"minecraft:iron_axe":1,"simplefarming:eggplant":3,"minecraft:white_carpet":3,"minecraft:birch_fence":2,"minecraft:cartography_table":2,"simplefarming:oat_seeds":55,"minecraft:candle":4,"minecraft:beef":10,"minecraft:oak_boat":8,"minecraft:iron_nugget":13,"minecraft:poppy":1,"minecraft:lectern":4,"rechiseled:cobblestone_brick_pattern_connecting":64,"minecraft:chest":7,"simplefarming:barley_seeds":70,"minecraft:egg":16,"minecraft:dark_oak_sapling":15,"simplefarming:squash":1,"minecraft:raw_iron":45,"minecraft:stone":65,"minecraft:oak_door":13,"simplefarming:cantaloupe_seeds":5,"minecraft:copper_ingot":18,"simplefarming:yam_seeds":11,"minecraft:flowering_azalea_leaves":1129,"simplefarming:rye":22,"immersive_armors:robe_boots":2,"immersive_armors:wither_leggings":3,"simplefarming:onion_seeds":47,"minecraft:carrot":10,"simplefarming:eggplant_seeds":8,"simplefarming:cassava":5,"minecraft:arrow":14,"minecraft:beetroot_seeds":7,"minecraft:shears":3,"simplefarming:strawberries":8,"rechiseled:dark_oak_planks_large_tiles_connecting":2,"simplefarming:ginger_seeds":27,"minecraft:pink_tulip":62,"minecraft:gold_ingot":3,"minecraft:glistering_melon_slice":8,"minecraft:mutton":1,"minecraft:oxeye_daisy":73,"minecraft:stripped_oak_log":170,"minecraft:white_wool":5,"simplefarming:zucchini":1,"simplefarming:apricot_sapling":1,"simplefarming:soybean_seeds":7,"minecraft:salmon":92,"minecraft:leather":7,"simplefarming:onion":11,"simplefarming:mango_sapling":1,"minecraft:chainmail_chestplate":1,"simplefarming:banana_sapling":1,"simplefarming:rye_seeds":78,"minecraft:oak_log":623,"simplefarming:turnip":6,"minecraft:yellow_bed":3,"minecraft:cobbled_deepslate_stairs":3,"minecraft:gunpowder":6,"simplefarming:broccoli_seeds":10,"minecraft:paper":32,"minecraft:white_banner":6,"jeg:grenade":2,"simplefarming:grape_seeds":4,"minecraft:cooked_mutton":1,"minecraft:red_carpet":4,"minecraft:apple":15,"minecraft:stone_bricks":4,"simplefarming:honeydew_seeds":4,"minecraft:iron_ingot":60,"minecraft:stone_pickaxe":1,"simplefarming:pear_sapling":1,"simplefarming:quinoa_seeds":18,"minecraft:iron_sword":11,"minecraft:flowering_azalea":4,"jeg:tech_trash":3,"minecraft:book":126,"minecraft:oak_slab":115,"simplefarming:rice_seeds":95,"minecraft:milk_bucket":1,"minecraft:light_gray_stained_glass":68,"simplefarming:apple_sapling":1,"minecraft:pumpkin":9,"minecraft:sweet_berries":7,"simplefarming:orange":1,"minecraft:stone_brick_slab":14,"minecraft:dandelion":23,"simplefarming:blueberries":26,"minecraft:gravel":24,"simplefarming:squash_seeds":4,"minecraft:spruce_sapling":24,"minecraft:blast_furnace":1,"minecraft:white_bed":5,"minecraft:spruce_log":151,"minecraft:spider_eye":2,"simplefarming:cucumber":1,"simplefarming:raspberry_bush":12,"simplefarming:blackberries":19,"simplefarming:tomato":6,"simplefarming:strawberry_bush":12,"simplefarming:sweet_potato_seeds":15,"minecraft:stone_axe":3,"minecraft:chainmail_leggings":1,"immersive_armors:wooden_chestplate":1,"minecraft:iron_helmet":5,"minecraft:diamond_axe":1,"minecraft:mossy_cobblestone_stairs":3,"minecraft:gray_wool":1,"simplefarming:cotton_seeds":8,"minecraft:coal":138},"minecraft:custom":{"minecraft:interact_with_crafting_table":187,"minecraft:open_barrel":38,"minecraft:bell_ring":4,"minecraft:leave_game":17,"minecraft:time_since_death":101970,"minecraft:sprint_one_cm":2832945,"minecraft:damage_blocked_by_shield":825,"minecraft:drop":723,"minecraft:talked_to_villager":5,"minecraft:play_time":2027452,"minecraft:plate_used":9,"minecraft:deaths":4,"minecraft:jump":20061,"minecraft:walk_on_water_one_cm":273793,"minecraft:interact_with_furnace":141,"minecraft:interact_with_loom":1,"minecraft:stove_opened":13,"minecraft:sleep_in_bed":43,"minecraft:damage_dealt":14165,"minecraft:crouch_one_cm":283981,"minecraft:interact_with_smoker":5,"minecraft:horse_one_cm":1671011,"minecraft:interact_with_smithing_table":1,"minecraft:mob_kills":153,"minecraft:climb_one_cm":10349,"minecraft:walk_one_cm":7106114,"minecraft:fridge_opened":9,"minecraft:chair_used":4,"minecraft:sneak_time":105595,"minecraft:walk_under_water_one_cm":232406,"minecraft:boat_one_cm":1556579,"minecraft:drawer_searched":8,"minecraft:total_world_time":2027452,"minecraft:pot_flower":21,"minecraft:interact_with_stonecutter":1,"minecraft:interact_with_grindstone":8,"minecraft:cabinet_searched":2,"minecraft:time_since_rest":16355,"minecraft:damage_taken":8465,"minecraft:swim_one_cm":352766,"minecraft:fly_one_cm":3281091,"minecraft:open_chest":942,"minecraft:fall_one_cm":379185},"minecraft:broken":{"minecraft:iron_shovel":2,"minecraft:shears":4,"minecraft:stone_pickaxe":11,"minecraft:wooden_sword":1,"minecraft:stone_axe":11,"minecraft:wooden_axe":3,"minecraft:stone_shovel":20,"minecraft:stone_hoe":3,"minecraft:wooden_pickaxe":2,"minecraft:iron_axe":1,"minecraft:iron_pickaxe":2},"minecraft:mined":{"simplefarming:yams":1,"simplefarming:raspberry_bush":12,"minecraft:potted_pink_tulip":1,"minecraft:white_bed":4,"minecraft:oak_sapling":45,"minecraft:farmland":64,"minecraft:jungle_leaves":1,"minecraft:granite":57,"simplefarming:cassava":3,"minecraft:grass_block":1772,"simplefarming:rice":40,"minecraft:composter":3,"minecraft:oak_wall_sign":30,"simplefarming:kenaf_top":2,"minecraft:oxeye_daisy":73,"simplefarming:blackberry_bush":11,"simplefarming:spinach":5,"minecraft:tall_seagrass":5,"simplefarming:cucumbers":5,"minecraft:mossy_cobblestone_stairs":3,"simplefarming:ginger":13,"minecraft:iron_ore":36,"minecraft:barrel":10,"minecraft:cobbled_deepslate":1,"minecraft:pumpkin":9,"minecraft:fletching_table":1,"minecraft:azure_bluet":11,"minecraft:red_tulip":48,"minecraft:oak_sign":16,"minecraft:flowering_azalea_leaves":504,"minecraft:dirt_path":23,"minecraft:oak_stairs":67,"minecraft:pink_tulip":61,"minecraft:azalea_leaves":481,"minecraft:azalea":21,"minecraft:potted_orange_tulip":1,"simplefarming:corn_top":15,"simplefarming:eggplants":1,"minecraft:clay":19,"minecraft:blast_furnace":1,"minecraft:melon":2,"minecraft:poppy":1,"minecraft:chest":7,"minecraft:dead_bush":1,"minecraft:glass":32,"minecraft:cobblestone":5,"minecraft:white_candle":4,"minecraft:grindstone":1,"minecraft:oak_planks":2,"minecraft:seagrass":2,"minecraft:light_gray_stained_glass":110,"minecraft:birch_log":8,"minecraft:wheat":56,"minecraft:lilac":14,"minecraft:orange_tulip":89,"simplefarming:tomatoes":3,"minecraft:grass":2685,"minecraft:oak_log":549,"simplefarming:corn":19,"minecraft:sand":1046,"minecraft:dirt":814,"simplefarming:onions":30,"minecraft:potted_red_tulip":2,"minecraft:oak_leaves":53,"minecraft:deepslate":154,"minecraft:tuff":32,"minecraft:dark_oak_leaves":1,"minecraft:candle":2,"minecraft:oak_door":11,"minecraft:dark_oak_log":407,"minecraft:mangrove_roots":1,"simplefarming:lettuce":3,"minecraft:dark_oak_fence":2,"minecraft:allium":9,"simplefarming:turnips":2,"minecraft:spruce_leaves":15,"minecraft:cartography_table":1,"minecraft:rooted_dirt":2,"minecraft:large_fern":67,"minecraft:oak_trapdoor":27,"minecraft:spruce_sapling":1,"minecraft:carrots":1,"minecraft:andesite":63,"minecraft:bell":1,"minecraft:bookshelf":20,"minecraft:potatoes":4,"minecraft:deepslate_iron_ore":9,"minecraft:vine":9,"minecraft:lantern":1,"minecraft:stripped_oak_log":169,"simplefarming:barley":26,"minecraft:white_tulip":81,"minecraft:stone":1735,"simplefarming:strawberry_bush":7,"minecraft:potted_allium":1,"minecraft:podzol":1,"simplefarming:blueberry_bush":11,"minecraft:smithing_table":1,"minecraft:oak_slab":13,"minecraft:flowering_azalea":2,"minecraft:glass_pane":2,"jeg:scrap_ore":14,"simplefarming:quinoa":4,"minecraft:lily_of_the_valley":37,"minecraft:dandelion":13,"minecraft:crafting_table":33,"minecraft:emerald_ore":1,"simplefarming:sweet_potatoes":4,"minecraft:rose_bush":27,"minecraft:lectern":4,"minecraft:copper_ore":13,"minecraft:tall_grass":383,"simplefarming:kenaf":6,"minecraft:diorite":44,"simplefarming:sorghum":1,"simplefarming:rye":34,"minecraft:sweet_berry_bush":4,"minecraft:birch_leaves":6,"minecraft:white_carpet":1,"minecraft:spruce_log":151,"minecraft:white_wall_banner":1,"minecraft:yellow_bed":3,"minecraft:coal_ore":138,"minecraft:flower_pot":2,"minecraft:gravel":21,"simplefarming:broccoli":1,"minecraft:cobweb":1,"minecraft:potted_white_tulip":1,"minecraft:stone_bricks":2,"minecraft:mossy_stone_bricks":1,"simplefarming:peppers":1,"simplefarming:oat":20,"minecraft:fern":49}},"DataVersion":3337}