{"stats":{"minecraft:killed":{"minecraft:spider":3,"minecraft:skeleton":5,"minecraft:pig":6,"minecraft:salmon":82,"minecraft:creeper":6,"minecraft:sheep":1,"minecraft:pillager":5,"minecraft:zombie":18,"minecraft:cow":5,"minecraft:horse":1,"minecraft:wandering_trader":2,"minecraft:squid":9},"minecraft:broken":{"minecraft:iron_shovel":1,"minecraft:shears":3,"minecraft:stone_pickaxe":11,"minecraft:wooden_sword":1,"minecraft:stone_axe":11,"minecraft:wooden_axe":3,"minecraft:stone_shovel":20,"minecraft:stone_hoe":2,"minecraft:wooden_pickaxe":2,"minecraft:iron_axe":1,"minecraft:iron_pickaxe":2},"minecraft:used":{"minecraft:beetroot":13,"minecraft:iron_shovel":252,"simplefarming:oat_seeds":50,"simplefarming:rice":11,"simplefarming:cherry_sapling":1,"minecraft:oak_sign":48,"minecraft:chest":9,"minecraft:shield":29,"minecraft:iron_sword":137,"minecraft:stone":227,"simplefarming:cumin_seeds":8,"simplefarming:squash_seeds":1,"minecraft:carrot":38,"simplefarming:blueberries":24,"jeg:grenade":2,"simplefarming:raspberries":33,"minecraft:milk_bucket":2,"minecraft:spruce_boat":8,"minecraft:glass":32,"simplefarming:kenaf_seeds":3,"minecraft:lantern":10,"simplefarming:corn":30,"simplefarming:rye":12,"simplefarming:onion":3,"simplefarming:pepper_seeds":1,"simplefarming:rye_seeds":90,"minecraft:hay_block":30,"simplefarming:tomato_seeds":1,"minecraft:sweet_berries":7,"minecraft:oak_sapling":177,"minecraft:beetroot_seeds":7,"minecraft:egg":13,"minecraft:potato":16,"simplefarming:apricot_sapling":1,"simplefarming:turnip_seeds":10,"minecraft:dark_oak_sapling":12,"simplefarming:barley":12,"minecraft:stone_pickaxe":1662,"minecraft:oak_planks":5,"minecraft:orange_tulip":59,"minecraft:wooden_pickaxe":85,"minecraft:composter":3,"simplefarming:cucumber_seeds":3,"simplefarming:blueberry_bush":5,"simplefarming:olive_sapling":1,"simplefarming:strawberries":4,"minecraft:sand":1,"simplefarming:sweet_potato_seeds":15,"minecraft:shears":923,"simplefarming:barley_seeds":88,"minecraft:dark_oak_log":4,"minecraft:melon_slice":5,"minecraft:bread":38,"simplefarming:olives":6,"simplefarming:spinach_seeds":20,"simplefarming:corn_seeds":148,"simplefarming:plum_sapling":1,"minecraft:lilac":13,"simplefarming:peanut_seeds":1,"minecraft:flowering_azalea_leaves":511,"simplefarming:oat":9,"simplefarming:mango_sapling":1,"minecraft:wooden_sword":63,"simplefarming:orange_sapling":1,"minecraft:air":3,"minecraft:oak_boat":8,"minecraft:bone_meal":53,"minecraft:oak_fence":4,"minecraft:azalea":53,"minecraft:oak_trapdoor":58,"minecraft:rose_bush":38,"minecraft:stone_sword":75,"minecraft:white_tulip":50,"minecraft:flint_and_steel":1,"minecraft:stone_shovel":2656,"simplefarming:cassava_seeds":12,"minecraft:cooked_salmon":46,"simplefarming:ginger_seeds":5,"minecraft:stone_hoe":396,"minecraft:cooked_chicken":3,"minecraft:oak_door":3,"minecraft:orange_bed":1,"minecraft:torch":101,"minecraft:dirt":2710,"minecraft:wheat":42,"simplefarming:apple_sapling":1,"simplefarming:rice_seeds":93,"simplefarming:onion_seeds":49,"minecraft:red_tulip":34,"minecraft:wooden_axe":153,"minecraft:flowering_azalea":4,"minecraft:light_gray_stained_glass":454,"minecraft:iron_axe":183,"minecraft:oak_stairs":384,"minecraft:barrel":24,"simplefarming:pear_sapling":1,"simplefarming:eggplant_seeds":12,"minecraft:cooked_beef":15,"minecraft:cobbled_deepslate":22,"minecraft:wheat_seeds":191,"minecraft:cooked_mutton":15,"minecraft:water_bucket":223,"simplefarming:banana_sapling":1,"minecraft:pink_tulip":33,"simplefarming:broccoli_seeds":1,"simplefarming:orange":1,"simplefarming:blackberry_bush":5,"minecraft:salmon":2,"minecraft:crafting_table":30,"minecraft:oak_slab":96,"minecraft:magenta_bed":1,"minecraft:white_bed":3,"simplefarming:blackberries":16,"minecraft:spruce_log":5,"minecraft:dark_oak_door":1,"minecraft:oak_log":313,"minecraft:flower_pot":24,"minecraft:apple":18,"minecraft:oxeye_daisy":4,"simplefarming:strawberry_bush":7,"minecraft:mangrove_propagule":33,"minecraft:iron_pickaxe":693,"simplefarming:lettuce_seeds":11,"minecraft:spruce_sapling":1,"minecraft:stone_axe":1556,"minecraft:cobblestone":56,"minecraft:azalea_leaves":315,"simplefarming:raspberry_bush":8,"minecraft:white_banner":2,"minecraft:cooked_porkchop":9,"minecraft:bucket":224,"minecraft:pumpkin_pie":7,"minecraft:yellow_bed":2,"minecraft:stripped_oak_log":152,"minecraft:candle":1},"minecraft:killed_by":{"minecraft:vindicator":1,"minecraft:player":1,"minecraft:phantom":1},"minecraft:custom":{"minecraft:interact_with_crafting_table":158,"minecraft:open_barrel":35,"minecraft:bell_ring":4,"minecraft:leave_game":13,"minecraft:time_since_death":73102,"minecraft:sprint_one_cm":2523864,"minecraft:damage_blocked_by_shield":715,"minecraft:drop":690,"minecraft:talked_to_villager":5,"minecraft:play_time":1803661,"minecraft:plate_used":9,"minecraft:deaths":3,"minecraft:jump":18424,"minecraft:walk_on_water_one_cm":262012,"minecraft:interact_with_furnace":105,"minecraft:interact_with_loom":1,"minecraft:stove_opened":13,"minecraft:sleep_in_bed":40,"minecraft:damage_dealt":13445,"minecraft:crouch_one_cm":240422,"minecraft:interact_with_smoker":5,"minecraft:horse_one_cm":1671011,"minecraft:interact_with_smithing_table":1,"minecraft:mob_kills":145,"minecraft:climb_one_cm":10349,"minecraft:walk_one_cm":6245085,"minecraft:fridge_opened":9,"minecraft:chair_used":4,"minecraft:sneak_time":91649,"minecraft:walk_under_water_one_cm":216500,"minecraft:boat_one_cm":1556579,"minecraft:drawer_searched":8,"minecraft:total_world_time":1803661,"minecraft:pot_flower":21,"minecraft:interact_with_stonecutter":1,"minecraft:interact_with_grindstone":6,"minecraft:cabinet_searched":2,"minecraft:time_since_rest":4005,"minecraft:damage_taken":7405,"minecraft:swim_one_cm":327168,"minecraft:fly_one_cm":2988296,"minecraft:open_chest":834,"minecraft:fall_one_cm":336255},"minecraft:dropped":{"minecraft:iron_sword":2,"minecraft:porkchop":2,"simplefarming:rye":2,"minecraft:oak_pressure_plate":12,"minecraft:cooked_beef":1,"minecraft:oak_log":107,"minecraft:crafting_table":1,"simplefarming:sweet_potato_seeds":3,"minecraft:orange_tulip":25,"simplefarming:radish_seeds":4,"minecraft:rooted_dirt":2,"minecraft:leather":1,"immersive_armors:wither_leggings":1,"simplefarming:yam_seeds":5,"minecraft:red_carpet":2,"minecraft:emerald":4,"simplefarming:pea_seeds":3,"minecraft:dirt":15,"minecraft:grass":2,"minecraft:dark_oak_log":235,"simplefarming:rye_seeds":6,"minecraft:cornflower":2,"simplefarming:oat_seeds":11,"minecraft:pumpkin_pie":4,"minecraft:sand":2,"simplefarming:rice":1,"simplefarming:spinach_seeds":4,"minecraft:dark_oak_planks":4,"simplefarming:lettuce_seeds":3,"simplefarming:squash_seeds":3,"simplefarming:raspberry_bush":1,"minecraft:oak_door":2,"minecraft:gravel":19,"minecraft:stone_axe":1,"simplefarming:cantaloupe_seeds":1,"minecraft:wheat":3,"minecraft:beetroot":4,"minecraft:rotten_flesh":21,"simplefarming:cassava_seeds":1,"simplefarming:oat":2,"minecraft:cooked_mutton":1,"simplefarming:pepper_seeds":2,"minecraft:azure_bluet":2,"minecraft:salmon":10,"simplefarming:ginger_seeds":2,"rechiseled:dark_oak_planks_small_tiles_connecting":10,"minecraft:poppy":1,"minecraft:gunpowder":1,"simplefarming:honeydew_seeds":3,"minecraft:azalea_leaves":29,"minecraft:beetroot_seeds":2,"minecraft:azalea":4,"simplefarming:blackberry_bush":2,"simplefarming:olives":3,"rechiseled:chisel":1,"simplefarming:barley_seeds":2,"minecraft:oak_leaves":4,"minecraft:flowering_azalea_leaves":17,"minecraft:bread":12,"minecraft:oak_slab":13,"minecraft:wheat_seeds":310,"minecraft:iron_helmet":1,"minecraft:cobblestone":71,"simplefarming:turnip_seeds":2,"minecraft:oak_fence":6,"minecraft:apple":1,"minecraft:granite":12,"minecraft:copper_ingot":18,"simplefarming:peanut_seeds":7,"minecraft:oxeye_daisy":3,"simplefarming:broccoli_seeds":4,"minecraft:dark_oak_leaves":1,"simplefarming:soybean_seeds":3,"minecraft:diorite":43,"minecraft:milk_bucket":3,"minecraft:ink_sac":18,"minecraft:torch":66,"minecraft:wooden_axe":1,"minecraft:white_concrete":2,"minecraft:cooked_salmon":1,"simplefarming:rice_seeds":3,"minecraft:light_gray_stained_glass":2,"minecraft:oak_stairs":116,"minecraft:white_banner":2,"minecraft:mossy_cobblestone_stairs":3,"minecraft:spruce_sapling":11,"minecraft:dandelion":8,"simplefarming:cotton_seeds":5,"packedup:basicbackpack":1,"simplefarming:onion_seeds":1,"simplefarming:tomato_seeds":7,"minecraft:stone_sword":1,"minecraft:white_carpet":2,"minecraft:iron_boots":1,"simplefarming:kenaf_seeds":3,"minecraft:lily_of_the_valley":1,"simplefarming:cucumber_seeds":2,"minecraft:mossy_stone_bricks":1,"minecraft:andesite":54,"minecraft:oak_sapling":48,"minecraft:spider_eye":2,"minecraft:stone_bricks":2,"minecraft:spruce_log":108,"minecraft:stone_pickaxe":1,"simplefarming:eggplant_seeds":1,"minecraft:brick":4,"simplefarming:sorghum_seeds":5},"minecraft:crafted":{"minecraft:brick":76,"simplefarming:eggplant_seeds":3,"minecraft:oak_planks":1132,"minecraft:oak_sign":18,"minecraft:barrel":16,"minecraft:oak_pressure_plate":12,"minecraft:cooked_chicken":3,"minecraft:stone":164,"minecraft:glass":590,"minecraft:chest":6,"simplefarming:rice_seeds":1,"minecraft:stone_hoe":3,"minecraft:magenta_dye":1,"minecraft:oak_fence":6,"minecraft:flower_pot":24,"minecraft:oak_slab":132,"minecraft:deepslate":31,"minecraft:cooked_porkchop":13,"minecraft:crafting_table":1,"minecraft:spruce_planks":8,"minecraft:wooden_pickaxe":1,"minecraft:stick":120,"minecraft:stone_sword":1,"minecraft:light_gray_dye":83,"simplefarming:cassava_seeds":5,"minecraft:composter":2,"minecraft:shears":2,"minecraft:wooden_sword":1,"minecraft:oak_door":3,"simplefarming:onion_seeds":3,"minecraft:stone_shovel":20,"minecraft:light_gray_stained_glass":568,"minecraft:furnace":1,"minecraft:bone_meal":15,"minecraft:oak_trapdoor":40,"simplefarming:zucchini_seeds":1,"minecraft:stone_pickaxe":13,"minecraft:dark_oak_planks":8,"minecraft:cooked_beef":29,"minecraft:magenta_bed":1,"simplefarming:sweet_potato_seeds":3,"minecraft:cooked_salmon":6,"minecraft:stripped_oak_wood":9,"minecraft:stone_axe":13,"minecraft:orange_dye":1,"simplefarming:barley_seeds":2,"minecraft:bread":3,"minecraft:air":0,"minecraft:oak_boat":1,"minecraft:white_dye":1,"minecraft:wooden_axe":3,"minecraft:oak_stairs":380,"minecraft:torch":180,"minecraft:orange_bed":1},"minecraft:picked_up":{"minecraft:wooden_axe":1,"minecraft:iron_chestplate":2,"minecraft:wheat":27,"minecraft:flower_pot":8,"simplefarming:turnip_seeds":10,"packedup:basicbackpack":3,"minecraft:smithing_table":1,"minecraft:lead":13,"minecraft:oak_stairs":199,"simplefarming:rice":24,"minecraft:golden_sword":1,"minecraft:string":2,"minecraft:raw_copper":41,"minecraft:cooked_salmon":24,"minecraft:armor_stand":2,"minecraft:oak_sign":34,"minecraft:beetroot":6,"minecraft:cobbled_deepslate":157,"minecraft:bucket":4,"minecraft:dark_oak_leaves":1,"minecraft:white_tulip":93,"minecraft:rose_bush":33,"minecraft:azalea":57,"simplefarming:blackberry_bush":11,"minecraft:iron_pickaxe":2,"minecraft:azalea_leaves":596,"minecraft:melon_slice":13,"simplefarming:cherry_sapling":1,"simplefarming:spinach_seeds":21,"minecraft:iron_boots":1,"minecraft:dark_oak_door":1,"simplefarming:plum_sapling":1,"simplefarming:barley":23,"minecraft:stick":212,"minecraft:composter":5,"minecraft:oak_fence":6,"minecraft:torch":38,"simplefarming:oat":18,"minecraft:porkchop":13,"simplefarming:raspberries":33,"minecraft:diorite":44,"minecraft:vine":8,"simplefarming:sweet_potato":7,"simplefarming:lettuce":5,"minecraft:stone_sword":3,"minecraft:rotten_flesh":4,"simplefarming:pepper_seeds":9,"minecraft:red_tulip":51,"simplefarming:marshmallow_root":1,"simplefarming:olive_sapling":1,"minecraft:cobblestone":1601,"minecraft:cooked_beef":3,"minecraft:lilac":15,"minecraft:water_bucket":2,"minecraft:andesite":63,"minecraft:potato":18,"simplefarming:chicory_root":1,"minecraft:flint":3,"minecraft:light_gray_dye":34,"minecraft:tuff":30,"jeg:scrap":25,"minecraft:dirt":2733,"minecraft:lantern":41,"minecraft:glass":6,"rechiseled:dark_oak_planks_small_tiles_connecting":10,"simplefarming:cucumber_seeds":11,"minecraft:bone":6,"minecraft:wheat_seeds":459,"minecraft:orange_tulip":89,"simplefarming:kenaf_seeds":9,"simplefarming:lettuce_seeds":13,"minecraft:bell":1,"minecraft:grindstone":1,"simplefarming:blueberry_bush":10,"minecraft:mossy_stone_bricks":1,"rechiseled:chisel":1,"simplefarming:tomato_seeds":13,"minecraft:fletching_table":1,"minecraft:oak_planks":1,"simplefarming:peanut_seeds":11,"simplefarming:corn_seeds":106,"simplefarming:radish_seeds":6,"minecraft:sand":1032,"minecraft:ink_sac":18,"minecraft:lily_of_the_valley":36,"minecraft:dark_oak_log":241,"minecraft:barrel":8,"simplefarming:orange_sapling":1,"minecraft:white_candle":13,"simplefarming:corn":60,"minecraft:spruce_boat":8,"minecraft:crossbow":2,"minecraft:granite":60,"minecraft:grass":2,"simplefarming:olives":9,"minecraft:bone_meal":37,"minecraft:golden_apple":1,"minecraft:white_concrete":2,"minecraft:emerald":9,"minecraft:bread":15,"minecraft:rooted_dirt":2,"pfm:furniture_book":1,"minecraft:oak_sapling":161,"simplefarming:cassava_seeds":8,"minecraft:dark_oak_fence":1,"minecraft:oak_leaves":5,"simplefarming:spinach":14,"simplefarming:pea_seeds":6,"minecraft:crafting_table":31,"minecraft:allium":10,"minecraft:azure_bluet":11,"minecraft:clay_ball":76,"minecraft:brick":4,"minecraft:shield":3,"minecraft:cornflower":7,"minecraft:oak_trapdoor":18,"simplefarming:sorghum_seeds":10,"minecraft:iron_axe":1,"simplefarming:eggplant":3,"minecraft:white_carpet":3,"simplefarming:oat_seeds":55,"minecraft:cartography_table":1,"minecraft:candle":4,"minecraft:beef":10,"minecraft:oak_boat":8,"minecraft:iron_nugget":13,"minecraft:poppy":1,"minecraft:lectern":4,"rechiseled:cobblestone_brick_pattern_connecting":64,"minecraft:chest":6,"simplefarming:barley_seeds":70,"minecraft:egg":15,"minecraft:dark_oak_sapling":15,"simplefarming:squash":1,"minecraft:raw_iron":45,"minecraft:stone":65,"minecraft:oak_door":2,"simplefarming:cantaloupe_seeds":5,"minecraft:copper_ingot":18,"simplefarming:yam_seeds":9,"minecraft:flowering_azalea_leaves":646,"simplefarming:rye":22,"immersive_armors:robe_boots":2,"simplefarming:onion_seeds":47,"immersive_armors:wither_leggings":3,"minecraft:carrot":10,"simplefarming:eggplant_seeds":8,"simplefarming:cassava":5,"minecraft:arrow":12,"minecraft:beetroot_seeds":7,"minecraft:shears":3,"simplefarming:strawberries":5,"rechiseled:dark_oak_planks_large_tiles_connecting":2,"simplefarming:ginger_seeds":10,"minecraft:pink_tulip":62,"minecraft:glistering_melon_slice":8,"minecraft:gold_ingot":3,"minecraft:mutton":1,"minecraft:white_wool":2,"simplefarming:apricot_sapling":1,"minecraft:oxeye_daisy":73,"simplefarming:zucchini":1,"minecraft:stripped_oak_log":170,"simplefarming:soybean_seeds":7,"minecraft:salmon":85,"minecraft:leather":7,"simplefarming:onion":11,"simplefarming:mango_sapling":1,"simplefarming:turnip":6,"simplefarming:banana_sapling":1,"simplefarming:rye_seeds":78,"minecraft:oak_log":569,"minecraft:chainmail_chestplate":1,"minecraft:yellow_bed":3,"minecraft:gunpowder":3,"simplefarming:broccoli_seeds":9,"minecraft:white_banner":6,"jeg:grenade":2,"simplefarming:grape_seeds":4,"minecraft:cooked_mutton":1,"minecraft:red_carpet":4,"minecraft:apple":15,"minecraft:stone_bricks":4,"minecraft:iron_ingot":60,"simplefarming:honeydew_seeds":4,"minecraft:stone_pickaxe":1,"simplefarming:pear_sapling":1,"minecraft:iron_sword":11,"minecraft:flowering_azalea":4,"jeg:tech_trash":3,"simplefarming:quinoa_seeds":17,"minecraft:book":60,"minecraft:oak_slab":37,"simplefarming:rice_seeds":95,"minecraft:milk_bucket":1,"simplefarming:apple_sapling":1,"minecraft:pumpkin":9,"minecraft:sweet_berries":7,"simplefarming:orange":1,"minecraft:stone_brick_slab":1,"minecraft:dandelion":23,"simplefarming:blueberries":26,"minecraft:gravel":24,"minecraft:spruce_sapling":24,"minecraft:blast_furnace":1,"minecraft:white_bed":4,"minecraft:spruce_log":151,"simplefarming:squash_seeds":4,"simplefarming:raspberry_bush":11,"simplefarming:cucumber":1,"minecraft:spider_eye":2,"simplefarming:blackberries":17,"simplefarming:strawberry_bush":12,"simplefarming:sweet_potato_seeds":15,"minecraft:stone_axe":3,"minecraft:chainmail_leggings":1,"immersive_armors:wooden_chestplate":1,"minecraft:iron_helmet":5,"minecraft:mossy_cobblestone_stairs":3,"simplefarming:cotton_seeds":8,"minecraft:coal":138},"minecraft:mined":{"simplefarming:raspberry_bush":11,"minecraft:potted_pink_tulip":1,"minecraft:white_bed":4,"minecraft:oak_sapling":45,"minecraft:farmland":54,"minecraft:jungle_leaves":1,"minecraft:granite":57,"simplefarming:cassava":3,"minecraft:grass_block":1745,"simplefarming:rice":40,"minecraft:composter":3,"minecraft:oak_wall_sign":19,"minecraft:oxeye_daisy":73,"simplefarming:blackberry_bush":11,"simplefarming:spinach":5,"minecraft:tall_seagrass":5,"simplefarming:cucumbers":3,"minecraft:mossy_cobblestone_stairs":3,"simplefarming:ginger":5,"minecraft:iron_ore":36,"minecraft:barrel":8,"minecraft:cobbled_deepslate":1,"minecraft:pumpkin":9,"minecraft:fletching_table":1,"minecraft:azure_bluet":11,"minecraft:red_tulip":48,"minecraft:oak_sign":12,"minecraft:flowering_azalea_leaves":467,"minecraft:dirt_path":1,"minecraft:oak_stairs":66,"minecraft:pink_tulip":61,"minecraft:azalea_leaves":481,"minecraft:azalea":10,"minecraft:potted_orange_tulip":1,"simplefarming:corn_top":15,"simplefarming:eggplants":1,"minecraft:clay":19,"minecraft:blast_furnace":1,"minecraft:melon":2,"minecraft:poppy":1,"minecraft:chest":6,"minecraft:dead_bush":1,"minecraft:glass":32,"minecraft:cobblestone":5,"minecraft:white_candle":4,"minecraft:grindstone":1,"minecraft:oak_planks":1,"minecraft:seagrass":2,"minecraft:light_gray_stained_glass":42,"minecraft:birch_log":8,"minecraft:wheat":56,"minecraft:lilac":14,"minecraft:orange_tulip":89,"minecraft:grass":2683,"minecraft:oak_log":549,"simplefarming:corn":18,"minecraft:sand":1045,"minecraft:dirt":803,"simplefarming:onions":30,"minecraft:potted_red_tulip":2,"minecraft:oak_leaves":53,"minecraft:deepslate":154,"minecraft:tuff":32,"minecraft:dark_oak_leaves":1,"minecraft:candle":2,"minecraft:dark_oak_log":407,"minecraft:mangrove_roots":1,"simplefarming:lettuce":3,"minecraft:dark_oak_fence":2,"minecraft:allium":9,"simplefarming:turnips":2,"minecraft:spruce_leaves":15,"minecraft:cartography_table":1,"minecraft:rooted_dirt":2,"minecraft:large_fern":67,"minecraft:oak_trapdoor":18,"minecraft:spruce_sapling":1,"minecraft:carrots":1,"minecraft:andesite":63,"minecraft:bell":1,"minecraft:bookshelf":20,"minecraft:potatoes":4,"minecraft:deepslate_iron_ore":9,"minecraft:vine":9,"minecraft:stripped_oak_log":169,"simplefarming:barley":26,"minecraft:white_tulip":81,"minecraft:stone":1733,"simplefarming:strawberry_bush":7,"minecraft:potted_allium":1,"minecraft:podzol":1,"simplefarming:blueberry_bush":10,"minecraft:smithing_table":1,"minecraft:oak_slab":13,"minecraft:flowering_azalea":2,"minecraft:glass_pane":2,"jeg:scrap_ore":14,"simplefarming:quinoa":3,"minecraft:lily_of_the_valley":37,"minecraft:dandelion":13,"minecraft:crafting_table":30,"minecraft:emerald_ore":1,"simplefarming:sweet_potatoes":4,"minecraft:rose_bush":27,"minecraft:lectern":4,"minecraft:copper_ore":13,"minecraft:tall_grass":383,"simplefarming:kenaf":3,"minecraft:diorite":44,"simplefarming:rye":34,"minecraft:sweet_berry_bush":4,"minecraft:birch_leaves":6,"minecraft:white_carpet":1,"minecraft:spruce_log":151,"minecraft:white_wall_banner":1,"minecraft:yellow_bed":3,"minecraft:coal_ore":138,"minecraft:flower_pot":2,"minecraft:gravel":21,"minecraft:cobweb":1,"minecraft:potted_white_tulip":1,"minecraft:stone_bricks":2,"minecraft:mossy_stone_bricks":1,"simplefarming:oat":20,"minecraft:fern":49}},"DataVersion":3337}