{"stats":{"minecraft:killed":{"minecraft:pig":1,"minecraft:salmon":11,"minecraft:squid":1,"minecraft:sheep":1},"minecraft:used":{"minecraft:stone_pickaxe":727,"minecraft:wooden_pickaxe":59,"minecraft:dirt":9,"minecraft:crafting_table":9,"minecraft:magenta_bed":1,"simplefarming:blackberries":6,"minecraft:white_bed":3,"simplefarming:blueberries":11,"simplefarming:raspberries":13,"minecraft:wooden_axe":56,"minecraft:apple":1,"minecraft:wooden_sword":8,"minecraft:cobblestone":2,"minecraft:oak_sapling":30,"minecraft:yellow_bed":1},"minecraft:broken":{"minecraft:stone_pickaxe":5,"minecraft:wooden_axe":1,"minecraft:wooden_pickaxe":1},"minecraft:dropped":{"minecraft:porkchop":2,"minecraft:orange_tulip":25,"minecraft:salmon":10,"minecraft:poppy":1,"minecraft:dirt":2,"minecraft:ink_sac":2,"minecraft:wooden_axe":1,"minecraft:oak_sapling":3,"simplefarming:blackberry_bush":1,"simplefarming:raspberry_bush":1},"minecraft:custom":{"minecraft:interact_with_furnace":4,"minecraft:mob_kills":14,"minecraft:interact_with_crafting_table":9,"minecraft:time_since_death":89508,"minecraft:sleep_in_bed":1,"minecraft:time_since_rest":52033,"minecraft:sprint_one_cm":121349,"minecraft:damage_taken":150,"minecraft:walk_one_cm":310650,"minecraft:drop":47,"minecraft:damage_dealt":620,"minecraft:swim_one_cm":8586,"minecraft:fly_one_cm":136233,"minecraft:open_chest":8,"minecraft:crouch_one_cm":911,"minecraft:play_time":89508,"minecraft:sneak_time":534,"minecraft:walk_under_water_one_cm":23563,"minecraft:boat_one_cm":10744,"minecraft:jump":999,"minecraft:walk_on_water_one_cm":25000,"minecraft:total_world_time":89508,"minecraft:fall_one_cm":17001},"minecraft:crafted":{"minecraft:wooden_sword":1,"minecraft:magenta_bed":1,"minecraft:oak_planks":24,"minecraft:crafting_table":1,"minecraft:wooden_pickaxe":1,"minecraft:stick":12,"minecraft:stone_pickaxe":6,"minecraft:wooden_axe":2,"minecraft:torch":4,"minecraft:magenta_dye":1},"minecraft:picked_up":{"minecraft:wooden_axe":1,"minecraft:crafting_table":9,"minecraft:allium":7,"minecraft:andesite":30,"minecraft:salmon":11,"minecraft:oak_log":27,"minecraft:yellow_bed":1,"minecraft:dirt":18,"minecraft:raw_copper":14,"minecraft:apple":1,"minecraft:orange_tulip":25,"minecraft:wheat_seeds":2,"minecraft:white_tulip":11,"simplefarming:blueberry_bush":5,"simplefarming:blackberry_bush":6,"minecraft:poppy":1,"simplefarming:quinoa_seeds":4,"minecraft:raw_iron":3,"minecraft:stick":8,"minecraft:pumpkin":9,"minecraft:dandelion":1,"simplefarming:blueberries":11,"minecraft:porkchop":2,"simplefarming:raspberries":13,"minecraft:ink_sac":2,"minecraft:diorite":40,"minecraft:white_bed":4,"simplefarming:raspberry_bush":6,"simplefarming:blackberries":6,"minecraft:granite":5,"minecraft:red_tulip":9,"minecraft:pink_tulip":5,"minecraft:oak_sapling":33,"minecraft:mutton":1,"minecraft:coal":105,"minecraft:cobblestone":570,"minecraft:white_wool":1,"minecraft:oxeye_daisy":2},"minecraft:mined":{"simplefarming:raspberry_bush":6,"minecraft:white_bed":4,"minecraft:oak_sapling":18,"minecraft:dandelion":1,"minecraft:crafting_table":9,"minecraft:granite":5,"minecraft:allium":7,"minecraft:grass_block":8,"minecraft:poppy":1,"minecraft:copper_ore":4,"minecraft:tall_grass":1,"minecraft:diorite":40,"minecraft:oxeye_daisy":2,"simplefarming:blackberry_bush":6,"minecraft:tall_seagrass":1,"minecraft:iron_ore":3,"minecraft:andesite":30,"minecraft:pumpkin":9,"minecraft:orange_tulip":25,"minecraft:yellow_bed":1,"minecraft:grass":4,"minecraft:coal_ore":105,"minecraft:red_tulip":9,"minecraft:oak_log":28,"minecraft:dirt_path":1,"minecraft:dirt":11,"minecraft:pink_tulip":5,"minecraft:stone":592,"minecraft:white_tulip":12,"minecraft:oak_leaves":2,"simplefarming:blueberry_bush":5}},"DataVersion":3337}