{"stats":{"minecraft:custom":{"minecraft:mob_kills":64,"minecraft:interact_with_crafting_table":18,"minecraft:leave_game":4,"minecraft:time_since_death":221706,"minecraft:climb_one_cm":1456,"minecraft:sprint_one_cm":316830,"minecraft:walk_one_cm":618652,"minecraft:drop":81,"minecraft:play_time":221706,"minecraft:sneak_time":3154,"minecraft:walk_under_water_one_cm":63934,"minecraft:boat_one_cm":163807,"minecraft:jump":2651,"minecraft:walk_on_water_one_cm":68392,"minecraft:total_world_time":221706,"minecraft:interact_with_furnace":8,"minecraft:sleep_in_bed":4,"minecraft:time_since_rest":41936,"minecraft:damage_taken":434,"minecraft:damage_dealt":3251,"minecraft:swim_one_cm":85384,"minecraft:fly_one_cm":440351,"minecraft:open_chest":44,"minecraft:crouch_one_cm":10947,"minecraft:fall_one_cm":43996},"minecraft:used":{"minecraft:cooked_chicken":3,"minecraft:torch":18,"minecraft:dirt":31,"simplefarming:blueberries":17,"simplefarming:raspberries":18,"minecraft:wooden_axe":92,"minecraft:oak_sapling":30,"minecraft:egg":3,"minecraft:stone_pickaxe":1399,"minecraft:wooden_pickaxe":85,"minecraft:crafting_table":16,"minecraft:magenta_bed":1,"simplefarming:blackberries":12,"minecraft:white_bed":3,"minecraft:apple":1,"minecraft:bread":2,"simplefarming:olives":6,"minecraft:iron_pickaxe":480,"minecraft:stone_axe":3,"minecraft:wooden_sword":63,"minecraft:cobblestone":44,"minecraft:yellow_bed":1,"minecraft:pumpkin_pie":3,"minecraft:oak_boat":4},"minecraft:picked_up":{"minecraft:wooden_axe":1,"minecraft:crafting_table":16,"minecraft:allium":7,"minecraft:raw_copper":41,"minecraft:candle":3,"minecraft:beef":8,"minecraft:white_tulip":11,"minecraft:oak_boat":4,"simplefarming:blackberry_bush":6,"minecraft:poppy":1,"minecraft:stick":8,"minecraft:raw_iron":36,"minecraft:torch":1,"minecraft:porkchop":8,"simplefarming:raspberries":22,"immersive_armors:wither_leggings":1,"minecraft:diorite":42,"minecraft:red_tulip":9,"minecraft:pink_tulip":5,"minecraft:mutton":1,"minecraft:oxeye_daisy":2,"minecraft:white_wool":1,"minecraft:cobblestone":1445,"minecraft:salmon":50,"minecraft:andesite":63,"minecraft:leather":4,"minecraft:flint":3,"simplefarming:rye_seeds":1,"minecraft:oak_log":36,"jeg:scrap":25,"minecraft:yellow_bed":1,"minecraft:dirt":35,"minecraft:apple":1,"minecraft:orange_tulip":25,"minecraft:wheat_seeds":9,"simplefarming:kenaf_seeds":1,"simplefarming:blueberry_bush":5,"minecraft:iron_sword":1,"jeg:tech_trash":3,"simplefarming:quinoa_seeds":4,"minecraft:book":12,"simplefarming:rice_seeds":1,"minecraft:pumpkin":9,"minecraft:dandelion":1,"minecraft:gravel":13,"simplefarming:blueberries":17,"minecraft:ink_sac":2,"minecraft:white_bed":4,"minecraft:lily_of_the_valley":1,"simplefarming:raspberry_bush":6,"simplefarming:blackberries":12,"minecraft:white_candle":13,"minecraft:granite":57,"simplefarming:olives":9,"minecraft:emerald":1,"minecraft:oak_sapling":37,"minecraft:coal":138},"minecraft:broken":{"minecraft:wooden_pickaxe":2,"minecraft:stone_pickaxe":10,"minecraft:wooden_sword":1,"minecraft:iron_pickaxe":2,"minecraft:wooden_axe":2},"minecraft:crafted":{"minecraft:wooden_sword":1,"minecraft:oak_planks":80,"minecraft:cooked_chicken":3,"minecraft:stone_pickaxe":11,"minecraft:magenta_dye":1,"minecraft:magenta_bed":1,"minecraft:crafting_table":1,"minecraft:wooden_pickaxe":1,"minecraft:stone_axe":1,"minecraft:oak_boat":1,"minecraft:stick":28,"minecraft:wooden_axe":2,"minecraft:torch":20},"minecraft:killed":{"minecraft:spider":1,"minecraft:pig":4,"minecraft:salmon":51,"minecraft:squid":1,"minecraft:sheep":1,"minecraft:zombie":2,"minecraft:cow":4},"minecraft:mined":{"simplefarming:raspberry_bush":6,"minecraft:white_bed":4,"minecraft:oak_sapling":18,"minecraft:candle":1,"minecraft:granite":57,"minecraft:allium":7,"minecraft:grass_block":16,"minecraft:oxeye_daisy":2,"simplefarming:blackberry_bush":6,"minecraft:tall_seagrass":1,"minecraft:iron_ore":36,"minecraft:andesite":63,"minecraft:pumpkin":9,"minecraft:bookshelf":4,"minecraft:red_tulip":9,"minecraft:dirt_path":1,"minecraft:pink_tulip":5,"minecraft:white_tulip":12,"minecraft:stone":1556,"simplefarming:blueberry_bush":5,"jeg:scrap_ore":14,"minecraft:lily_of_the_valley":1,"minecraft:dandelion":1,"minecraft:crafting_table":16,"minecraft:emerald_ore":1,"minecraft:poppy":1,"minecraft:tall_grass":1,"minecraft:copper_ore":13,"minecraft:white_candle":4,"minecraft:diorite":42,"minecraft:birch_leaves":6,"minecraft:orange_tulip":25,"minecraft:yellow_bed":1,"minecraft:grass":30,"minecraft:oak_log":37,"minecraft:coal_ore":138,"minecraft:gravel":16,"minecraft:dirt":21,"minecraft:oak_leaves":3},"minecraft:dropped":{"minecraft:bread":10,"minecraft:porkchop":2,"minecraft:wheat_seeds":18,"minecraft:orange_tulip":25,"minecraft:cobblestone":69,"minecraft:granite":9,"immersive_armors:wither_leggings":1,"minecraft:dirt":2,"minecraft:diorite":42,"minecraft:ink_sac":2,"minecraft:wooden_axe":1,"minecraft:pumpkin_pie":4,"simplefarming:raspberry_bush":1,"minecraft:gravel":13,"minecraft:iron_boots":1,"minecraft:salmon":10,"simplefarming:kenaf_seeds":1,"minecraft:poppy":1,"minecraft:andesite":54,"minecraft:beetroot_seeds":2,"minecraft:oak_sapling":26,"simplefarming:blackberry_bush":1,"simplefarming:olives":3}},"DataVersion":3337}