{"stats":{"minecraft:killed":{"minecraft:pig":1,"minecraft:salmon":11,"minecraft:squid":1,"minecraft:sheep":1},"minecraft:used":{"minecraft:stone_pickaxe":232,"minecraft:wooden_pickaxe":59,"minecraft:dirt":9,"minecraft:crafting_table":5,"minecraft:magenta_bed":1,"simplefarming:blackberries":6,"minecraft:white_bed":3,"simplefarming:blueberries":11,"simplefarming:raspberries":10,"minecraft:wooden_axe":52,"minecraft:apple":1,"minecraft:wooden_sword":8,"minecraft:oak_sapling":30,"minecraft:yellow_bed":1},"minecraft:broken":{"minecraft:stone_pickaxe":1,"minecraft:wooden_axe":1,"minecraft:wooden_pickaxe":1},"minecraft:dropped":{"minecraft:porkchop":2,"minecraft:orange_tulip":25,"minecraft:salmon":10,"minecraft:poppy":1,"minecraft:dirt":2,"minecraft:ink_sac":2,"minecraft:oak_sapling":3,"simplefarming:blackberry_bush":1,"simplefarming:raspberry_bush":1},"minecraft:custom":{"minecraft:mob_kills":14,"minecraft:interact_with_crafting_table":5,"minecraft:time_since_death":53508,"minecraft:sleep_in_bed":1,"minecraft:time_since_rest":16033,"minecraft:sprint_one_cm":113942,"minecraft:damage_taken":140,"minecraft:walk_one_cm":271408,"minecraft:drop":46,"minecraft:damage_dealt":611,"minecraft:swim_one_cm":8586,"minecraft:fly_one_cm":118416,"minecraft:open_chest":6,"minecraft:crouch_one_cm":491,"minecraft:play_time":53508,"minecraft:sneak_time":216,"minecraft:walk_under_water_one_cm":23450,"minecraft:boat_one_cm":10744,"minecraft:jump":865,"minecraft:walk_on_water_one_cm":23475,"minecraft:total_world_time":53508,"minecraft:fall_one_cm":14878},"minecraft:crafted":{"minecraft:wooden_sword":1,"minecraft:magenta_bed":1,"minecraft:oak_planks":20,"minecraft:crafting_table":1,"minecraft:wooden_pickaxe":1,"minecraft:stick":8,"minecraft:stone_pickaxe":2,"minecraft:wooden_axe":2,"minecraft:magenta_dye":1},"minecraft:picked_up":{"minecraft:crafting_table":5,"minecraft:allium":7,"minecraft:andesite":1,"minecraft:salmon":11,"minecraft:oak_log":27,"minecraft:yellow_bed":1,"minecraft:dirt":12,"minecraft:apple":1,"minecraft:orange_tulip":25,"minecraft:wheat_seeds":2,"minecraft:white_tulip":11,"simplefarming:blueberry_bush":5,"simplefarming:blackberry_bush":6,"minecraft:poppy":1,"simplefarming:quinoa_seeds":4,"minecraft:stick":8,"minecraft:pumpkin":9,"minecraft:dandelion":1,"simplefarming:blueberries":11,"minecraft:porkchop":2,"simplefarming:raspberries":10,"minecraft:ink_sac":2,"minecraft:diorite":15,"minecraft:white_bed":4,"simplefarming:raspberry_bush":6,"simplefarming:blackberries":6,"minecraft:granite":2,"minecraft:red_tulip":9,"minecraft:pink_tulip":5,"minecraft:oak_sapling":33,"minecraft:mutton":1,"minecraft:coal":24,"minecraft:cobblestone":240,"minecraft:white_wool":1,"minecraft:oxeye_daisy":2},"minecraft:mined":{"simplefarming:raspberry_bush":6,"minecraft:white_bed":4,"minecraft:oak_sapling":18,"minecraft:dandelion":1,"minecraft:crafting_table":5,"minecraft:granite":2,"minecraft:allium":7,"minecraft:grass_block":6,"minecraft:poppy":1,"minecraft:tall_grass":1,"minecraft:diorite":15,"minecraft:oxeye_daisy":2,"simplefarming:blackberry_bush":6,"minecraft:tall_seagrass":1,"minecraft:andesite":1,"minecraft:pumpkin":9,"minecraft:orange_tulip":25,"minecraft:yellow_bed":1,"minecraft:grass":4,"minecraft:coal_ore":24,"minecraft:red_tulip":9,"minecraft:oak_log":28,"minecraft:dirt_path":1,"minecraft:dirt":6,"minecraft:pink_tulip":5,"minecraft:stone":249,"minecraft:white_tulip":12,"minecraft:oak_leaves":2,"simplefarming:blueberry_bush":5}},"DataVersion":3337}