{"stats":{"minecraft:killed_by":{"minecraft:vindicator":1,"minecraft:phantom":1},"minecraft:custom":{"minecraft:mob_kills":109,"minecraft:interact_with_crafting_table":32,"minecraft:leave_game":6,"minecraft:time_since_death":24741,"minecraft:climb_one_cm":3546,"minecraft:sprint_one_cm":684953,"minecraft:walk_one_cm":1526691,"minecraft:damage_blocked_by_shield":200,"minecraft:drop":237,"minecraft:talked_to_villager":2,"minecraft:play_time":513785,"minecraft:deaths":2,"minecraft:sneak_time":10444,"minecraft:walk_under_water_one_cm":93782,"minecraft:boat_one_cm":163807,"minecraft:jump":5532,"minecraft:walk_on_water_one_cm":139106,"minecraft:total_world_time":513785,"minecraft:interact_with_furnace":20,"minecraft:interact_with_loom":1,"minecraft:interact_with_grindstone":1,"minecraft:sleep_in_bed":7,"minecraft:time_since_rest":26462,"minecraft:damage_taken":2366,"minecraft:damage_dealt":7862,"minecraft:swim_one_cm":194982,"minecraft:fly_one_cm":783998,"minecraft:open_chest":153,"minecraft:crouch_one_cm":27548,"minecraft:fall_one_cm":87733,"minecraft:interact_with_smoker":2,"minecraft:horse_one_cm":1670568},"minecraft:used":{"minecraft:stone_sword":11,"minecraft:oak_sign":1,"minecraft:chest":2,"minecraft:shield":10,"minecraft:iron_sword":99,"minecraft:cooked_salmon":9,"minecraft:cooked_chicken":3,"minecraft:torch":78,"minecraft:dirt":38,"simplefarming:blueberries":17,"simplefarming:raspberries":25,"minecraft:wooden_axe":153,"minecraft:sweet_berries":7,"minecraft:oak_sapling":30,"minecraft:egg":6,"minecraft:cobbled_deepslate":22,"minecraft:water_bucket":9,"minecraft:stone_pickaxe":1662,"minecraft:oak_planks":4,"minecraft:wooden_pickaxe":85,"minecraft:salmon":2,"minecraft:magenta_bed":1,"minecraft:crafting_table":23,"minecraft:white_bed":3,"simplefarming:blackberries":12,"minecraft:apple":1,"minecraft:dark_oak_log":4,"minecraft:bread":25,"simplefarming:olives":6,"minecraft:iron_pickaxe":511,"minecraft:stone_axe":430,"minecraft:wooden_sword":63,"minecraft:cobblestone":44,"minecraft:bucket":10,"minecraft:pumpkin_pie":7,"minecraft:yellow_bed":1,"minecraft:oak_boat":4},"minecraft:picked_up":{"minecraft:wooden_axe":1,"simplefarming:pea_seeds":5,"minecraft:crafting_table":24,"minecraft:allium":7,"minecraft:azure_bluet":2,"simplefarming:turnip_seeds":2,"packedup:basicbackpack":3,"minecraft:shield":2,"minecraft:golden_sword":1,"minecraft:cornflower":7,"minecraft:string":2,"minecraft:cooked_salmon":5,"simplefarming:sorghum_seeds":6,"minecraft:raw_copper":41,"minecraft:white_carpet":3,"minecraft:oak_sign":1,"minecraft:beetroot":2,"simplefarming:oat_seeds":7,"minecraft:candle":3,"minecraft:cobbled_deepslate":157,"minecraft:beef":8,"minecraft:white_tulip":11,"minecraft:azalea":5,"minecraft:oak_boat":4,"minecraft:iron_nugget":13,"simplefarming:blackberry_bush":6,"minecraft:poppy":1,"minecraft:iron_pickaxe":1,"simplefarming:barley_seeds":1,"simplefarming:spinach_seeds":6,"minecraft:iron_boots":1,"minecraft:egg":4,"minecraft:raw_iron":45,"minecraft:dark_oak_sapling":15,"minecraft:stick":19,"simplefarming:cantaloupe_seeds":5,"simplefarming:yam_seeds":8,"minecraft:torch":12,"minecraft:porkchop":8,"immersive_armors:robe_boots":1,"simplefarming:raspberries":28,"immersive_armors:wither_leggings":2,"simplefarming:onion_seeds":5,"minecraft:diorite":44,"minecraft:carrot":5,"simplefarming:eggplant_seeds":4,"minecraft:stone_sword":1,"minecraft:rotten_flesh":3,"simplefarming:pepper_seeds":9,"minecraft:red_tulip":9,"simplefarming:ginger_seeds":4,"minecraft:pink_tulip":5,"minecraft:gold_ingot":3,"minecraft:glistering_melon_slice":8,"minecraft:mutton":1,"minecraft:oxeye_daisy":3,"minecraft:white_wool":2,"minecraft:cobblestone":1477,"simplefarming:soybean_seeds":7,"minecraft:andesite":63,"minecraft:water_bucket":1,"minecraft:salmon":73,"minecraft:leather":4,"minecraft:potato":9,"minecraft:flint":3,"minecraft:tuff":30,"simplefarming:rye_seeds":8,"minecraft:oak_log":43,"jeg:scrap":25,"minecraft:yellow_bed":1,"minecraft:gunpowder":2,"simplefarming:broccoli_seeds":7,"minecraft:dirt":105,"simplefarming:grape_seeds":4,"simplefarming:cucumber_seeds":6,"minecraft:red_carpet":4,"minecraft:bone":1,"minecraft:apple":1,"minecraft:stone_bricks":4,"minecraft:wheat_seeds":281,"minecraft:orange_tulip":25,"simplefarming:kenaf_seeds":5,"simplefarming:lettuce_seeds":2,"simplefarming:honeydew_seeds":3,"minecraft:stone_pickaxe":1,"simplefarming:blueberry_bush":5,"simplefarming:tomato_seeds":12,"minecraft:iron_sword":3,"simplefarming:quinoa_seeds":17,"jeg:tech_trash":3,"minecraft:book":12,"simplefarming:peanut_seeds":6,"simplefarming:corn_seeds":2,"simplefarming:rice_seeds":11,"simplefarming:radish_seeds":6,"minecraft:pumpkin":9,"minecraft:sweet_berries":7,"minecraft:dandelion":12,"simplefarming:blueberries":17,"minecraft:gravel":18,"minecraft:ink_sac":2,"minecraft:spruce_sapling":12,"minecraft:spruce_log":38,"minecraft:white_bed":4,"simplefarming:squash_seeds":3,"minecraft:lily_of_the_valley":2,"minecraft:spider_eye":2,"minecraft:dark_oak_log":240,"simplefarming:raspberry_bush":6,"simplefarming:blackberries":12,"minecraft:white_candle":13,"simplefarming:sweet_potato_seeds":5,"minecraft:stone_axe":1,"immersive_armors:wooden_chestplate":1,"minecraft:iron_helmet":1,"minecraft:crossbow":2,"minecraft:granite":57,"simplefarming:olives":9,"minecraft:golden_apple":1,"minecraft:emerald":3,"minecraft:bread":15,"pfm:furniture_book":1,"minecraft:oak_sapling":37,"simplefarming:cassava_seeds":3,"simplefarming:cotton_seeds":6,"minecraft:coal":138},"minecraft:broken":{"minecraft:wooden_pickaxe":2,"minecraft:stone_pickaxe":11,"minecraft:wooden_sword":1,"minecraft:stone_axe":3,"minecraft:iron_pickaxe":2,"minecraft:wooden_axe":3},"minecraft:crafted":{"minecraft:wooden_sword":1,"minecraft:oak_planks":204,"minecraft:cooked_chicken":3,"minecraft:stone_pickaxe":13,"minecraft:chest":2,"minecraft:dark_oak_planks":4,"minecraft:magenta_dye":1,"minecraft:magenta_bed":1,"minecraft:crafting_table":1,"minecraft:spruce_planks":8,"minecraft:wooden_pickaxe":1,"minecraft:stone_axe":5,"minecraft:oak_boat":1,"minecraft:stick":108,"minecraft:wooden_axe":3,"minecraft:stone_sword":1,"minecraft:torch":124},"minecraft:killed":{"minecraft:spider":2,"minecraft:skeleton":2,"minecraft:pig":4,"minecraft:salmon":76,"minecraft:squid":1,"minecraft:creeper":3,"minecraft:sheep":1,"minecraft:zombie":14,"minecraft:cow":4},"minecraft:mined":{"simplefarming:raspberry_bush":6,"minecraft:tuff":32,"minecraft:white_bed":4,"minecraft:oak_sapling":18,"minecraft:candle":1,"minecraft:dark_oak_log":405,"minecraft:granite":57,"minecraft:allium":7,"minecraft:grass_block":40,"minecraft:spruce_leaves":15,"minecraft:oak_wall_sign":1,"minecraft:oxeye_daisy":3,"simplefarming:blackberry_bush":6,"minecraft:large_fern":67,"minecraft:tall_seagrass":2,"minecraft:iron_ore":36,"minecraft:cobbled_deepslate":1,"minecraft:andesite":63,"minecraft:pumpkin":9,"minecraft:azure_bluet":1,"minecraft:bookshelf":4,"minecraft:red_tulip":9,"minecraft:flowering_azalea_leaves":2,"minecraft:deepslate_iron_ore":9,"minecraft:dirt_path":1,"minecraft:azalea_leaves":7,"minecraft:pink_tulip":5,"minecraft:white_tulip":12,"minecraft:stone":1579,"simplefarming:blueberry_bush":5,"jeg:scrap_ore":14,"simplefarming:quinoa":3,"minecraft:lily_of_the_valley":2,"minecraft:dandelion":1,"minecraft:crafting_table":23,"minecraft:emerald_ore":1,"minecraft:poppy":1,"minecraft:dead_bush":1,"minecraft:copper_ore":13,"minecraft:tall_grass":331,"minecraft:cobblestone":2,"minecraft:white_candle":4,"minecraft:diorite":44,"minecraft:birch_log":8,"minecraft:sweet_berry_bush":4,"minecraft:spruce_log":21,"minecraft:birch_leaves":6,"minecraft:white_carpet":1,"minecraft:orange_tulip":25,"minecraft:yellow_bed":1,"minecraft:grass":2279,"minecraft:coal_ore":138,"minecraft:oak_log":44,"minecraft:gravel":21,"minecraft:dirt":50,"minecraft:cobweb":1,"minecraft:stone_bricks":2,"minecraft:oak_leaves":3,"minecraft:deepslate":154,"minecraft:fern":48},"minecraft:dropped":{"minecraft:bread":12,"minecraft:porkchop":2,"minecraft:wheat_seeds":212,"simplefarming:sweet_potato_seeds":3,"minecraft:orange_tulip":25,"simplefarming:radish_seeds":3,"simplefarming:turnip_seeds":2,"minecraft:cobblestone":71,"minecraft:granite":9,"immersive_armors:wither_leggings":1,"simplefarming:yam_seeds":4,"simplefarming:peanut_seeds":2,"minecraft:red_carpet":2,"minecraft:oxeye_daisy":1,"simplefarming:broccoli_seeds":2,"simplefarming:pea_seeds":2,"minecraft:dirt":4,"simplefarming:soybean_seeds":3,"simplefarming:rye_seeds":2,"minecraft:diorite":43,"minecraft:ink_sac":2,"minecraft:torch":40,"minecraft:cornflower":2,"minecraft:wooden_axe":1,"minecraft:cooked_salmon":1,"simplefarming:rice_seeds":3,"simplefarming:oat_seeds":3,"minecraft:pumpkin_pie":4,"simplefarming:spinach_seeds":4,"minecraft:dark_oak_planks":4,"simplefarming:squash_seeds":2,"simplefarming:lettuce_seeds":1,"minecraft:dandelion":1,"simplefarming:raspberry_bush":1,"simplefarming:cotton_seeds":3,"packedup:basicbackpack":1,"minecraft:gravel":13,"simplefarming:tomato_seeds":6,"simplefarming:cantaloupe_seeds":1,"minecraft:white_carpet":2,"minecraft:iron_boots":1,"simplefarming:cassava_seeds":1,"simplefarming:pepper_seeds":2,"minecraft:azure_bluet":2,"minecraft:salmon":10,"simplefarming:ginger_seeds":1,"simplefarming:kenaf_seeds":2,"minecraft:lily_of_the_valley":1,"minecraft:poppy":1,"simplefarming:honeydew_seeds":2,"minecraft:andesite":54,"minecraft:beetroot_seeds":2,"minecraft:oak_sapling":26,"simplefarming:blackberry_bush":1,"simplefarming:olives":3,"minecraft:spider_eye":2,"minecraft:stone_bricks":2,"simplefarming:barley_seeds":1,"minecraft:stone_pickaxe":1,"simplefarming:eggplant_seeds":1,"simplefarming:sorghum_seeds":3}},"DataVersion":3337}