{"stats":{"minecraft:killed_by":{"minecraft:vindicator":1,"minecraft:phantom":1},"minecraft:custom":{"minecraft:interact_with_crafting_table":128,"minecraft:open_barrel":3,"minecraft:bell_ring":4,"minecraft:leave_game":11,"minecraft:time_since_death":822244,"minecraft:sprint_one_cm":1802374,"minecraft:damage_blocked_by_shield":630,"minecraft:drop":476,"minecraft:talked_to_villager":2,"minecraft:play_time":1311288,"minecraft:plate_used":2,"minecraft:deaths":2,"minecraft:jump":13779,"minecraft:walk_on_water_one_cm":202412,"minecraft:interact_with_furnace":73,"minecraft:interact_with_loom":1,"minecraft:sleep_in_bed":28,"minecraft:damage_dealt":11975,"minecraft:crouch_one_cm":164858,"minecraft:interact_with_smoker":4,"minecraft:horse_one_cm":1670568,"minecraft:interact_with_smithing_table":1,"minecraft:mob_kills":137,"minecraft:climb_one_cm":10349,"minecraft:walk_one_cm":4526070,"minecraft:fridge_opened":7,"minecraft:chair_used":3,"minecraft:sneak_time":63620,"minecraft:walk_under_water_one_cm":142578,"minecraft:boat_one_cm":549260,"minecraft:drawer_searched":5,"minecraft:total_world_time":1311288,"minecraft:pot_flower":2,"minecraft:interact_with_grindstone":4,"minecraft:cabinet_searched":1,"minecraft:time_since_rest":48766,"minecraft:damage_taken":5304,"minecraft:swim_one_cm":296204,"minecraft:fly_one_cm":2176411,"minecraft:open_chest":633,"minecraft:fall_one_cm":240255},"minecraft:used":{"simplefarming:rice":11,"simplefarming:oat_seeds":35,"simplefarming:cherry_sapling":1,"minecraft:oak_sign":30,"minecraft:chest":9,"minecraft:shield":26,"minecraft:iron_sword":107,"minecraft:stone":142,"simplefarming:cumin_seeds":8,"minecraft:carrot":30,"simplefarming:blueberries":20,"jeg:grenade":2,"simplefarming:raspberries":28,"minecraft:spruce_boat":2,"minecraft:glass":32,"simplefarming:kenaf_seeds":3,"simplefarming:corn":30,"simplefarming:rye":12,"simplefarming:onion":3,"simplefarming:rye_seeds":52,"minecraft:sweet_berries":7,"minecraft:oak_sapling":120,"minecraft:egg":13,"simplefarming:apricot_sapling":1,"simplefarming:turnip_seeds":1,"minecraft:dark_oak_sapling":12,"simplefarming:barley":12,"minecraft:stone_pickaxe":1662,"minecraft:oak_planks":4,"minecraft:wooden_pickaxe":85,"minecraft:composter":2,"simplefarming:blueberry_bush":5,"simplefarming:olive_sapling":1,"minecraft:sand":1,"minecraft:shears":609,"simplefarming:barley_seeds":45,"minecraft:dark_oak_log":4,"minecraft:melon_slice":2,"minecraft:bread":38,"simplefarming:olives":6,"simplefarming:corn_seeds":72,"simplefarming:plum_sapling":1,"minecraft:flowering_azalea_leaves":317,"simplefarming:oat":9,"simplefarming:mango_sapling":1,"minecraft:wooden_sword":63,"simplefarming:orange_sapling":1,"minecraft:air":1,"minecraft:oak_boat":7,"minecraft:bone_meal":35,"minecraft:oak_fence":4,"minecraft:azalea":36,"minecraft:oak_trapdoor":25,"minecraft:stone_sword":75,"minecraft:flint_and_steel":1,"minecraft:stone_shovel":2391,"simplefarming:ginger_seeds":5,"minecraft:cooked_salmon":32,"minecraft:stone_hoe":306,"minecraft:cooked_chicken":3,"minecraft:oak_door":2,"minecraft:orange_bed":1,"minecraft:torch":99,"minecraft:dirt":1815,"minecraft:wheat":42,"simplefarming:apple_sapling":1,"simplefarming:rice_seeds":59,"simplefarming:onion_seeds":27,"minecraft:wooden_axe":153,"minecraft:flowering_azalea":4,"minecraft:light_gray_stained_glass":351,"minecraft:iron_axe":183,"minecraft:oak_stairs":284,"minecraft:barrel":10,"simplefarming:pear_sapling":1,"minecraft:cooked_beef":11,"minecraft:cobbled_deepslate":22,"minecraft:wheat_seeds":162,"minecraft:cooked_mutton":9,"minecraft:water_bucket":117,"simplefarming:banana_sapling":1,"simplefarming:broccoli_seeds":1,"simplefarming:orange":1,"minecraft:salmon":2,"minecraft:oak_slab":64,"minecraft:crafting_table":30,"minecraft:magenta_bed":1,"minecraft:white_bed":3,"simplefarming:blackberries":12,"minecraft:spruce_log":5,"minecraft:dark_oak_door":1,"minecraft:oak_log":146,"minecraft:flower_pot":2,"minecraft:apple":7,"simplefarming:strawberry_bush":7,"minecraft:mangrove_propagule":33,"minecraft:iron_pickaxe":677,"minecraft:spruce_sapling":1,"minecraft:stone_axe":1155,"minecraft:cobblestone":55,"minecraft:azalea_leaves":315,"minecraft:white_banner":2,"minecraft:bucket":118,"minecraft:pumpkin_pie":7,"minecraft:yellow_bed":2,"minecraft:stripped_oak_log":152,"minecraft:candle":1},"minecraft:picked_up":{"minecraft:wooden_axe":1,"minecraft:iron_chestplate":1,"minecraft:wheat":22,"simplefarming:turnip_seeds":3,"packedup:basicbackpack":3,"minecraft:smithing_table":1,"minecraft:oak_stairs":104,"simplefarming:rice":13,"minecraft:golden_sword":1,"minecraft:string":2,"minecraft:raw_copper":41,"minecraft:cooked_salmon":24,"minecraft:armor_stand":2,"minecraft:oak_sign":26,"minecraft:beetroot":2,"minecraft:cobbled_deepslate":157,"minecraft:bucket":3,"minecraft:dark_oak_leaves":1,"minecraft:white_tulip":38,"minecraft:azalea":47,"simplefarming:blackberry_bush":6,"minecraft:iron_pickaxe":1,"minecraft:azalea_leaves":467,"minecraft:melon_slice":13,"simplefarming:cherry_sapling":1,"minecraft:iron_boots":1,"simplefarming:spinach_seeds":6,"minecraft:dark_oak_door":1,"simplefarming:plum_sapling":1,"simplefarming:barley":14,"minecraft:stick":88,"minecraft:composter":1,"minecraft:oak_fence":6,"minecraft:torch":12,"simplefarming:oat":9,"minecraft:porkchop":13,"simplefarming:raspberries":28,"minecraft:diorite":44,"minecraft:vine":8,"minecraft:stone_sword":2,"minecraft:rotten_flesh":4,"simplefarming:pepper_seeds":9,"minecraft:red_tulip":9,"simplefarming:marshmallow_root":1,"simplefarming:olive_sapling":1,"minecraft:cobblestone":1553,"minecraft:water_bucket":1,"minecraft:andesite":63,"minecraft:potato":13,"simplefarming:chicory_root":1,"minecraft:flint":3,"minecraft:tuff":30,"jeg:scrap":25,"minecraft:dirt":1978,"simplefarming:cucumber_seeds":7,"minecraft:bone":5,"minecraft:wheat_seeds":431,"minecraft:orange_tulip":25,"simplefarming:kenaf_seeds":9,"simplefarming:lettuce_seeds":4,"minecraft:bell":1,"minecraft:grindstone":1,"minecraft:mossy_stone_bricks":1,"minecraft:fletching_table":1,"simplefarming:blueberry_bush":5,"rechiseled:chisel":1,"simplefarming:tomato_seeds":13,"simplefarming:peanut_seeds":11,"simplefarming:corn_seeds":69,"simplefarming:radish_seeds":6,"minecraft:sand":1032,"minecraft:ink_sac":18,"minecraft:lily_of_the_valley":2,"minecraft:dark_oak_log":241,"minecraft:barrel":4,"simplefarming:orange_sapling":1,"minecraft:white_candle":13,"simplefarming:corn":40,"minecraft:spruce_boat":2,"minecraft:crossbow":2,"minecraft:granite":60,"minecraft:bone_meal":24,"simplefarming:olives":9,"minecraft:golden_apple":1,"minecraft:white_concrete":2,"minecraft:emerald":4,"minecraft:bread":15,"minecraft:rooted_dirt":2,"pfm:furniture_book":1,"minecraft:oak_sapling":113,"minecraft:dark_oak_fence":1,"simplefarming:cassava_seeds":3,"simplefarming:pea_seeds":6,"minecraft:crafting_table":31,"minecraft:allium":9,"minecraft:azure_bluet":11,"minecraft:shield":2,"minecraft:cornflower":7,"minecraft:oak_trapdoor":9,"simplefarming:sorghum_seeds":6,"minecraft:iron_axe":1,"minecraft:white_carpet":3,"minecraft:cartography_table":1,"simplefarming:oat_seeds":37,"minecraft:candle":4,"minecraft:beef":10,"minecraft:oak_boat":7,"minecraft:iron_nugget":13,"minecraft:poppy":1,"minecraft:lectern":4,"minecraft:chest":6,"simplefarming:barley_seeds":41,"minecraft:egg":11,"minecraft:dark_oak_sapling":15,"simplefarming:squash":1,"minecraft:raw_iron":45,"minecraft:stone":64,"simplefarming:cantaloupe_seeds":5,"minecraft:oak_door":2,"simplefarming:yam_seeds":9,"minecraft:flowering_azalea_leaves":382,"simplefarming:rye":14,"immersive_armors:robe_boots":1,"simplefarming:onion_seeds":32,"immersive_armors:wither_leggings":2,"minecraft:carrot":5,"simplefarming:eggplant_seeds":4,"minecraft:arrow":5,"minecraft:shears":2,"rechiseled:dark_oak_planks_large_tiles_connecting":2,"simplefarming:ginger_seeds":10,"minecraft:pink_tulip":20,"minecraft:glistering_melon_slice":8,"minecraft:gold_ingot":3,"minecraft:mutton":1,"simplefarming:apricot_sapling":1,"minecraft:white_wool":2,"minecraft:oxeye_daisy":65,"simplefarming:zucchini":1,"minecraft:stripped_oak_log":169,"simplefarming:soybean_seeds":7,"minecraft:salmon":74,"minecraft:leather":7,"simplefarming:onion":9,"simplefarming:mango_sapling":1,"simplefarming:banana_sapling":1,"simplefarming:rye_seeds":56,"minecraft:oak_log":362,"minecraft:chainmail_chestplate":1,"minecraft:yellow_bed":3,"minecraft:gunpowder":3,"simplefarming:broccoli_seeds":9,"minecraft:white_banner":2,"jeg:grenade":2,"simplefarming:grape_seeds":4,"minecraft:red_carpet":4,"minecraft:apple":8,"minecraft:stone_bricks":4,"simplefarming:honeydew_seeds":4,"minecraft:stone_pickaxe":1,"simplefarming:pear_sapling":1,"minecraft:iron_sword":9,"minecraft:flowering_azalea":4,"jeg:tech_trash":3,"simplefarming:quinoa_seeds":17,"minecraft:book":60,"minecraft:oak_slab":20,"simplefarming:rice_seeds":61,"simplefarming:apple_sapling":1,"minecraft:pumpkin":9,"minecraft:sweet_berries":7,"simplefarming:orange":1,"minecraft:dandelion":22,"simplefarming:blueberries":20,"minecraft:gravel":24,"minecraft:blast_furnace":1,"minecraft:spruce_sapling":24,"minecraft:spruce_log":151,"minecraft:white_bed":4,"simplefarming:squash_seeds":4,"simplefarming:raspberry_bush":6,"simplefarming:cucumber":1,"minecraft:spider_eye":2,"simplefarming:blackberries":12,"simplefarming:strawberry_bush":7,"simplefarming:sweet_potato_seeds":5,"minecraft:stone_axe":1,"minecraft:chainmail_leggings":1,"immersive_armors:wooden_chestplate":1,"minecraft:iron_helmet":2,"minecraft:mossy_cobblestone_stairs":3,"simplefarming:cotton_seeds":8,"minecraft:coal":138},"minecraft:broken":{"minecraft:shears":2,"minecraft:stone_pickaxe":11,"minecraft:wooden_sword":1,"minecraft:stone_axe":8,"minecraft:wooden_axe":3,"minecraft:stone_shovel":18,"minecraft:stone_hoe":2,"minecraft:wooden_pickaxe":2,"minecraft:iron_axe":1,"minecraft:iron_pickaxe":2},"minecraft:crafted":{"minecraft:oak_planks":812,"minecraft:barrel":6,"minecraft:oak_sign":9,"minecraft:oak_pressure_plate":12,"minecraft:cooked_chicken":3,"minecraft:stone":100,"minecraft:glass":414,"minecraft:chest":6,"simplefarming:rice_seeds":1,"minecraft:stone_hoe":3,"minecraft:magenta_dye":1,"minecraft:oak_fence":6,"minecraft:oak_slab":78,"minecraft:deepslate":31,"minecraft:crafting_table":1,"minecraft:spruce_planks":8,"minecraft:wooden_pickaxe":1,"minecraft:stick":120,"minecraft:stone_sword":1,"minecraft:light_gray_dye":81,"minecraft:composter":1,"minecraft:shears":1,"minecraft:wooden_sword":1,"minecraft:oak_door":3,"simplefarming:onion_seeds":3,"minecraft:stone_shovel":18,"minecraft:light_gray_stained_glass":360,"minecraft:furnace":1,"minecraft:bone_meal":15,"minecraft:oak_trapdoor":16,"simplefarming:zucchini_seeds":1,"minecraft:stone_pickaxe":13,"minecraft:dark_oak_planks":8,"minecraft:cooked_beef":25,"minecraft:magenta_bed":1,"minecraft:stripped_oak_wood":9,"minecraft:stone_axe":10,"minecraft:bread":3,"minecraft:orange_dye":1,"simplefarming:barley_seeds":2,"minecraft:air":0,"minecraft:oak_boat":1,"minecraft:white_dye":1,"minecraft:oak_stairs":288,"minecraft:wooden_axe":3,"minecraft:orange_bed":1,"minecraft:torch":152},"minecraft:killed":{"minecraft:spider":3,"minecraft:skeleton":4,"minecraft:pig":6,"minecraft:salmon":77,"minecraft:creeper":6,"minecraft:sheep":1,"minecraft:pillager":2,"minecraft:zombie":18,"minecraft:cow":5,"minecraft:horse":1,"minecraft:squid":9},"minecraft:mined":{"simplefarming:raspberry_bush":6,"minecraft:white_bed":4,"minecraft:oak_sapling":36,"minecraft:farmland":54,"minecraft:jungle_leaves":1,"minecraft:granite":57,"minecraft:grass_block":1326,"simplefarming:rice":29,"minecraft:composter":1,"minecraft:oak_wall_sign":11,"minecraft:oxeye_daisy":66,"simplefarming:blackberry_bush":6,"minecraft:tall_seagrass":5,"minecraft:mossy_cobblestone_stairs":3,"simplefarming:ginger":5,"minecraft:iron_ore":36,"minecraft:cobbled_deepslate":1,"minecraft:barrel":4,"minecraft:pumpkin":9,"minecraft:fletching_table":1,"minecraft:azure_bluet":10,"minecraft:red_tulip":9,"minecraft:flowering_azalea_leaves":262,"minecraft:oak_sign":12,"minecraft:dirt_path":1,"minecraft:oak_stairs":52,"minecraft:pink_tulip":20,"minecraft:azalea_leaves":366,"minecraft:azalea":6,"simplefarming:corn_top":10,"minecraft:blast_furnace":1,"minecraft:melon":2,"minecraft:poppy":1,"minecraft:chest":6,"minecraft:dead_bush":1,"minecraft:glass":32,"minecraft:cobblestone":5,"minecraft:white_candle":4,"minecraft:grindstone":1,"minecraft:seagrass":2,"minecraft:light_gray_stained_glass":40,"minecraft:birch_log":8,"minecraft:wheat":49,"minecraft:orange_tulip":25,"minecraft:grass":2652,"minecraft:oak_log":365,"simplefarming:corn":12,"minecraft:sand":1045,"minecraft:dirt":548,"simplefarming:onions":19,"minecraft:oak_leaves":44,"minecraft:deepslate":154,"minecraft:tuff":32,"minecraft:dark_oak_leaves":1,"minecraft:candle":2,"minecraft:dark_oak_log":407,"minecraft:mangrove_roots":1,"minecraft:dark_oak_fence":2,"minecraft:allium":9,"minecraft:spruce_leaves":15,"minecraft:cartography_table":1,"minecraft:rooted_dirt":2,"minecraft:large_fern":67,"minecraft:oak_trapdoor":9,"minecraft:spruce_sapling":1,"minecraft:andesite":63,"minecraft:bell":1,"minecraft:bookshelf":20,"minecraft:potatoes":1,"minecraft:deepslate_iron_ore":9,"minecraft:vine":9,"minecraft:stripped_oak_log":169,"simplefarming:barley":15,"minecraft:white_tulip":39,"minecraft:stone":1717,"simplefarming:strawberry_bush":2,"minecraft:smithing_table":1,"simplefarming:blueberry_bush":5,"minecraft:podzol":1,"minecraft:oak_slab":13,"minecraft:glass_pane":2,"minecraft:flowering_azalea":2,"jeg:scrap_ore":14,"simplefarming:quinoa":3,"minecraft:lily_of_the_valley":2,"minecraft:dandelion":12,"minecraft:crafting_table":30,"minecraft:emerald_ore":1,"minecraft:lectern":4,"minecraft:copper_ore":13,"minecraft:tall_grass":380,"simplefarming:kenaf":3,"minecraft:diorite":44,"simplefarming:rye":21,"minecraft:sweet_berry_bush":4,"minecraft:white_carpet":1,"minecraft:spruce_log":151,"minecraft:birch_leaves":6,"minecraft:white_wall_banner":1,"minecraft:yellow_bed":3,"minecraft:coal_ore":138,"minecraft:gravel":21,"minecraft:cobweb":1,"minecraft:stone_bricks":2,"minecraft:mossy_stone_bricks":1,"minecraft:fern":49,"simplefarming:oat":13},"minecraft:dropped":{"minecraft:iron_sword":2,"minecraft:porkchop":2,"simplefarming:rye":2,"minecraft:oak_pressure_plate":12,"minecraft:cooked_beef":1,"minecraft:crafting_table":1,"simplefarming:sweet_potato_seeds":3,"minecraft:orange_tulip":25,"simplefarming:radish_seeds":4,"minecraft:rooted_dirt":2,"immersive_armors:wither_leggings":1,"simplefarming:yam_seeds":5,"minecraft:red_carpet":2,"simplefarming:pea_seeds":3,"minecraft:dirt":15,"minecraft:dark_oak_log":235,"simplefarming:rye_seeds":6,"minecraft:cornflower":2,"simplefarming:oat_seeds":8,"minecraft:pumpkin_pie":4,"minecraft:sand":2,"simplefarming:rice":1,"simplefarming:spinach_seeds":4,"minecraft:dark_oak_planks":4,"simplefarming:lettuce_seeds":3,"simplefarming:squash_seeds":3,"simplefarming:raspberry_bush":1,"minecraft:oak_door":2,"minecraft:gravel":19,"simplefarming:cantaloupe_seeds":1,"minecraft:wheat":1,"simplefarming:cassava_seeds":1,"simplefarming:pepper_seeds":2,"minecraft:azure_bluet":2,"minecraft:salmon":10,"simplefarming:ginger_seeds":2,"minecraft:poppy":1,"minecraft:gunpowder":1,"simplefarming:honeydew_seeds":3,"minecraft:azalea_leaves":12,"minecraft:beetroot_seeds":2,"minecraft:azalea":4,"simplefarming:blackberry_bush":2,"simplefarming:olives":3,"rechiseled:chisel":1,"simplefarming:barley_seeds":1,"minecraft:flowering_azalea_leaves":1,"minecraft:bread":12,"minecraft:oak_slab":6,"minecraft:wheat_seeds":307,"simplefarming:turnip_seeds":2,"minecraft:oak_fence":6,"minecraft:cobblestone":71,"minecraft:apple":1,"minecraft:granite":12,"simplefarming:peanut_seeds":7,"minecraft:oxeye_daisy":1,"simplefarming:broccoli_seeds":4,"minecraft:dark_oak_leaves":1,"simplefarming:soybean_seeds":3,"minecraft:diorite":43,"minecraft:milk_bucket":3,"minecraft:ink_sac":18,"minecraft:torch":66,"minecraft:wooden_axe":1,"minecraft:white_concrete":2,"minecraft:cooked_salmon":1,"minecraft:light_gray_stained_glass":2,"simplefarming:rice_seeds":3,"minecraft:oak_stairs":52,"minecraft:spruce_sapling":11,"minecraft:dandelion":8,"simplefarming:cotton_seeds":5,"packedup:basicbackpack":1,"simplefarming:onion_seeds":1,"simplefarming:tomato_seeds":7,"minecraft:stone_sword":1,"minecraft:white_carpet":2,"minecraft:iron_boots":1,"simplefarming:kenaf_seeds":3,"minecraft:lily_of_the_valley":1,"simplefarming:cucumber_seeds":1,"minecraft:mossy_stone_bricks":1,"minecraft:andesite":54,"minecraft:oak_sapling":38,"minecraft:spider_eye":2,"minecraft:stone_bricks":2,"minecraft:spruce_log":108,"minecraft:stone_pickaxe":1,"simplefarming:eggplant_seeds":1,"simplefarming:sorghum_seeds":3}},"DataVersion":3337}