{"stats":{"minecraft:custom":{"minecraft:interact_with_furnace":79,"minecraft:interact_with_crafting_table":15,"minecraft:interact_with_grindstone":1,"minecraft:interact_with_stonecutter":27,"minecraft:time_since_death":107438,"minecraft:sleep_in_bed":1,"minecraft:time_since_rest":81847,"minecraft:sprint_one_cm":193220,"minecraft:damage_taken":160,"minecraft:walk_one_cm":435377,"minecraft:drop":1,"minecraft:fly_one_cm":349067,"minecraft:open_chest":103,"minecraft:crouch_one_cm":2137,"minecraft:play_time":107438,"minecraft:sneak_time":923,"minecraft:walk_under_water_one_cm":6697,"minecraft:jump":1321,"minecraft:walk_on_water_one_cm":18453,"minecraft:total_world_time":107438,"minecraft:fall_one_cm":22998},"minecraft:used":{"minecraft:stone_shovel":122,"minecraft:stone_pickaxe":87,"minecraft:oak_planks":113,"minecraft:orange_tulip":17,"minecraft:chest":8,"minecraft:blue_bed":2,"minecraft:oak_door":2,"minecraft:torch":17,"minecraft:dirt":118,"minecraft:crafting_table":2,"minecraft:carrot":4,"minecraft:white_bed":2,"simplefarming:blackberries":5,"simplefarming:blueberries":1,"minecraft:azure_bluet":2,"simplefarming:raspberries":18,"minecraft:glass":24,"minecraft:oak_log":115,"minecraft:stone_brick_slab":6,"minecraft:cornflower":3,"minecraft:red_tulip":16,"minecraft:oxeye_daisy":1,"minecraft:stone_brick_stairs":13,"minecraft:stone_bricks":314,"minecraft:stone_axe":18,"minecraft:glass_pane":114,"minecraft:cooked_beef":2,"minecraft:dandelion":2},"minecraft:picked_up":{"minecraft:crafting_table":2,"minecraft:wheat":21,"minecraft:azure_bluet":2,"minecraft:cooked_beef":6,"packedup:basicbackpack":2,"minecraft:stone_brick_stairs":1,"minecraft:tuff":30,"simplefarming:rye_seeds":1,"minecraft:oak_log":11,"jeg:scrap":6,"minecraft:shield":1,"minecraft:gunpowder":13,"simplefarming:broccoli_seeds":1,"minecraft:cornflower":6,"minecraft:dirt":119,"minecraft:blue_bed":1,"minecraft:bone":2,"minecraft:stone_bricks":4,"minecraft:orange_tulip":17,"minecraft:wheat_seeds":21,"minecraft:cobbled_deepslate":129,"simplefarming:lettuce_seeds":1,"minecraft:stone_pickaxe":1,"minecraft:oak_planks":135,"simplefarming:barley_seeds":1,"minecraft:iron_sword":1,"minecraft:egg":4,"minecraft:iron_boots":1,"simplefarming:spinach_seeds":1,"minecraft:stick":48,"minecraft:raw_iron":9,"simplefarming:corn_seeds":2,"minecraft:torch":10,"simplefarming:yam_seeds":1,"minecraft:dandelion":2,"simplefarming:blueberries":1,"simplefarming:raspberries":23,"immersive_armors:wither_leggings":1,"minecraft:diorite":1,"minecraft:white_bed":3,"minecraft:spider_eye":1,"simplefarming:blackberries":5,"minecraft:rotten_flesh":3,"simplefarming:pepper_seeds":1,"minecraft:pumpkin_pie":1,"immersive_armors:wooden_chestplate":1,"minecraft:iron_helmet":1,"minecraft:red_tulip":16,"minecraft:bread":2,"pfm:furniture_book":1,"minecraft:coal":89,"minecraft:cobblestone":12,"minecraft:oxeye_daisy":1},"minecraft:crafted":{"minecraft:oak_door":3,"minecraft:oak_planks":180,"minecraft:crafting_table":1,"minecraft:blue_bed":1,"minecraft:stone":325,"minecraft:stone_axe":1,"minecraft:air":0,"minecraft:glass_pane":128,"minecraft:blue_dye":1,"minecraft:oak_boat":1,"minecraft:glass":72,"minecraft:stone_brick_stairs":12,"minecraft:stone_brick_slab":6,"minecraft:charcoal":19,"minecraft:stick":12,"minecraft:stone_pickaxe":3,"minecraft:stone_sword":1,"minecraft:chest":8,"minecraft:torch":36,"minecraft:stone_bricks":17},"minecraft:mined":{"minecraft:white_bed":3,"jeg:scrap_ore":1,"minecraft:glass_pane":26,"minecraft:dandelion":2,"minecraft:crafting_table":1,"minecraft:cornflower":4,"minecraft:torch":1,"minecraft:grass_block":116,"minecraft:tall_grass":3,"minecraft:oak_planks":7,"minecraft:oxeye_daisy":1,"minecraft:blue_bed":1,"minecraft:orange_tulip":17,"minecraft:stone_brick_stairs":1,"minecraft:azure_bluet":2,"minecraft:grass":189,"minecraft:coal_ore":53,"minecraft:red_tulip":16,"minecraft:oak_log":11,"minecraft:dirt":2,"minecraft:stone":2,"minecraft:stone_bricks":4,"simplefarming:fruit_log":1},"minecraft:dropped":{"simplefarming:raspberries":1}},"DataVersion":3337}