{"stats":{"minecraft:broken":{"minecraft:stone_pickaxe":2},"minecraft:killed":{"minecraft:chicken":7,"minecraft:pig":1,"minecraft:squid":1,"minecraft:pillager":3,"minecraft:zombie":1,"minecraft:cow":2},"minecraft:used":{"minecraft:stone_sword":66,"minecraft:stone_shovel":132,"minecraft:chest":8,"minecraft:iron_sword":69,"minecraft:cooked_salmon":10,"minecraft:oak_door":2,"minecraft:torch":25,"minecraft:dirt":157,"minecraft:carrot":6,"simplefarming:blueberries":9,"minecraft:azure_bluet":2,"simplefarming:raspberries":22,"minecraft:glass":24,"minecraft:stone_brick_slab":6,"minecraft:red_tulip":16,"minecraft:lantern":4,"minecraft:stone_brick_stairs":13,"minecraft:stone_bricks":314,"minecraft:furnace":1,"minecraft:egg":2,"minecraft:cooked_beef":5,"minecraft:cooked_mutton":3,"minecraft:stone_pickaxe":359,"minecraft:oak_planks":113,"minecraft:orange_tulip":17,"minecraft:sugar_cane":3,"minecraft:blue_bed":2,"minecraft:crafting_table":2,"minecraft:crossbow":4,"minecraft:white_bed":2,"simplefarming:blackberries":5,"minecraft:oak_log":115,"minecraft:oxeye_daisy":1,"minecraft:apple":3,"minecraft:cornflower":3,"minecraft:iron_pickaxe":18,"minecraft:stone_axe":36,"minecraft:cobblestone":3,"minecraft:cooked_porkchop":2,"minecraft:glass_pane":114,"minecraft:oak_boat":26,"minecraft:air":1,"minecraft:dandelion":2},"minecraft:killed_by":{"minecraft:vindicator":1},"minecraft:dropped":{"minecraft:emerald":18,"minecraft:dirt":4,"minecraft:stone_axe":1,"minecraft:coarse_dirt":4,"simplefarming:raspberries":1,"minecraft:filled_map":1},"minecraft:custom":{"minecraft:interact_with_smithing_table":1,"minecraft:mob_kills":15,"minecraft:interact_with_crafting_table":40,"minecraft:interact_with_campfire":2,"minecraft:leave_game":5,"minecraft:time_since_death":152543,"minecraft:climb_one_cm":6403,"minecraft:sprint_one_cm":527367,"minecraft:walk_one_cm":1088438,"minecraft:fridge_opened":1,"minecraft:drop":9,"minecraft:chair_used":2,"minecraft:talked_to_villager":8,"minecraft:play_time":342398,"minecraft:sneak_time":2784,"minecraft:plate_used":1,"minecraft:deaths":1,"minecraft:walk_under_water_one_cm":103282,"minecraft:boat_one_cm":1425549,"minecraft:jump":3705,"minecraft:interact_with_blast_furnace":1,"minecraft:drawer_searched":4,"minecraft:walk_on_water_one_cm":125070,"minecraft:total_world_time":342398,"minecraft:interact_with_furnace":107,"minecraft:stove_opened":1,"minecraft:interact_with_stonecutter":27,"minecraft:interact_with_grindstone":1,"minecraft:sleep_in_bed":3,"minecraft:time_since_rest":6015,"minecraft:cabinet_searched":1,"minecraft:damage_taken":1435,"minecraft:damage_dealt":1873,"minecraft:swim_one_cm":16,"minecraft:fly_one_cm":739589,"minecraft:open_chest":275,"minecraft:crouch_one_cm":5089,"minecraft:interact_with_smoker":1,"minecraft:fall_one_cm":70504},"minecraft:crafted":{"minecraft:oak_door":3,"minecraft:oak_planks":180,"minecraft:stone_shovel":1,"minecraft:furnace":1,"minecraft:stone":325,"minecraft:glass_pane":128,"minecraft:glass":72,"minecraft:stone_brick_slab":6,"minecraft:iron_boots":1,"minecraft:iron_axe":2,"minecraft:stone_pickaxe":3,"minecraft:chest":8,"minecraft:stone_bricks":17,"minecraft:sugar":3,"minecraft:crafting_table":1,"minecraft:iron_helmet":1,"minecraft:iron_sword":2,"minecraft:blue_bed":1,"minecraft:stone_axe":1,"minecraft:bread":6,"minecraft:air":0,"minecraft:blue_dye":1,"minecraft:oak_boat":1,"minecraft:stone_brick_stairs":12,"minecraft:iron_chestplate":1,"minecraft:charcoal":19,"minecraft:stick":40,"minecraft:iron_ingot":62,"minecraft:iron_pickaxe":6,"minecraft:stone_sword":1,"minecraft:iron_leggings":1,"minecraft:gold_ingot":1,"minecraft:torch":100},"minecraft:picked_up":{"minecraft:crafting_table":2,"minecraft:cocoa_beans":3,"minecraft:coarse_dirt":6,"minecraft:iron_chestplate":1,"minecraft:wheat":21,"minecraft:azure_bluet":2,"minecraft:chicken":7,"packedup:basicbackpack":3,"minecraft:golden_shovel":1,"minecraft:stone_brick_stairs":1,"minecraft:brewing_stand":1,"minecraft:shield":1,"minecraft:cornflower":6,"minecraft:iron_axe":1,"minecraft:cooked_salmon":7,"minecraft:flint_and_steel":1,"minecraft:iron_leggings":1,"minecraft:iron_shovel":1,"minecraft:beetroot":3,"minecraft:gold_nugget":16,"minecraft:cobbled_deepslate":130,"minecraft:beef":4,"minecraft:oak_boat":25,"minecraft:iron_nugget":11,"minecraft:iron_pickaxe":5,"minecraft:sugar_cane":32,"minecraft:melon_slice":47,"simplefarming:barley_seeds":1,"simplefarming:spinach_seeds":1,"minecraft:iron_boots":2,"minecraft:egg":10,"minecraft:stick":48,"minecraft:raw_iron":63,"minecraft:torch":86,"simplefarming:yam_seeds":1,"minecraft:fire_charge":1,"minecraft:porkchop":2,"simplefarming:raspberries":27,"immersive_armors:wither_leggings":1,"minecraft:diorite":1,"minecraft:carrot":1,"minecraft:stone_sword":1,"minecraft:arrow":22,"minecraft:stone_shovel":1,"minecraft:rotten_flesh":4,"simplefarming:pepper_seeds":1,"minecraft:pumpkin_pie":1,"minecraft:red_tulip":16,"minecraft:cobblestone":75,"minecraft:oxeye_daisy":1,"minecraft:cooked_beef":11,"minecraft:feather":4,"minecraft:leather":2,"minecraft:potato":68,"minecraft:filled_map":3,"minecraft:flint":7,"minecraft:tuff":30,"simplefarming:rye_seeds":1,"minecraft:oak_log":11,"jeg:scrap":6,"minecraft:gunpowder":13,"simplefarming:broccoli_seeds":1,"minecraft:blue_bed":1,"minecraft:lapis_lazuli":25,"minecraft:dirt":165,"minecraft:lantern":4,"minecraft:bone":2,"minecraft:apple":1,"minecraft:stone_bricks":9,"minecraft:orange_tulip":17,"minecraft:wheat_seeds":24,"simplefarming:lettuce_seeds":1,"simplefarming:honeydew_seeds":1,"minecraft:stone_pickaxe":2,"simplefarming:tomato_seeds":1,"minecraft:mossy_stone_bricks":4,"minecraft:iron_sword":3,"minecraft:oak_planks":135,"simplefarming:corn_seeds":2,"minecraft:cooked_porkchop":2,"minecraft:pumpkin":4,"minecraft:chiseled_stone_bricks":1,"minecraft:stone_brick_slab":1,"minecraft:dandelion":2,"simplefarming:blueberries":15,"minecraft:ink_sac":3,"minecraft:white_bed":3,"simplefarming:blackberries":5,"minecraft:spider_eye":1,"minecraft:mossy_cobblestone":1,"minecraft:diamond":3,"minecraft:stone_axe":2,"immersive_armors:wooden_chestplate":1,"minecraft:iron_helmet":2,"minecraft:crossbow":1,"minecraft:bread":2,"minecraft:golden_horse_armor":1,"minecraft:emerald":14,"pfm:furniture_book":1,"minecraft:coal":204},"minecraft:mined":{"minecraft:white_bed":3,"minecraft:deepslate_diamond_ore":3,"minecraft:brewing_stand":1,"minecraft:grass_block":133,"minecraft:oxeye_daisy":1,"minecraft:chiseled_stone_bricks":1,"minecraft:iron_ore":48,"minecraft:pumpkin":4,"minecraft:deepslate_lapis_ore":4,"minecraft:azure_bluet":2,"minecraft:red_tulip":16,"minecraft:potatoes":22,"minecraft:deepslate_iron_ore":6,"minecraft:lantern":4,"minecraft:stone":65,"simplefarming:fruit_log":1,"jeg:scrap_ore":1,"minecraft:glass_pane":26,"minecraft:dandelion":2,"minecraft:powder_snow":1,"minecraft:crafting_table":1,"minecraft:cornflower":4,"minecraft:torch":1,"minecraft:emerald_ore":2,"minecraft:melon":10,"minecraft:tall_grass":6,"minecraft:deepslate_coal_ore":2,"minecraft:sugar_cane":12,"minecraft:oak_planks":7,"minecraft:blue_bed":1,"minecraft:coarse_dirt":2,"minecraft:orange_tulip":17,"minecraft:stone_brick_stairs":1,"minecraft:grass":196,"minecraft:oak_log":11,"minecraft:coal_ore":166,"minecraft:cocoa":1,"minecraft:dirt":26,"minecraft:stone_bricks":9,"minecraft:mossy_stone_bricks":4,"minecraft:deepslate":1,"minecraft:fern":3}},"DataVersion":3337}