{"stats":{"minecraft:killed_by":{"minecraft:vindicator":1},"minecraft:custom":{"minecraft:mob_kills":2,"minecraft:interact_with_crafting_table":29,"minecraft:leave_game":1,"minecraft:time_since_death":984,"minecraft:climb_one_cm":656,"minecraft:sprint_one_cm":327245,"minecraft:walk_one_cm":684574,"minecraft:drop":1,"minecraft:talked_to_villager":8,"minecraft:play_time":190839,"minecraft:deaths":1,"minecraft:sneak_time":2471,"minecraft:walk_under_water_one_cm":65637,"minecraft:boat_one_cm":254217,"minecraft:jump":2583,"minecraft:walk_on_water_one_cm":87045,"minecraft:total_world_time":190839,"minecraft:interact_with_furnace":101,"minecraft:interact_with_grindstone":1,"minecraft:interact_with_stonecutter":27,"minecraft:sleep_in_bed":2,"minecraft:time_since_rest":1165,"minecraft:damage_taken":915,"minecraft:damage_dealt":926,"minecraft:swim_one_cm":16,"minecraft:fly_one_cm":535576,"minecraft:open_chest":146,"minecraft:crouch_one_cm":5048,"minecraft:interact_with_smoker":1,"minecraft:fall_one_cm":52020},"minecraft:used":{"minecraft:stone_sword":27,"minecraft:stone_shovel":132,"minecraft:chest":8,"minecraft:iron_sword":28,"minecraft:cooked_salmon":5,"minecraft:oak_door":2,"minecraft:torch":25,"minecraft:dirt":157,"minecraft:carrot":4,"simplefarming:blueberries":3,"simplefarming:raspberries":22,"minecraft:azure_bluet":2,"minecraft:glass":24,"minecraft:stone_brick_slab":6,"minecraft:red_tulip":16,"minecraft:lantern":4,"minecraft:stone_brick_stairs":13,"minecraft:stone_bricks":314,"minecraft:furnace":1,"minecraft:egg":2,"minecraft:cooked_beef":3,"minecraft:cooked_mutton":3,"minecraft:stone_pickaxe":344,"minecraft:oak_planks":113,"minecraft:orange_tulip":17,"minecraft:blue_bed":2,"minecraft:crafting_table":2,"simplefarming:blackberries":5,"minecraft:white_bed":2,"minecraft:oak_log":115,"minecraft:apple":2,"minecraft:cornflower":3,"minecraft:oxeye_daisy":1,"minecraft:iron_pickaxe":18,"minecraft:stone_axe":22,"minecraft:cobblestone":3,"minecraft:glass_pane":114,"minecraft:oak_boat":9,"minecraft:dandelion":2},"minecraft:picked_up":{"minecraft:crafting_table":2,"minecraft:wheat":21,"minecraft:azure_bluet":2,"packedup:basicbackpack":2,"minecraft:stone_brick_stairs":1,"minecraft:shield":1,"minecraft:cornflower":6,"minecraft:cobbled_deepslate":130,"minecraft:oak_boat":8,"minecraft:sugar_cane":8,"simplefarming:barley_seeds":1,"minecraft:egg":8,"minecraft:iron_boots":1,"simplefarming:spinach_seeds":1,"minecraft:stick":48,"minecraft:raw_iron":63,"simplefarming:yam_seeds":1,"minecraft:torch":10,"simplefarming:raspberries":27,"immersive_armors:wither_leggings":1,"minecraft:diorite":1,"minecraft:arrow":1,"minecraft:rotten_flesh":4,"simplefarming:pepper_seeds":1,"minecraft:pumpkin_pie":1,"minecraft:red_tulip":16,"minecraft:cobblestone":73,"minecraft:oxeye_daisy":1,"minecraft:cooked_beef":6,"minecraft:tuff":30,"simplefarming:rye_seeds":1,"minecraft:oak_log":11,"jeg:scrap":6,"minecraft:gunpowder":13,"minecraft:blue_bed":1,"simplefarming:broccoli_seeds":1,"minecraft:lapis_lazuli":25,"minecraft:dirt":159,"minecraft:lantern":4,"minecraft:bone":2,"minecraft:stone_bricks":4,"minecraft:orange_tulip":17,"minecraft:wheat_seeds":23,"simplefarming:lettuce_seeds":1,"minecraft:stone_pickaxe":1,"minecraft:oak_planks":135,"minecraft:iron_sword":1,"simplefarming:corn_seeds":2,"minecraft:pumpkin":4,"minecraft:dandelion":2,"simplefarming:blueberries":9,"minecraft:white_bed":3,"minecraft:spider_eye":1,"simplefarming:blackberries":5,"minecraft:diamond":3,"immersive_armors:wooden_chestplate":1,"minecraft:iron_helmet":1,"minecraft:bread":2,"minecraft:emerald":3,"pfm:furniture_book":1,"minecraft:coal":204},"minecraft:broken":{"minecraft:stone_pickaxe":2},"minecraft:crafted":{"minecraft:oak_door":3,"minecraft:oak_planks":180,"minecraft:furnace":1,"minecraft:stone":325,"minecraft:glass_pane":128,"minecraft:glass":72,"minecraft:stone_brick_slab":6,"minecraft:iron_boots":1,"minecraft:iron_axe":1,"minecraft:stone_pickaxe":3,"minecraft:chest":8,"minecraft:stone_bricks":17,"minecraft:crafting_table":1,"minecraft:iron_helmet":1,"minecraft:iron_sword":1,"minecraft:blue_bed":1,"minecraft:stone_axe":1,"minecraft:air":0,"minecraft:blue_dye":1,"minecraft:oak_boat":1,"minecraft:stone_brick_stairs":12,"minecraft:iron_chestplate":1,"minecraft:charcoal":19,"minecraft:stick":36,"minecraft:iron_ingot":50,"minecraft:iron_pickaxe":4,"minecraft:stone_sword":1,"minecraft:iron_leggings":1,"minecraft:torch":100},"minecraft:killed":{"minecraft:pillager":1,"minecraft:zombie":1},"minecraft:mined":{"minecraft:white_bed":3,"minecraft:deepslate_diamond_ore":3,"minecraft:grass_block":133,"minecraft:oxeye_daisy":1,"minecraft:iron_ore":48,"minecraft:pumpkin":4,"minecraft:deepslate_lapis_ore":4,"minecraft:azure_bluet":2,"minecraft:red_tulip":16,"minecraft:deepslate_iron_ore":6,"minecraft:lantern":4,"minecraft:stone":65,"simplefarming:fruit_log":1,"jeg:scrap_ore":1,"minecraft:glass_pane":26,"minecraft:dandelion":2,"minecraft:powder_snow":1,"minecraft:cornflower":4,"minecraft:crafting_table":1,"minecraft:torch":1,"minecraft:emerald_ore":2,"minecraft:tall_grass":5,"minecraft:deepslate_coal_ore":2,"minecraft:oak_planks":7,"minecraft:sugar_cane":4,"minecraft:blue_bed":1,"minecraft:orange_tulip":17,"minecraft:stone_brick_stairs":1,"minecraft:grass":190,"minecraft:coal_ore":166,"minecraft:oak_log":11,"minecraft:dirt":26,"minecraft:stone_bricks":4,"minecraft:deepslate":1},"minecraft:dropped":{"simplefarming:raspberries":1}},"DataVersion":3337}