{"stats":{"minecraft:killed_by":{"minecraft:vindicator":1},"minecraft:custom":{"minecraft:mob_kills":5,"minecraft:interact_with_crafting_table":35,"minecraft:interact_with_campfire":2,"minecraft:leave_game":2,"minecraft:time_since_death":65932,"minecraft:climb_one_cm":1747,"minecraft:sprint_one_cm":437951,"minecraft:walk_one_cm":820820,"minecraft:fridge_opened":1,"minecraft:drop":1,"minecraft:chair_used":2,"minecraft:talked_to_villager":8,"minecraft:plate_used":1,"minecraft:play_time":255787,"minecraft:deaths":1,"minecraft:sneak_time":2575,"minecraft:walk_under_water_one_cm":92740,"minecraft:boat_one_cm":714288,"minecraft:jump":3260,"minecraft:drawer_searched":4,"minecraft:walk_on_water_one_cm":113405,"minecraft:total_world_time":255787,"minecraft:interact_with_furnace":102,"minecraft:stove_opened":1,"minecraft:interact_with_grindstone":1,"minecraft:interact_with_stonecutter":27,"minecraft:sleep_in_bed":2,"minecraft:cabinet_searched":1,"minecraft:time_since_rest":66113,"minecraft:damage_taken":1105,"minecraft:damage_dealt":1391,"minecraft:swim_one_cm":16,"minecraft:fly_one_cm":679328,"minecraft:open_chest":189,"minecraft:crouch_one_cm":5057,"minecraft:interact_with_smoker":1,"minecraft:fall_one_cm":64094},"minecraft:used":{"minecraft:stone_sword":29,"minecraft:stone_shovel":132,"minecraft:chest":8,"minecraft:iron_sword":57,"minecraft:cooked_salmon":6,"minecraft:oak_door":2,"minecraft:torch":25,"minecraft:dirt":157,"minecraft:carrot":6,"simplefarming:blueberries":9,"minecraft:azure_bluet":2,"simplefarming:raspberries":22,"minecraft:glass":24,"minecraft:stone_brick_slab":6,"minecraft:red_tulip":16,"minecraft:lantern":4,"minecraft:stone_brick_stairs":13,"minecraft:stone_bricks":314,"minecraft:furnace":1,"minecraft:egg":2,"minecraft:cooked_beef":5,"minecraft:cooked_mutton":3,"minecraft:stone_pickaxe":344,"minecraft:oak_planks":113,"minecraft:orange_tulip":17,"minecraft:sugar_cane":3,"minecraft:blue_bed":2,"minecraft:crafting_table":2,"minecraft:white_bed":2,"simplefarming:blackberries":5,"minecraft:oak_log":115,"minecraft:apple":3,"minecraft:cornflower":3,"minecraft:oxeye_daisy":1,"minecraft:iron_pickaxe":18,"minecraft:stone_axe":27,"minecraft:cobblestone":3,"minecraft:glass_pane":114,"minecraft:oak_boat":21,"minecraft:air":1,"minecraft:dandelion":2},"minecraft:picked_up":{"minecraft:crafting_table":2,"minecraft:iron_chestplate":1,"minecraft:wheat":21,"minecraft:azure_bluet":2,"packedup:basicbackpack":3,"minecraft:golden_shovel":1,"minecraft:stone_brick_stairs":1,"minecraft:shield":1,"minecraft:cornflower":6,"minecraft:iron_axe":1,"minecraft:cooked_salmon":7,"minecraft:flint_and_steel":1,"minecraft:iron_leggings":1,"minecraft:beetroot":3,"minecraft:gold_nugget":16,"minecraft:cobbled_deepslate":130,"minecraft:oak_boat":21,"minecraft:iron_nugget":11,"minecraft:iron_pickaxe":4,"minecraft:sugar_cane":32,"simplefarming:barley_seeds":1,"minecraft:egg":9,"minecraft:iron_boots":2,"simplefarming:spinach_seeds":1,"minecraft:stick":48,"minecraft:raw_iron":63,"minecraft:torch":86,"simplefarming:yam_seeds":1,"minecraft:fire_charge":1,"minecraft:porkchop":2,"simplefarming:raspberries":27,"immersive_armors:wither_leggings":1,"minecraft:diorite":1,"minecraft:carrot":1,"minecraft:rotten_flesh":4,"minecraft:stone_sword":1,"minecraft:arrow":20,"minecraft:stone_shovel":1,"simplefarming:pepper_seeds":1,"minecraft:pumpkin_pie":1,"minecraft:red_tulip":16,"minecraft:cobblestone":73,"minecraft:oxeye_daisy":1,"minecraft:cooked_beef":11,"minecraft:filled_map":2,"minecraft:flint":7,"minecraft:tuff":30,"simplefarming:rye_seeds":1,"minecraft:oak_log":11,"jeg:scrap":6,"minecraft:gunpowder":13,"simplefarming:broccoli_seeds":1,"minecraft:blue_bed":1,"minecraft:dirt":161,"minecraft:lapis_lazuli":25,"minecraft:lantern":4,"minecraft:bone":2,"minecraft:apple":1,"minecraft:stone_bricks":4,"minecraft:orange_tulip":17,"minecraft:wheat_seeds":23,"simplefarming:lettuce_seeds":1,"simplefarming:honeydew_seeds":1,"minecraft:stone_pickaxe":2,"simplefarming:tomato_seeds":1,"minecraft:iron_sword":3,"minecraft:oak_planks":135,"simplefarming:corn_seeds":2,"minecraft:cooked_porkchop":2,"minecraft:pumpkin":4,"minecraft:dandelion":2,"simplefarming:blueberries":15,"minecraft:ink_sac":3,"minecraft:white_bed":3,"minecraft:spider_eye":1,"simplefarming:blackberries":5,"minecraft:diamond":3,"minecraft:stone_axe":1,"immersive_armors:wooden_chestplate":1,"minecraft:iron_helmet":2,"minecraft:crossbow":1,"minecraft:emerald":4,"minecraft:golden_horse_armor":1,"minecraft:bread":2,"pfm:furniture_book":1,"minecraft:coal":204},"minecraft:broken":{"minecraft:stone_pickaxe":2},"minecraft:crafted":{"minecraft:oak_door":3,"minecraft:oak_planks":180,"minecraft:furnace":1,"minecraft:stone":325,"minecraft:glass_pane":128,"minecraft:glass":72,"minecraft:stone_brick_slab":6,"minecraft:iron_boots":1,"minecraft:iron_axe":1,"minecraft:stone_pickaxe":3,"minecraft:chest":8,"minecraft:stone_bricks":17,"minecraft:sugar":3,"minecraft:crafting_table":1,"minecraft:iron_helmet":1,"minecraft:iron_sword":1,"minecraft:blue_bed":1,"minecraft:stone_axe":1,"minecraft:bread":6,"minecraft:air":0,"minecraft:blue_dye":1,"minecraft:oak_boat":1,"minecraft:stone_brick_stairs":12,"minecraft:iron_chestplate":1,"minecraft:charcoal":19,"minecraft:stick":36,"minecraft:iron_ingot":51,"minecraft:iron_pickaxe":4,"minecraft:stone_sword":1,"minecraft:iron_leggings":1,"minecraft:gold_ingot":1,"minecraft:torch":100},"minecraft:killed":{"minecraft:pig":1,"minecraft:squid":1,"minecraft:pillager":2,"minecraft:zombie":1},"minecraft:mined":{"minecraft:white_bed":3,"minecraft:deepslate_diamond_ore":3,"minecraft:grass_block":133,"minecraft:oxeye_daisy":1,"minecraft:iron_ore":48,"minecraft:pumpkin":4,"minecraft:deepslate_lapis_ore":4,"minecraft:azure_bluet":2,"minecraft:red_tulip":16,"minecraft:deepslate_iron_ore":6,"minecraft:lantern":4,"minecraft:stone":65,"simplefarming:fruit_log":1,"jeg:scrap_ore":1,"minecraft:glass_pane":26,"minecraft:dandelion":2,"minecraft:powder_snow":1,"minecraft:crafting_table":1,"minecraft:cornflower":4,"minecraft:torch":1,"minecraft:emerald_ore":2,"minecraft:tall_grass":6,"minecraft:deepslate_coal_ore":2,"minecraft:sugar_cane":12,"minecraft:oak_planks":7,"minecraft:blue_bed":1,"minecraft:orange_tulip":17,"minecraft:stone_brick_stairs":1,"minecraft:grass":192,"minecraft:oak_log":11,"minecraft:coal_ore":166,"minecraft:dirt":26,"minecraft:stone_bricks":4,"minecraft:deepslate":1},"minecraft:dropped":{"simplefarming:raspberries":1}},"DataVersion":3337}