{"stats":{"minecraft:custom":{"minecraft:interact_with_furnace":95,"minecraft:mob_kills":1,"minecraft:interact_with_crafting_table":24,"minecraft:interact_with_stonecutter":27,"minecraft:interact_with_grindstone":1,"minecraft:leave_game":1,"minecraft:time_since_death":166839,"minecraft:sleep_in_bed":2,"minecraft:climb_one_cm":656,"minecraft:time_since_rest":45975,"minecraft:sprint_one_cm":286332,"minecraft:damage_taken":495,"minecraft:walk_one_cm":625653,"minecraft:drop":1,"minecraft:damage_dealt":439,"minecraft:swim_one_cm":16,"minecraft:fly_one_cm":479798,"minecraft:talked_to_villager":8,"minecraft:open_chest":126,"minecraft:play_time":166839,"minecraft:crouch_one_cm":5048,"minecraft:sneak_time":2309,"minecraft:walk_under_water_one_cm":37686,"minecraft:boat_one_cm":146980,"minecraft:jump":2256,"minecraft:interact_with_smoker":1,"minecraft:walk_on_water_one_cm":55335,"minecraft:total_world_time":166839,"minecraft:fall_one_cm":46199},"minecraft:picked_up":{"minecraft:crafting_table":2,"minecraft:wheat":21,"minecraft:azure_bluet":2,"minecraft:cooked_beef":6,"packedup:basicbackpack":2,"simplefarming:rye_seeds":1,"minecraft:tuff":30,"minecraft:stone_brick_stairs":1,"minecraft:oak_log":11,"jeg:scrap":6,"minecraft:shield":1,"minecraft:gunpowder":13,"simplefarming:broccoli_seeds":1,"minecraft:lapis_lazuli":25,"minecraft:dirt":158,"minecraft:cornflower":6,"minecraft:blue_bed":1,"minecraft:lantern":4,"minecraft:bone":2,"minecraft:stone_bricks":4,"minecraft:wheat_seeds":23,"minecraft:orange_tulip":17,"minecraft:cobbled_deepslate":129,"simplefarming:lettuce_seeds":1,"minecraft:stone_pickaxe":1,"minecraft:oak_boat":5,"minecraft:iron_sword":1,"simplefarming:barley_seeds":1,"minecraft:oak_planks":135,"simplefarming:spinach_seeds":1,"minecraft:iron_boots":1,"minecraft:egg":8,"minecraft:stick":48,"minecraft:raw_iron":61,"simplefarming:corn_seeds":2,"minecraft:pumpkin":4,"minecraft:torch":10,"simplefarming:yam_seeds":1,"minecraft:dandelion":2,"simplefarming:blueberries":9,"simplefarming:raspberries":27,"immersive_armors:wither_leggings":1,"minecraft:diorite":1,"minecraft:white_bed":3,"minecraft:spider_eye":1,"simplefarming:blackberries":5,"minecraft:arrow":1,"minecraft:rotten_flesh":4,"simplefarming:pepper_seeds":1,"minecraft:pumpkin_pie":1,"immersive_armors:wooden_chestplate":1,"minecraft:iron_helmet":1,"minecraft:red_tulip":16,"minecraft:emerald":1,"minecraft:bread":2,"pfm:furniture_book":1,"minecraft:coal":204,"minecraft:cobblestone":63,"minecraft:oxeye_daisy":1},"minecraft:used":{"minecraft:cooked_mutton":3,"minecraft:stone_sword":23,"minecraft:stone_shovel":132,"minecraft:stone_pickaxe":340,"minecraft:oak_planks":113,"minecraft:orange_tulip":17,"minecraft:chest":8,"minecraft:cooked_salmon":4,"minecraft:blue_bed":2,"minecraft:oak_door":2,"minecraft:torch":24,"minecraft:dirt":157,"minecraft:crafting_table":2,"minecraft:white_bed":2,"minecraft:carrot":4,"simplefarming:blueberries":3,"simplefarming:blackberries":5,"minecraft:azure_bluet":2,"simplefarming:raspberries":22,"minecraft:stone_brick_slab":6,"minecraft:oak_log":115,"minecraft:glass":24,"minecraft:cornflower":3,"minecraft:oxeye_daisy":1,"minecraft:red_tulip":16,"minecraft:lantern":4,"minecraft:stone_brick_stairs":13,"minecraft:stone_bricks":314,"minecraft:stone_axe":22,"minecraft:cobblestone":3,"minecraft:glass_pane":114,"minecraft:oak_boat":5,"minecraft:egg":2,"minecraft:cooked_beef":2,"minecraft:dandelion":2},"minecraft:crafted":{"minecraft:oak_door":3,"minecraft:oak_planks":180,"minecraft:crafting_table":1,"minecraft:iron_helmet":1,"minecraft:blue_bed":1,"minecraft:stone":325,"minecraft:stone_axe":1,"minecraft:air":0,"minecraft:glass_pane":128,"minecraft:blue_dye":1,"minecraft:glass":72,"minecraft:oak_boat":1,"minecraft:stone_brick_stairs":12,"minecraft:stone_brick_slab":6,"minecraft:iron_boots":1,"minecraft:iron_chestplate":1,"minecraft:charcoal":19,"minecraft:stick":12,"minecraft:iron_ingot":21,"minecraft:stone_pickaxe":3,"minecraft:stone_sword":1,"minecraft:chest":8,"minecraft:iron_leggings":1,"minecraft:torch":36,"minecraft:stone_bricks":17},"minecraft:broken":{"minecraft:stone_pickaxe":2},"minecraft:killed":{"minecraft:pillager":1,"minecraft:zombie":1},"minecraft:mined":{"minecraft:white_bed":3,"minecraft:glass_pane":26,"jeg:scrap_ore":1,"minecraft:powder_snow":1,"minecraft:dandelion":2,"minecraft:crafting_table":1,"minecraft:cornflower":4,"minecraft:torch":1,"minecraft:grass_block":132,"minecraft:tall_grass":3,"minecraft:deepslate_coal_ore":2,"minecraft:oak_planks":7,"minecraft:oxeye_daisy":1,"minecraft:blue_bed":1,"minecraft:iron_ore":46,"minecraft:pumpkin":4,"minecraft:orange_tulip":17,"minecraft:deepslate_lapis_ore":4,"minecraft:stone_brick_stairs":1,"minecraft:azure_bluet":2,"minecraft:grass":189,"minecraft:red_tulip":16,"minecraft:oak_log":11,"minecraft:coal_ore":166,"minecraft:deepslate_iron_ore":6,"minecraft:lantern":4,"minecraft:dirt":26,"minecraft:stone":54,"minecraft:stone_bricks":4,"simplefarming:fruit_log":1},"minecraft:dropped":{"simplefarming:raspberries":1}},"DataVersion":3337}