{"stats":{"minecraft:custom":{"minecraft:interact_with_furnace":15,"minecraft:interact_with_crafting_table":3,"minecraft:interact_with_grindstone":1,"minecraft:interact_with_stonecutter":5,"minecraft:time_since_death":35438,"minecraft:sleep_in_bed":1,"minecraft:time_since_rest":9847,"minecraft:sprint_one_cm":90724,"minecraft:damage_taken":30,"minecraft:walk_one_cm":191432,"minecraft:drop":1,"minecraft:fly_one_cm":101838,"minecraft:open_chest":25,"minecraft:play_time":35438,"minecraft:walk_under_water_one_cm":6697,"minecraft:jump":441,"minecraft:walk_on_water_one_cm":18453,"minecraft:total_world_time":35438,"minecraft:fall_one_cm":9664},"minecraft:used":{"minecraft:stone_shovel":122,"minecraft:blue_bed":1,"minecraft:dirt":118,"minecraft:white_bed":2,"simplefarming:blackberries":5,"simplefarming:blueberries":1,"simplefarming:raspberries":9},"minecraft:picked_up":{"minecraft:crafting_table":1,"minecraft:wheat":21,"minecraft:azure_bluet":2,"minecraft:cooked_beef":6,"packedup:basicbackpack":1,"minecraft:tuff":30,"simplefarming:rye_seeds":1,"jeg:scrap":4,"minecraft:shield":1,"minecraft:gunpowder":13,"simplefarming:broccoli_seeds":1,"minecraft:cornflower":6,"minecraft:dirt":119,"minecraft:blue_bed":1,"minecraft:bone":2,"minecraft:orange_tulip":17,"minecraft:wheat_seeds":19,"minecraft:cobbled_deepslate":129,"simplefarming:lettuce_seeds":1,"minecraft:stone_pickaxe":1,"minecraft:oak_planks":128,"simplefarming:barley_seeds":1,"minecraft:iron_sword":1,"minecraft:egg":4,"minecraft:iron_boots":1,"simplefarming:spinach_seeds":1,"minecraft:stick":48,"minecraft:raw_iron":9,"simplefarming:corn_seeds":2,"minecraft:torch":9,"simplefarming:yam_seeds":1,"minecraft:dandelion":2,"simplefarming:blueberries":1,"simplefarming:raspberries":23,"immersive_armors:wither_leggings":1,"minecraft:diorite":1,"minecraft:white_bed":3,"minecraft:spider_eye":1,"simplefarming:blackberries":5,"minecraft:rotten_flesh":3,"simplefarming:pepper_seeds":1,"minecraft:pumpkin_pie":1,"immersive_armors:wooden_chestplate":1,"minecraft:iron_helmet":1,"minecraft:red_tulip":16,"minecraft:bread":2,"pfm:furniture_book":1,"minecraft:coal":36,"minecraft:cobblestone":10,"minecraft:oxeye_daisy":1},"minecraft:crafted":{"minecraft:crafting_table":1,"minecraft:blue_bed":1,"minecraft:stone":12,"minecraft:air":0,"minecraft:blue_dye":1,"minecraft:glass":41,"minecraft:stick":8,"minecraft:stone_pickaxe":3,"minecraft:stone_sword":1},"minecraft:mined":{"minecraft:white_bed":3,"minecraft:dandelion":2,"minecraft:cornflower":4,"minecraft:grass_block":116,"minecraft:tall_grass":3,"minecraft:oxeye_daisy":1,"minecraft:blue_bed":1,"minecraft:orange_tulip":17,"minecraft:azure_bluet":2,"minecraft:grass":186,"minecraft:red_tulip":16,"minecraft:dirt":2,"simplefarming:fruit_log":1},"minecraft:dropped":{"simplefarming:raspberries":1}},"DataVersion":3337}