{"stats":{"minecraft:killed":{"minecraft:zombie":2},"minecraft:used":{"minecraft:iron_shovel":3,"minecraft:iron_axe":51,"minecraft:stone_pickaxe":23,"minecraft:iron_pickaxe":7,"minecraft:torch":1,"minecraft:spyglass":7,"minecraft:cobblestone":8,"minecraft:cooked_porkchop":4,"simplefarming:blueberries":3,"minecraft:egg":1,"minecraft:cobbled_deepslate":1,"minecraft:candle":4},"minecraft:dropped":{"minecraft:poppy":10,"simplefarming:blueberries":3,"simplefarming:rye_seeds":20,"minecraft:rotten_flesh":1,"pfm:furniture_book":1,"simplefarming:orange":2,"jeg:scrap":3},"minecraft:custom":{"minecraft:time_since_rest":27800,"minecraft:interact_with_furnace":10,"minecraft:sprint_one_cm":130517,"minecraft:damage_taken":215,"minecraft:walk_one_cm":71526,"minecraft:mob_kills":2,"minecraft:drop":9,"minecraft:damage_dealt":260,"minecraft:swim_one_cm":23903,"minecraft:interact_with_crafting_table":11,"minecraft:fly_one_cm":98278,"minecraft:open_barrel":6,"minecraft:open_chest":38,"minecraft:crouch_one_cm":676,"minecraft:play_time":27800,"minecraft:sneak_time":455,"minecraft:walk_under_water_one_cm":3851,"minecraft:jump":496,"minecraft:interact_with_stonecutter":1,"minecraft:leave_game":1,"minecraft:walk_on_water_one_cm":6326,"minecraft:time_since_death":27800,"minecraft:total_world_time":27800,"minecraft:interact_with_smoker":1,"minecraft:fall_one_cm":12837},"minecraft:crafted":{"minecraft:iron_boots":1,"minecraft:iron_chestplate":1,"minecraft:cooked_porkchop":7,"minecraft:iron_axe":1,"minecraft:stick":4,"minecraft:iron_ingot":2,"minecraft:iron_shovel":1,"minecraft:iron_leggings":1,"minecraft:air":0},"minecraft:picked_up":{"minecraft:raw_iron":9,"simplefarming:orange":2,"minecraft:torch":2,"simplefarming:blueberries":6,"simplefarming:rye_seeds":20,"jeg:scrap":3,"minecraft:spruce_log":50,"minecraft:dirt":3,"minecraft:rotten_flesh":1,"minecraft:candle":1,"minecraft:cobbled_deepslate":1,"minecraft:iron_ingot":56,"minecraft:poppy":10,"minecraft:cobblestone":7,"minecraft:egg":1},"minecraft:mined":{"jeg:scrap_ore":1,"minecraft:candle":1,"minecraft:spruce_log":50,"minecraft:grass_block":1,"minecraft:deepslate_iron_ore":9,"minecraft:dirt":3,"minecraft:stone":7,"minecraft:wall_torch":1,"minecraft:deepslate":1}},"DataVersion":3337}