{"stats":{"minecraft:custom":{"minecraft:time_since_rest":31915,"minecraft:interact_with_furnace":10,"minecraft:sprint_one_cm":112989,"minecraft:damage_taken":645,"minecraft:walk_one_cm":80832,"minecraft:mob_kills":23,"minecraft:damage_dealt":2597,"minecraft:interact_with_crafting_table":1,"minecraft:swim_one_cm":33683,"minecraft:fly_one_cm":120828,"minecraft:open_chest":34,"minecraft:crouch_one_cm":4056,"minecraft:play_time":31915,"minecraft:sneak_time":1232,"minecraft:walk_under_water_one_cm":1689,"minecraft:jump":721,"minecraft:leave_game":1,"minecraft:time_since_death":31915,"minecraft:walk_on_water_one_cm":12957,"minecraft:total_world_time":31915,"minecraft:fall_one_cm":16162},"minecraft:used":{"minecraft:diorite":1,"minecraft:stone_pickaxe":105,"minecraft:torch":40,"minecraft:stone_axe":176,"minecraft:dirt":4,"minecraft:cobblestone":7,"minecraft:oak_sapling":15,"minecraft:egg":1,"minecraft:cooked_beef":9,"minecraft:cobbled_deepslate":33,"minecraft:granite":19},"minecraft:picked_up":{"minecraft:stick":31,"minecraft:raw_iron":10,"minecraft:cooked_beef":10,"minecraft:salmon":8,"minecraft:torch":40,"minecraft:oak_log":119,"jeg:scrap":15,"minecraft:diorite":1,"minecraft:gunpowder":1,"minecraft:spider_eye":1,"minecraft:lapis_lazuli":46,"minecraft:dirt":4,"minecraft:string":1,"minecraft:raw_copper":8,"minecraft:apple":8,"minecraft:arrow":3,"minecraft:bone":8,"minecraft:rotten_flesh":3,"minecraft:stone_axe":1,"minecraft:bow":1,"minecraft:wheat_seeds":3,"minecraft:cobbled_deepslate":33,"minecraft:stone_pickaxe":2,"minecraft:granite":19,"minecraft:bone_meal":1,"minecraft:oak_sapling":43,"jeg:tech_trash":3,"minecraft:coal":16,"minecraft:cobblestone":7,"minecraft:egg":1},"minecraft:broken":{"minecraft:stone_axe":1},"minecraft:crafted":{"minecraft:stone_axe":2},"minecraft:mined":{"jeg:deepslate_scrap_ore":9,"minecraft:oak_sapling":1,"minecraft:cobbled_deepslate":2,"minecraft:deepslate_lapis_ore":7,"minecraft:granite":19,"minecraft:oak_log":119,"minecraft:grass":5,"minecraft:grass_block":2,"minecraft:coal_ore":16,"minecraft:deepslate_iron_ore":10,"minecraft:dirt":2,"minecraft:copper_ore":2,"minecraft:cobblestone":1,"minecraft:stone":6,"minecraft:diorite":1,"minecraft:oak_leaves":2,"minecraft:deepslate":31},"minecraft:killed":{"minecraft:skeleton":5,"minecraft:zombie":5,"minecraft:salmon":9,"minecraft:spider":1,"minecraft:creeper":2}},"DataVersion":3337}