{"stats":{"minecraft:custom":{"minecraft:time_since_rest":6756,"minecraft:open_chest":12,"minecraft:crouch_one_cm":762,"minecraft:play_time":6756,"minecraft:interact_with_furnace":1,"minecraft:sprint_one_cm":27603,"minecraft:damage_taken":20,"minecraft:walk_one_cm":14328,"minecraft:sneak_time":116,"minecraft:walk_under_water_one_cm":831,"minecraft:mob_kills":2,"minecraft:jump":183,"minecraft:damage_dealt":60,"minecraft:time_since_death":6756,"minecraft:walk_on_water_one_cm":3646,"minecraft:total_world_time":6756,"minecraft:swim_one_cm":10441,"minecraft:fall_one_cm":6163,"minecraft:fly_one_cm":54831},"minecraft:picked_up":{"minecraft:cooked_beef":10,"minecraft:salmon":2,"minecraft:stone_axe":1,"minecraft:stone_pickaxe":1,"minecraft:egg":1},"minecraft:used":{"minecraft:stone_axe":2,"minecraft:egg":1,"minecraft:cooked_beef":2},"minecraft:killed":{"minecraft:salmon":2},"minecraft:mined":{"minecraft:grass":5}},"DataVersion":3337}